stt,nguon_stt,ten_khoa_hoc,ten_chat,ma_cas,ma_cas_tach,cas_bat_thuong,cong_thuc_hoa_hoc,nhom_hoa_chat,nguong_khoi_luong_tan,nhom_lon,nhom,phu_luc,muc,ten_danh_muc
1,số tự động Word,"1,3-Butadiene","1,3-Butadien",106-99-0,106-99-0,,C4H6,,,,,I,,DANH MỤC HOÁ CHẤT CƠ BẢN THUỘC LĨNH VỰC CÔNG NGHIỆP HOÁ CHẤT TRỌNG ĐIỂM
2,số tự động Word,Ethanoic acid,Axit Axetic (GAA),64-19-7,64-19-7,,C2H4O2,,,,,I,,DANH MỤC HOÁ CHẤT CƠ BẢN THUỘC LĨNH VỰC CÔNG NGHIỆP HOÁ CHẤT TRỌNG ĐIỂM
3,số tự động Word,Acrylonitrile,Acrylonitrile,107-13-1,107-13-1,,C3H3N,,,,,I,,DANH MỤC HOÁ CHẤT CƠ BẢN THUỘC LĨNH VỰC CÔNG NGHIỆP HOÁ CHẤT TRỌNG ĐIỂM
4,số tự động Word,Ammonia (anhydrous),Amoniac (khan),7664-41-7,7664-41-7,,NH3,,,,,I,,DANH MỤC HOÁ CHẤT CƠ BẢN THUỘC LĨNH VỰC CÔNG NGHIỆP HOÁ CHẤT TRỌNG ĐIỂM
5,số tự động Word,Argon,Argon,7440-37-1,7440-37-1,,Ar,,,,,I,,DANH MỤC HOÁ CHẤT CƠ BẢN THUỘC LĨNH VỰC CÔNG NGHIỆP HOÁ CHẤT TRỌNG ĐIỂM
6,số tự động Word,Hydrochloric acid,Axit Hydrochloric,7647-01-0,7647-01-0,,HCl,,,,,I,,DANH MỤC HOÁ CHẤT CƠ BẢN THUỘC LĨNH VỰC CÔNG NGHIỆP HOÁ CHẤT TRỌNG ĐIỂM
7,số tự động Word,Nitric acid,Axit nitric,7697-37-2,7697-37-2,,HNO3,,,,,I,,DANH MỤC HOÁ CHẤT CƠ BẢN THUỘC LĨNH VỰC CÔNG NGHIỆP HOÁ CHẤT TRỌNG ĐIỂM
8,số tự động Word,Phosphoric acid,Axit photphoric,7664-38-2,7664-38-2,,H3PO4,,,,,I,,DANH MỤC HOÁ CHẤT CƠ BẢN THUỘC LĨNH VỰC CÔNG NGHIỆP HOÁ CHẤT TRỌNG ĐIỂM
9,số tự động Word,Sulfuric acid,Axit Sulfuric,7664-93-9,7664-93-9,,H2SO4,,,,,I,,DANH MỤC HOÁ CHẤT CƠ BẢN THUỘC LĨNH VỰC CÔNG NGHIỆP HOÁ CHẤT TRỌNG ĐIỂM
10,số tự động Word,Benzene,Benzen,71-43-2,71-43-2,,C6H6,,,,,I,,DANH MỤC HOÁ CHẤT CƠ BẢN THUỘC LĨNH VỰC CÔNG NGHIỆP HOÁ CHẤT TRỌNG ĐIỂM
11,số tự động Word,1-Buten,1-Butene,106-98-9,106-98-9,,C4H8,,,,,I,,DANH MỤC HOÁ CHẤT CƠ BẢN THUỘC LĨNH VỰC CÔNG NGHIỆP HOÁ CHẤT TRỌNG ĐIỂM
12,số tự động Word,"Diisocyanate (TDI, MDI, HDI…)","Diisocyanate (TDI, MDI, HDI…)",---,,,---,,,,,I,,DANH MỤC HOÁ CHẤT CƠ BẢN THUỘC LĨNH VỰC CÔNG NGHIỆP HOÁ CHẤT TRỌNG ĐIỂM
13,số tự động Word,Ethanol,Etanol,64-17-5,64-17-5,,C2H6O,,,,,I,,DANH MỤC HOÁ CHẤT CƠ BẢN THUỘC LĨNH VỰC CÔNG NGHIỆP HOÁ CHẤT TRỌNG ĐIỂM
14,số tự động Word,Ethylene glycol,Ethylene glycol,107-21-1,107-21-1,,C2H6O2,,,,,I,,DANH MỤC HOÁ CHẤT CƠ BẢN THUỘC LĨNH VỰC CÔNG NGHIỆP HOÁ CHẤT TRỌNG ĐIỂM
15,số tự động Word,Ethylene,Etylen,74-85-1,74-85-1,,C2H4,,,,,I,,DANH MỤC HOÁ CHẤT CƠ BẢN THUỘC LĨNH VỰC CÔNG NGHIỆP HOÁ CHẤT TRỌNG ĐIỂM
16,số tự động Word,Ethylene oxide,Etylen oxit,75-21-8,75-21-8,,C2H4O,,,,,I,,DANH MỤC HOÁ CHẤT CƠ BẢN THUỘC LĨNH VỰC CÔNG NGHIỆP HOÁ CHẤT TRỌNG ĐIỂM
17,số tự động Word,Hydrogen fluoride,Hydro florua,7664-39-3,7664-39-3,,HF,,,,,I,,DANH MỤC HOÁ CHẤT CƠ BẢN THUỘC LĨNH VỰC CÔNG NGHIỆP HOÁ CHẤT TRỌNG ĐIỂM
18,số tự động Word,Hydrogen peroxide,Hydro peroxit,7722-84-1,7722-84-1,,H2O2,,,,,I,,DANH MỤC HOÁ CHẤT CƠ BẢN THUỘC LĨNH VỰC CÔNG NGHIỆP HOÁ CHẤT TRỌNG ĐIỂM
19,số tự động Word,Isopropyl alcohol,Isopropanol,67-63-0,67-63-0,,C3H8O,,,,,I,,DANH MỤC HOÁ CHẤT CƠ BẢN THUỘC LĨNH VỰC CÔNG NGHIỆP HOÁ CHẤT TRỌNG ĐIỂM
20,số tự động Word,Manganese sulfate,Mangan Sunphat,7785-87-7,7785-87-7,,MnSO4,,,,,I,,DANH MỤC HOÁ CHẤT CƠ BẢN THUỘC LĨNH VỰC CÔNG NGHIỆP HOÁ CHẤT TRỌNG ĐIỂM
21,số tự động Word,Methanol,Metanol,67-56-1,67-56-1,,CH4O,,,,,I,,DANH MỤC HOÁ CHẤT CƠ BẢN THUỘC LĨNH VỰC CÔNG NGHIỆP HOÁ CHẤT TRỌNG ĐIỂM
22,số tự động Word,2-Butanone,Methyl ethyl ketone (MEK),78-93-3,78-93-3,,C4H8O,,,,,I,,DANH MỤC HOÁ CHẤT CƠ BẢN THUỘC LĨNH VỰC CÔNG NGHIỆP HOÁ CHẤT TRỌNG ĐIỂM
23,số tự động Word,Sodium Bicarbonate,Natri bicarbonat,144-55-8,144-55-8,,CHNaO₃,,,,,I,,DANH MỤC HOÁ CHẤT CƠ BẢN THUỘC LĨNH VỰC CÔNG NGHIỆP HOÁ CHẤT TRỌNG ĐIỂM
24,số tự động Word,Sodium hydroxide,Natri hydroxit,1310-73-2,1310-73-2,,NaOH,,,,,I,,DANH MỤC HOÁ CHẤT CƠ BẢN THUỘC LĨNH VỰC CÔNG NGHIỆP HOÁ CHẤT TRỌNG ĐIỂM
25,số tự động Word,n-Butanol,n-Butanol,71-36-3,71-36-3,,C4H10O,,,,,I,,DANH MỤC HOÁ CHẤT CƠ BẢN THUỘC LĨNH VỰC CÔNG NGHIỆP HOÁ CHẤT TRỌNG ĐIỂM
26,số tự động Word,Nitrogen,Nitơ,7727-37-9,7727-37-9,,N2,,,,,I,,DANH MỤC HOÁ CHẤT CƠ BẢN THUỘC LĨNH VỰC CÔNG NGHIỆP HOÁ CHẤT TRỌNG ĐIỂM
27,số tự động Word,Oxygen,Oxy,7782-44-7,7782-44-7,,O2,,,,,I,,DANH MỤC HOÁ CHẤT CƠ BẢN THUỘC LĨNH VỰC CÔNG NGHIỆP HOÁ CHẤT TRỌNG ĐIỂM
28,số tự động Word,Phenol,Phenol,108-95-2,108-95-2,,C6H6O,,,,,I,,DANH MỤC HOÁ CHẤT CƠ BẢN THUỘC LĨNH VỰC CÔNG NGHIỆP HOÁ CHẤT TRỌNG ĐIỂM
29,số tự động Word,Phosphorus trihydride (phosphine),Photpho trihydrua (photphin),7803-51-2,7803-51-2,,PH3,,,,,I,,DANH MỤC HOÁ CHẤT CƠ BẢN THUỘC LĨNH VỰC CÔNG NGHIỆP HOÁ CHẤT TRỌNG ĐIỂM
30,số tự động Word,Phosphorus pentachloride,Phosphorus pentachloride,10026-13-8,10026-13-8,,PCl5,,,,,I,,DANH MỤC HOÁ CHẤT CƠ BẢN THUỘC LĨNH VỰC CÔNG NGHIỆP HOÁ CHẤT TRỌNG ĐIỂM
31,số tự động Word,1-Propene,Propylen,115-07-1,115-07-1,,C3H6,,,,,I,,DANH MỤC HOÁ CHẤT CƠ BẢN THUỘC LĨNH VỰC CÔNG NGHIỆP HOÁ CHẤT TRỌNG ĐIỂM
32,số tự động Word,Silane,Silan,7803-62-5,7803-62-5,,SiH4,,,,,I,,DANH MỤC HOÁ CHẤT CƠ BẢN THUỘC LĨNH VỰC CÔNG NGHIỆP HOÁ CHẤT TRỌNG ĐIỂM
33,số tự động Word,Titanium dioxide,Titan dioxit,13463-67-7,13463-67-7,,TiO2,,,,,I,,DANH MỤC HOÁ CHẤT CƠ BẢN THUỘC LĨNH VỰC CÔNG NGHIỆP HOÁ CHẤT TRỌNG ĐIỂM
34,số tự động Word,Methyl benzene,Toluene,108-88-3,108-88-3,,C7H8,,,,,I,,DANH MỤC HOÁ CHẤT CƠ BẢN THUỘC LĨNH VỰC CÔNG NGHIỆP HOÁ CHẤT TRỌNG ĐIỂM
35,số tự động Word,Triethanolamine,Triethanol amine,102-71-6,102-71-6,,C6H15NO3,,,,,I,,DANH MỤC HOÁ CHẤT CƠ BẢN THUỘC LĨNH VỰC CÔNG NGHIỆP HOÁ CHẤT TRỌNG ĐIỂM
36,số tự động Word,Vinyl benzene (styrene),Vinyl benzen,100-42-5,100-42-5,,C8H8,,,,,I,,DANH MỤC HOÁ CHẤT CƠ BẢN THUỘC LĨNH VỰC CÔNG NGHIỆP HOÁ CHẤT TRỌNG ĐIỂM
37,số tự động Word,Vinyl chloride,Vinyl clorua,75-01-4,75-01-4,,C2H3Cl,,,,,I,,DANH MỤC HOÁ CHẤT CƠ BẢN THUỘC LĨNH VỰC CÔNG NGHIỆP HOÁ CHẤT TRỌNG ĐIỂM
38,số tự động Word,Cyclohexane,Xyclohexan,110-82-7,110-82-7,,C6H12,,,,,I,,DANH MỤC HOÁ CHẤT CƠ BẢN THUỘC LĨNH VỰC CÔNG NGHIỆP HOÁ CHẤT TRỌNG ĐIỂM
39,số tự động Word,Xylene,Xylen,1330-20-7,1330-20-7,,C8H10,,,,,I,,DANH MỤC HOÁ CHẤT CƠ BẢN THUỘC LĨNH VỰC CÔNG NGHIỆP HOÁ CHẤT TRỌNG ĐIỂM
1,số tự động Word,Acetaldehyde,Axetandehit,75-07-0,75-07-0,,C2H4O,,,,,II,"1. Chất sản xuất, kinh doanh có điều kiện","DANH MỤC HÓA CHẤT SẢN XUẤT, KINH DOANH CÓ ĐIỀU KIỆN"
2,số tự động Word,Acetaldehyde oxime,Axetandehit oxim,107-29-9,107-29-9,,C2H5NO,,,,,II,"1. Chất sản xuất, kinh doanh có điều kiện","DANH MỤC HÓA CHẤT SẢN XUẤT, KINH DOANH CÓ ĐIỀU KIỆN"
3,số tự động Word,Acetonitrile,Axetonitril,75-05-8,75-05-8,,C2H3N,,,,,II,"1. Chất sản xuất, kinh doanh có điều kiện","DANH MỤC HÓA CHẤT SẢN XUẤT, KINH DOANH CÓ ĐIỀU KIỆN"
4,số tự động Word,Acetyl iodide,Iot axetyl,507-02-8,507-02-8,,C2H3IO,,,,,II,"1. Chất sản xuất, kinh doanh có điều kiện","DANH MỤC HÓA CHẤT SẢN XUẤT, KINH DOANH CÓ ĐIỀU KIỆN"
5,số tự động Word,Acetylene,Axetylen,74-86-2,74-86-2,,C2H2,,,,,II,"1. Chất sản xuất, kinh doanh có điều kiện","DANH MỤC HÓA CHẤT SẢN XUẤT, KINH DOANH CÓ ĐIỀU KIỆN"
6,số tự động Word,2-Acetyloxy benzoic acid,Axit 2-axetyloxy benzoic,50-78-2,50-78-2,,C9H8O4,,,,,II,"1. Chất sản xuất, kinh doanh có điều kiện","DANH MỤC HÓA CHẤT SẢN XUẤT, KINH DOANH CÓ ĐIỀU KIỆN"
7,số tự động Word,Acrylic acid,Axit acrylic,79-10-7,79-10-7,,C3H4O2,,,,,II,"1. Chất sản xuất, kinh doanh có điều kiện","DANH MỤC HÓA CHẤT SẢN XUẤT, KINH DOANH CÓ ĐIỀU KIỆN"
8,số tự động Word,Acrylonitrile,Acrylonitrile,107-13-1,107-13-1,,C3H3N,,,,,II,"1. Chất sản xuất, kinh doanh có điều kiện","DANH MỤC HÓA CHẤT SẢN XUẤT, KINH DOANH CÓ ĐIỀU KIỆN"
9,số tự động Word,Adiponitrile,Adiponitril,111-69-3,111-69-3,,C6H8N2,,,,,II,"1. Chất sản xuất, kinh doanh có điều kiện","DANH MỤC HÓA CHẤT SẢN XUẤT, KINH DOANH CÓ ĐIỀU KIỆN"
10,số tự động Word,Allyl acetate,Allyl axetat,591-87-7,591-87-7,,C5H8O2,,,,,II,"1. Chất sản xuất, kinh doanh có điều kiện","DANH MỤC HÓA CHẤT SẢN XUẤT, KINH DOANH CÓ ĐIỀU KIỆN"
11,số tự động Word,Allyl bromide,Allyl bromua,106-95-6,106-95-6,,C3H5Br,,,,,II,"1. Chất sản xuất, kinh doanh có điều kiện","DANH MỤC HÓA CHẤT SẢN XUẤT, KINH DOANH CÓ ĐIỀU KIỆN"
12,số tự động Word,Allyl chloride,Allyl chlorit,107-05-1,107-05-1,,C3H5Cl,,,,,II,"1. Chất sản xuất, kinh doanh có điều kiện","DANH MỤC HÓA CHẤT SẢN XUẤT, KINH DOANH CÓ ĐIỀU KIỆN"
13,số tự động Word,Allyl chloro formate,Allyl clo fomat,2937-50-0,2937-50-0,,C4H5ClO2,,,,,II,"1. Chất sản xuất, kinh doanh có điều kiện","DANH MỤC HÓA CHẤT SẢN XUẤT, KINH DOANH CÓ ĐIỀU KIỆN"
14,số tự động Word,Allyl ethyl ether,Allyl etyl ete,557-31-3,557-31-3,,C5H10O,,,,,II,"1. Chất sản xuất, kinh doanh có điều kiện","DANH MỤC HÓA CHẤT SẢN XUẤT, KINH DOANH CÓ ĐIỀU KIỆN"
15,số tự động Word,Allyl glycidyl ether,Allyl glycidyl ete,106-92-3,106-92-3,,C6H10O2,,,,,II,"1. Chất sản xuất, kinh doanh có điều kiện","DANH MỤC HÓA CHẤT SẢN XUẤT, KINH DOANH CÓ ĐIỀU KIỆN"
16,số tự động Word,Allyl isothio cyanate,Allyl isotioxyanat,57-06-7,57-06-7,,C4H5NS,,,,,II,"1. Chất sản xuất, kinh doanh có điều kiện","DANH MỤC HÓA CHẤT SẢN XUẤT, KINH DOANH CÓ ĐIỀU KIỆN"
17,số tự động Word,Allyl trichloro silane,Allyl triclo silan,107-37-9,107-37-9,,C3H5Cl3Si,,,,,II,"1. Chất sản xuất, kinh doanh có điều kiện","DANH MỤC HÓA CHẤT SẢN XUẤT, KINH DOANH CÓ ĐIỀU KIỆN"
18,số tự động Word,Aluminium carbide,Nhôm cacbua,1299-86-1,1299-86-1,,Al4C3,,,,,II,"1. Chất sản xuất, kinh doanh có điều kiện","DANH MỤC HÓA CHẤT SẢN XUẤT, KINH DOANH CÓ ĐIỀU KIỆN"
19,số tự động Word,Aluminium chloride,Nhôm clorua,7446-70-0,7446-70-0,,AlCl3,,,,,II,"1. Chất sản xuất, kinh doanh có điều kiện","DANH MỤC HÓA CHẤT SẢN XUẤT, KINH DOANH CÓ ĐIỀU KIỆN"
20,số tự động Word,Aluminium nitrate,Nhôm nitrat,13473-90-0,13473-90-0,,Al(NO3)3,,,,,II,"1. Chất sản xuất, kinh doanh có điều kiện","DANH MỤC HÓA CHẤT SẢN XUẤT, KINH DOANH CÓ ĐIỀU KIỆN"
21,số tự động Word,Aluminium powder,Bột nhôm,7429-90-5,7429-90-5,,Al,,,,,II,"1. Chất sản xuất, kinh doanh có điều kiện","DANH MỤC HÓA CHẤT SẢN XUẤT, KINH DOANH CÓ ĐIỀU KIỆN"
22,số tự động Word,Aluminium phosphide (AlP),Nhôm photphua,20859-73-8,20859-73-8,,AlP,,,,,II,"1. Chất sản xuất, kinh doanh có điều kiện","DANH MỤC HÓA CHẤT SẢN XUẤT, KINH DOANH CÓ ĐIỀU KIỆN"
23,số tự động Word,Amalgam,"Hỗn hống kim loại kiềm, kiềm thổ",---,,,---,,,,,II,"1. Chất sản xuất, kinh doanh có điều kiện","DANH MỤC HÓA CHẤT SẢN XUẤT, KINH DOANH CÓ ĐIỀU KIỆN"
24,số tự động Word,Ammonium perchlorate,Amoni perclorat,7790-98-9,7790-98-9,,NH4ClO4,,,,,II,"1. Chất sản xuất, kinh doanh có điều kiện","DANH MỤC HÓA CHẤT SẢN XUẤT, KINH DOANH CÓ ĐIỀU KIỆN"
25,số tự động Word,N-Amino ethyl piperazine,N-amino etyl piperazin,140-31-8,140-31-8,,C6H15N3,,,,,II,"1. Chất sản xuất, kinh doanh có điều kiện","DANH MỤC HÓA CHẤT SẢN XUẤT, KINH DOANH CÓ ĐIỀU KIỆN"
26,số tự động Word,2-Amino pyridine,2-Amino pyridin,504-29-0,504-29-0,,C5H6N2,,,,,II,"1. Chất sản xuất, kinh doanh có điều kiện","DANH MỤC HÓA CHẤT SẢN XUẤT, KINH DOANH CÓ ĐIỀU KIỆN"
27,số tự động Word,3-Amino pyridine,3-Amino pyridin,462-08-8,462-08-8,,C5H6N2,,,,,II,"1. Chất sản xuất, kinh doanh có điều kiện","DANH MỤC HÓA CHẤT SẢN XUẤT, KINH DOANH CÓ ĐIỀU KIỆN"
28,số tự động Word,4-Amino pyridine,4-Amino pyridin,504-24-5,504-24-5,,C5H6N2,,,,,II,"1. Chất sản xuất, kinh doanh có điều kiện","DANH MỤC HÓA CHẤT SẢN XUẤT, KINH DOANH CÓ ĐIỀU KIỆN"
29,số tự động Word,2-Amino-4-chlorophenol,2-Amino-4-clo phenol,95-85-2,95-85-2,,C6H6ClNO,,,,,II,"1. Chất sản xuất, kinh doanh có điều kiện","DANH MỤC HÓA CHẤT SẢN XUẤT, KINH DOANH CÓ ĐIỀU KIỆN"
30,số tự động Word,O-Aminoazo toluene,o-Aminoazo toluen,97-56-3,97-56-3,,C14H15N3,,,,,II,"1. Chất sản xuất, kinh doanh có điều kiện","DANH MỤC HÓA CHẤT SẢN XUẤT, KINH DOANH CÓ ĐIỀU KIỆN"
31,số tự động Word,4-Aminobiphenyl,4-Biphenyl amin,92-67-1,92-67-1,,C12H11N,,,,,II,"1. Chất sản xuất, kinh doanh có điều kiện","DANH MỤC HÓA CHẤT SẢN XUẤT, KINH DOANH CÓ ĐIỀU KIỆN"
32,số tự động Word,Aminocarb,Aminocarb,2032-59-9,2032-59-9,,C11H16 N2O2,,,,,II,"1. Chất sản xuất, kinh doanh có điều kiện","DANH MỤC HÓA CHẤT SẢN XUẤT, KINH DOANH CÓ ĐIỀU KIỆN"
33,số tự động Word,Bis(3-aminopropyl) amine,Bis(3-aminopropyl) amin,56-18-8,56-18-8,,C6H17N3,,,,,II,"1. Chất sản xuất, kinh doanh có điều kiện","DANH MỤC HÓA CHẤT SẢN XUẤT, KINH DOANH CÓ ĐIỀU KIỆN"
34,số tự động Word,Ammonia (anhydrous),Amoniac (khan),7664-41-7,7664-41-7,,NH3,,,,,II,"1. Chất sản xuất, kinh doanh có điều kiện","DANH MỤC HÓA CHẤT SẢN XUẤT, KINH DOANH CÓ ĐIỀU KIỆN"
35,số tự động Word,Ammonium hydrogen difluoride,Amon hydrodiflorua,1341-49-7,1341-49-7,,NH4HF2,,,,,II,"1. Chất sản xuất, kinh doanh có điều kiện","DANH MỤC HÓA CHẤT SẢN XUẤT, KINH DOANH CÓ ĐIỀU KIỆN"
36,số tự động Word,Ammonium persulfate,Amoni persunphat,7727-54-0,7727-54-0,,H8N2O8S2,,,,,II,"1. Chất sản xuất, kinh doanh có điều kiện","DANH MỤC HÓA CHẤT SẢN XUẤT, KINH DOANH CÓ ĐIỀU KIỆN"
37,số tự động Word,Ammonium sulfide,Amon sunfua,12135-76-1,12135-76-1,,(NH4)2S,,,,,II,"1. Chất sản xuất, kinh doanh có điều kiện","DANH MỤC HÓA CHẤT SẢN XUẤT, KINH DOANH CÓ ĐIỀU KIỆN"
38,số tự động Word,Amyl acetate,Amyl axetat,628-63-7,628-63-7,,C7H14O2,,,,,II,"1. Chất sản xuất, kinh doanh có điều kiện","DANH MỤC HÓA CHẤT SẢN XUẤT, KINH DOANH CÓ ĐIỀU KIỆN"
39,số tự động Word,Amyl butyrate,Amyl butyrat,106-27-4,106-27-4,,C9H18O2,,,,,II,"1. Chất sản xuất, kinh doanh có điều kiện","DANH MỤC HÓA CHẤT SẢN XUẤT, KINH DOANH CÓ ĐIỀU KIỆN"
40,số tự động Word,n-Amyl chloride,n-Amyl clo,543-59-9,543-59-9,,C5H11Cl,,,,,II,"1. Chất sản xuất, kinh doanh có điều kiện","DANH MỤC HÓA CHẤT SẢN XUẤT, KINH DOANH CÓ ĐIỀU KIỆN"
41,số tự động Word,Amyl formate,Amyl format,638-49-3,638-49-3,,C7H5Cl3,,,,,II,"1. Chất sản xuất, kinh doanh có điều kiện","DANH MỤC HÓA CHẤT SẢN XUẤT, KINH DOANH CÓ ĐIỀU KIỆN"
42,số tự động Word,Amyl mercaptan,Amyl mercaptan,110-66-7,110-66-7,,C5H12S,,,,,II,"1. Chất sản xuất, kinh doanh có điều kiện","DANH MỤC HÓA CHẤT SẢN XUẤT, KINH DOANH CÓ ĐIỀU KIỆN"
43,số tự động Word,Iso-Amyl nitrite,Iso-Amyl nitrite,110-46-3,110-46-3,,C5H11NO2,,,,,II,"1. Chất sản xuất, kinh doanh có điều kiện","DANH MỤC HÓA CHẤT SẢN XUẤT, KINH DOANH CÓ ĐIỀU KIỆN"
44,số tự động Word,Amyl trichloro silane,Amyl triclo silan,107-72-2,107-72-2,,C5H11Cl3Si,,,,,II,"1. Chất sản xuất, kinh doanh có điều kiện","DANH MỤC HÓA CHẤT SẢN XUẤT, KINH DOANH CÓ ĐIỀU KIỆN"
45,số tự động Word,Aniline,Anilin,62-53-3,62-53-3,,C6H7N,,,,,II,"1. Chất sản xuất, kinh doanh có điều kiện","DANH MỤC HÓA CHẤT SẢN XUẤT, KINH DOANH CÓ ĐIỀU KIỆN"
46,số tự động Word,Aniline hydrocloride,Anilin hydroclorit,142-04-1,142-04-1,,C6H8ClN,,,,,II,"1. Chất sản xuất, kinh doanh có điều kiện","DANH MỤC HÓA CHẤT SẢN XUẤT, KINH DOANH CÓ ĐIỀU KIỆN"
47,số tự động Word,o-Anisidine,o-Anisidin,90-04-0,90-04-0,,C7H9NO,,,,,II,"1. Chất sản xuất, kinh doanh có điều kiện","DANH MỤC HÓA CHẤT SẢN XUẤT, KINH DOANH CÓ ĐIỀU KIỆN"
48,số tự động Word,p-Anisidine (4-Methoxybenzenanime),p-Anisidin (4-Methoxy benzen anim),104-94-9,104-94-9,,C7H9NO,,,,,II,"1. Chất sản xuất, kinh doanh có điều kiện","DANH MỤC HÓA CHẤT SẢN XUẤT, KINH DOANH CÓ ĐIỀU KIỆN"
49,số tự động Word,Anisole (methoxybenzene),Anisol (methoxy benzen),100-66-3,100-66-3,,C7H8O,,,,,II,"1. Chất sản xuất, kinh doanh có điều kiện","DANH MỤC HÓA CHẤT SẢN XUẤT, KINH DOANH CÓ ĐIỀU KIỆN"
50,số tự động Word,Antimony trichloride,Antimonony clorua,10025-91-9,10025-91-9,,SbCl3,,,,,II,"1. Chất sản xuất, kinh doanh có điều kiện","DANH MỤC HÓA CHẤT SẢN XUẤT, KINH DOANH CÓ ĐIỀU KIỆN"
51,số tự động Word,"Anthracene-9,10-dione","Anthracen-9,10-dion",84-65-1,84-65-1,,C14H8O2,,,,,II,"1. Chất sản xuất, kinh doanh có điều kiện","DANH MỤC HÓA CHẤT SẢN XUẤT, KINH DOANH CÓ ĐIỀU KIỆN"
52,số tự động Word,Argon,Argon,7440-37-1,7440-37-1,,Ar,,,,,II,"1. Chất sản xuất, kinh doanh có điều kiện","DANH MỤC HÓA CHẤT SẢN XUẤT, KINH DOANH CÓ ĐIỀU KIỆN"
53,số tự động Word,Asbestos chrysotile,Amiăng trắng,12001-29-5,12001-29-5,,Mg3(Si2O5)(OH)4,,,,,II,"1. Chất sản xuất, kinh doanh có điều kiện","DANH MỤC HÓA CHẤT SẢN XUẤT, KINH DOANH CÓ ĐIỀU KIỆN"
54,số tự động Word,Atrazine,Atrazin,1912-24-9,1912-24-9,,C8H14ClN5,,,,,II,"1. Chất sản xuất, kinh doanh có điều kiện","DANH MỤC HÓA CHẤT SẢN XUẤT, KINH DOANH CÓ ĐIỀU KIỆN"
55,số tự động Word,Bari nitrate,Bari nitrat,10022-31-8,10022-31-8,,Ba(NO3)2,,,,,II,"1. Chất sản xuất, kinh doanh có điều kiện","DANH MỤC HÓA CHẤT SẢN XUẤT, KINH DOANH CÓ ĐIỀU KIỆN"
56,số tự động Word,Barium,Bari,7440-39-3,7440-39-3,,Ba,,,,,II,"1. Chất sản xuất, kinh doanh có điều kiện","DANH MỤC HÓA CHẤT SẢN XUẤT, KINH DOANH CÓ ĐIỀU KIỆN"
57,số tự động Word,Barium bromate,Bari bromic,13967-90-3,13967-90-3,,Ba(BrO3)2,,,,,II,"1. Chất sản xuất, kinh doanh có điều kiện","DANH MỤC HÓA CHẤT SẢN XUẤT, KINH DOANH CÓ ĐIỀU KIỆN"
58,số tự động Word,Barium chlorate,Bari clorat,13477-00-4,13477-00-4,,Ba(ClO3)2,,,,,II,"1. Chất sản xuất, kinh doanh có điều kiện","DANH MỤC HÓA CHẤT SẢN XUẤT, KINH DOANH CÓ ĐIỀU KIỆN"
59,số tự động Word,Barium hypochlorite,Bari hypoclorit,13477-10-6,13477-10-6,,Ba(ClHO)2,,,,,II,"1. Chất sản xuất, kinh doanh có điều kiện","DANH MỤC HÓA CHẤT SẢN XUẤT, KINH DOANH CÓ ĐIỀU KIỆN"
60,số tự động Word,Barium oxide,Bari oxit,1304-28-5,1304-28-5,,BaO,,,,,II,"1. Chất sản xuất, kinh doanh có điều kiện","DANH MỤC HÓA CHẤT SẢN XUẤT, KINH DOANH CÓ ĐIỀU KIỆN"
61,số tự động Word,Barium perchlorate,Bari perclorat,13465-95-7,13465-95-7,,Ba(ClO4)2,,,,,II,"1. Chất sản xuất, kinh doanh có điều kiện","DANH MỤC HÓA CHẤT SẢN XUẤT, KINH DOANH CÓ ĐIỀU KIỆN"
62,số tự động Word,Barium peroxide,Bari peroxit,1304-29-6,1304-29-6,,BaO2,,,,,II,"1. Chất sản xuất, kinh doanh có điều kiện","DANH MỤC HÓA CHẤT SẢN XUẤT, KINH DOANH CÓ ĐIỀU KIỆN"
63,số tự động Word,"1,4-Benzene diamine dihydrochloride","1,4-Benzen diamin dihydroclorit",624-18-0,624-18-0,,C6H10Cl2N2,,,,,II,"1. Chất sản xuất, kinh doanh có điều kiện","DANH MỤC HÓA CHẤT SẢN XUẤT, KINH DOANH CÓ ĐIỀU KIỆN"
64,số tự động Word,Benzene sulfonyl chloride,Benzen sunphonyl clorua,98-09-9,98-09-9,,C6H5ClO2S,,,,,II,"1. Chất sản xuất, kinh doanh có điều kiện","DANH MỤC HÓA CHẤT SẢN XUẤT, KINH DOANH CÓ ĐIỀU KIỆN"
65,số tự động Word,"1,2-Benzo quinone","1,2-Benzo quinon",583-63-1,583-63-1,,C6H4O2,,,,,II,"1. Chất sản xuất, kinh doanh có điều kiện","DANH MỤC HÓA CHẤT SẢN XUẤT, KINH DOANH CÓ ĐIỀU KIỆN"
66,số tự động Word,"1,4-benzo quinone (p-benzoquinone)","1,4-Benzo quinon",106-51-4,106-51-4,,C6H4O2,,,,,II,"1. Chất sản xuất, kinh doanh có điều kiện","DANH MỤC HÓA CHẤT SẢN XUẤT, KINH DOANH CÓ ĐIỀU KIỆN"
67,số tự động Word,Benzo trichloride,Benzo triclorua,98-07-7,98-07-7,,C7H5Cl3,,,,,II,"1. Chất sản xuất, kinh doanh có điều kiện","DANH MỤC HÓA CHẤT SẢN XUẤT, KINH DOANH CÓ ĐIỀU KIỆN"
68,số tự động Word,Benzo trifluoride (Trifluorotoluene),Benzo triflorua,98-08-8,98-08-8,,C7H5F3,,,,,II,"1. Chất sản xuất, kinh doanh có điều kiện","DANH MỤC HÓA CHẤT SẢN XUẤT, KINH DOANH CÓ ĐIỀU KIỆN"
69,số tự động Word,"Benz(a) anthracene (1,2-Benzoanthracene)","Benz(a) anthracen (1,2-Benzoanthracen)",56-55-3,56-55-3,,C18H12,,,,,II,"1. Chất sản xuất, kinh doanh có điều kiện","DANH MỤC HÓA CHẤT SẢN XUẤT, KINH DOANH CÓ ĐIỀU KIỆN"
70,số tự động Word,"Chrysen (1,2-benzophenanthrene)","Chrysen (1,2-benzophenanthren)",218-01-9,218-01-9,,C18H12,,,,,II,"1. Chất sản xuất, kinh doanh có điều kiện","DANH MỤC HÓA CHẤT SẢN XUẤT, KINH DOANH CÓ ĐIỀU KIỆN"
71,số tự động Word,Benzoyl chloride,Benzoyl clorua,98-88-4,98-88-4,,C7H5ClO,,,,,II,"1. Chất sản xuất, kinh doanh có điều kiện","DANH MỤC HÓA CHẤT SẢN XUẤT, KINH DOANH CÓ ĐIỀU KIỆN"
72,số tự động Word,Benzoyl peroxide,Benzoyl peroxit,94-36-0,94-36-0,,C14H10O4,,,,,II,"1. Chất sản xuất, kinh doanh có điều kiện","DANH MỤC HÓA CHẤT SẢN XUẤT, KINH DOANH CÓ ĐIỀU KIỆN"
73,số tự động Word,Bis(chloro methyl) ether,Bis(clo metyl) ete,542-88-1,542-88-1,,C2H4Cl2O,,,,,II,"1. Chất sản xuất, kinh doanh có điều kiện","DANH MỤC HÓA CHẤT SẢN XUẤT, KINH DOANH CÓ ĐIỀU KIỆN"
74,số tự động Word,Boron tribromide,Bo tribromua,10294-33-4,10294-33-4,,BBr3,,,,,II,"1. Chất sản xuất, kinh doanh có điều kiện","DANH MỤC HÓA CHẤT SẢN XUẤT, KINH DOANH CÓ ĐIỀU KIỆN"
75,số tự động Word,Boron trifluoride,Bo trifluorua,7637-07-2,7637-07-2,,BF3,,,,,II,"1. Chất sản xuất, kinh doanh có điều kiện","DANH MỤC HÓA CHẤT SẢN XUẤT, KINH DOANH CÓ ĐIỀU KIỆN"
76,số tự động Word,Boron trifluoride acetic acid,Axit bo triflo axetic,7578-36-1,7578-36-1,,C2H4BF3O2,,,,,II,"1. Chất sản xuất, kinh doanh có điều kiện","DANH MỤC HÓA CHẤT SẢN XUẤT, KINH DOANH CÓ ĐIỀU KIỆN"
77,số tự động Word,Boron trifluoride diethyl etherate,Bo triflo dietyl etherat,109-63-7,109-63-7,,C4H10BF3O,,,,,II,"1. Chất sản xuất, kinh doanh có điều kiện","DANH MỤC HÓA CHẤT SẢN XUẤT, KINH DOANH CÓ ĐIỀU KIỆN"
78,số tự động Word,Bromine monochloride,Brom clorua,13863-41-7,13863-41-7,,BrCl,,,,,II,"1. Chất sản xuất, kinh doanh có điều kiện","DANH MỤC HÓA CHẤT SẢN XUẤT, KINH DOANH CÓ ĐIỀU KIỆN"
79,số tự động Word,Bromo acetone,Brom axeton,598-31-2,598-31-2,,C3H5BrO,,,,,II,"1. Chất sản xuất, kinh doanh có điều kiện","DANH MỤC HÓA CHẤT SẢN XUẤT, KINH DOANH CÓ ĐIỀU KIỆN"
80,số tự động Word,1-Bromo butane,1-Brom butan,109-65-9,109-65-9,,C4H9Br,,,,,II,"1. Chất sản xuất, kinh doanh có điều kiện","DANH MỤC HÓA CHẤT SẢN XUẤT, KINH DOANH CÓ ĐIỀU KIỆN"
81,số tự động Word,2-Bromo butane,2-Brom butan,78-76-2,78-76-2,,C4H9Br,,,,,II,"1. Chất sản xuất, kinh doanh có điều kiện","DANH MỤC HÓA CHẤT SẢN XUẤT, KINH DOANH CÓ ĐIỀU KIỆN"
82,số tự động Word,Bromo chlorodifluoro methane,Clo diflo brom metan,353-59-3,353-59-3,,CF2ClBr,,,,,II,"1. Chất sản xuất, kinh doanh có điều kiện","DANH MỤC HÓA CHẤT SẢN XUẤT, KINH DOANH CÓ ĐIỀU KIỆN"
83,số tự động Word,4-Bromo-2-(4-chloro phenyl)-1-ethoxy methyl-5-trifluoro methyl-1H-pyrrole-3-carbonitrile,4-Brom-2-(4-clophenyl)-1-ethoxy metyl-5-triflo metyl-1H-pyrrole-3-cacbonitril,122453-73-0,122453-73-0,,C15H11BrClF3N2O,,,,,II,"1. Chất sản xuất, kinh doanh có điều kiện","DANH MỤC HÓA CHẤT SẢN XUẤT, KINH DOANH CÓ ĐIỀU KIỆN"
84,số tự động Word,"Ethane, 1 -bromo-2-ethoxy-",1-Bromo-2-ethoxy-etan,592-55-2,592-55-2,,C4H9BrO,,,,,II,"1. Chất sản xuất, kinh doanh có điều kiện","DANH MỤC HÓA CHẤT SẢN XUẤT, KINH DOANH CÓ ĐIỀU KIỆN"
85,số tự động Word,1-Bromo-2-methylpropane,1-Bromo-2-metyl propan,78-77-3,78-77-3,,C4H9Br,,,,,II,"1. Chất sản xuất, kinh doanh có điều kiện","DANH MỤC HÓA CHẤT SẢN XUẤT, KINH DOANH CÓ ĐIỀU KIỆN"
86,số tự động Word,2-Bromo-2-methylpropane,2-Bromo-2-metyl propan,507-19-7,507-19-7,,C4H9Br,,,,,II,"1. Chất sản xuất, kinh doanh có điều kiện","DANH MỤC HÓA CHẤT SẢN XUẤT, KINH DOANH CÓ ĐIỀU KIỆN"
87,số tự động Word,"2-Bromo-2-nitro-1,3-propanediol","2-Brom-2-nitro-1,3-propandiol",52-51-7,52-51-7,,C3H6BrNO4,,,,,II,"1. Chất sản xuất, kinh doanh có điều kiện","DANH MỤC HÓA CHẤT SẢN XUẤT, KINH DOANH CÓ ĐIỀU KIỆN"
88,số tự động Word,1-Bromo-3- methyl butane,1-Bromo-3-metyl butan,107-82-4,107-82-4,,C5H11Br,,,,,II,"1. Chất sản xuất, kinh doanh có điều kiện","DANH MỤC HÓA CHẤT SẢN XUẤT, KINH DOANH CÓ ĐIỀU KIỆN"
89,số tự động Word,Bromoacetic acid,Axit brom axetic,79-08-3,79-08-3,,C2H3BrO2,,,,,II,"1. Chất sản xuất, kinh doanh có điều kiện","DANH MỤC HÓA CHẤT SẢN XUẤT, KINH DOANH CÓ ĐIỀU KIỆN"
90,số tự động Word,Bromobenzene,Brom benzen,108-86-1,108-86-1,,C6H5Br,,,,,II,"1. Chất sản xuất, kinh doanh có điều kiện","DANH MỤC HÓA CHẤT SẢN XUẤT, KINH DOANH CÓ ĐIỀU KIỆN"
91,số tự động Word,Bromoethane,Etyl bromua,74-96-4,74-96-4,,C2H5Br,,,,,II,"1. Chất sản xuất, kinh doanh có điều kiện","DANH MỤC HÓA CHẤT SẢN XUẤT, KINH DOANH CÓ ĐIỀU KIỆN"
92,số tự động Word,Bromoform,Bromoform,75-25-2,75-25-2,,CHBr3,,,,,II,"1. Chất sản xuất, kinh doanh có điều kiện","DANH MỤC HÓA CHẤT SẢN XUẤT, KINH DOANH CÓ ĐIỀU KIỆN"
93,số tự động Word,Bromom ethane,Metyl bromit,74-83-9,74-83-9,,CH3Br,,,,,II,"1. Chất sản xuất, kinh doanh có điều kiện","DANH MỤC HÓA CHẤT SẢN XUẤT, KINH DOANH CÓ ĐIỀU KIỆN"
94,số tự động Word,2-Bromopentane,2-Brom-pentan,107-81-3,107-81-3,,C5H11Br,,,,,II,"1. Chất sản xuất, kinh doanh có điều kiện","DANH MỤC HÓA CHẤT SẢN XUẤT, KINH DOANH CÓ ĐIỀU KIỆN"
95,số tự động Word,2-Bromopropane,2- Brom propan,75-26-3,75-26-3,,C3H7Br,,,,,II,"1. Chất sản xuất, kinh doanh có điều kiện","DANH MỤC HÓA CHẤT SẢN XUẤT, KINH DOANH CÓ ĐIỀU KIỆN"
96,số tự động Word,3-Bromopropyne (Propargyl bromide),3-Brom propyn,106-96-7,106-96-7,,C3H3Br,,,,,II,"1. Chất sản xuất, kinh doanh có điều kiện","DANH MỤC HÓA CHẤT SẢN XUẤT, KINH DOANH CÓ ĐIỀU KIỆN"
97,số tự động Word,"1,3-Butadiene","1,3-Butadien",106-99-0,106-99-0,,C4H6,,,,,II,"1. Chất sản xuất, kinh doanh có điều kiện","DANH MỤC HÓA CHẤT SẢN XUẤT, KINH DOANH CÓ ĐIỀU KIỆN"
98,số tự động Word,"2,3-Butanedione (Diacetyl)","2,3-Butan dion (Diacetyl)",431-03-8,431-03-8,,C4H6O2,,,,,II,"1. Chất sản xuất, kinh doanh có điều kiện","DANH MỤC HÓA CHẤT SẢN XUẤT, KINH DOANH CÓ ĐIỀU KIỆN"
99,số tự động Word,n-Butanol,n-Butanol,71-36-3,71-36-3,,C4H10O,,,,,II,"1. Chất sản xuất, kinh doanh có điều kiện","DANH MỤC HÓA CHẤT SẢN XUẤT, KINH DOANH CÓ ĐIỀU KIỆN"
100,số tự động Word,sec-Butanol,sec-Butanol,78-92-2,78-92-2,,C4H10O,,,,,II,"1. Chất sản xuất, kinh doanh có điều kiện","DANH MỤC HÓA CHẤT SẢN XUẤT, KINH DOANH CÓ ĐIỀU KIỆN"
101,số tự động Word,tert-Butanol,Tert-butanol,75-65-0,75-65-0,,C4H10O,,,,,II,"1. Chất sản xuất, kinh doanh có điều kiện","DANH MỤC HÓA CHẤT SẢN XUẤT, KINH DOANH CÓ ĐIỀU KIỆN"
102,số tự động Word,Diketene (3-Butenoic acid),Diketen (3-Butenoic axit),674-82-8,674-82-8,,C4H4O2,,,,,II,"1. Chất sản xuất, kinh doanh có điều kiện","DANH MỤC HÓA CHẤT SẢN XUẤT, KINH DOANH CÓ ĐIỀU KIỆN"
103,số tự động Word,n-Butyl acetate,n-Butyl axetat,123-86-4,123-86-4,,C6H12O2,,,,,II,"1. Chất sản xuất, kinh doanh có điều kiện","DANH MỤC HÓA CHẤT SẢN XUẤT, KINH DOANH CÓ ĐIỀU KIỆN"
104,số tự động Word,Butyl acrylate,Butyl acrylat,141-32-2,141-32-2,,C7H12O2,,,,,II,"1. Chất sản xuất, kinh doanh có điều kiện","DANH MỤC HÓA CHẤT SẢN XUẤT, KINH DOANH CÓ ĐIỀU KIỆN"
105,số tự động Word,Butyl benzene,Butyl benzene,104-51-8,104-51-8,,C10H14,,,,,II,"1. Chất sản xuất, kinh doanh có điều kiện","DANH MỤC HÓA CHẤT SẢN XUẤT, KINH DOANH CÓ ĐIỀU KIỆN"
106,số tự động Word,N-Butyl chloroformate,N-butyl clo format,592-34-7,592-34-7,,C5H9ClO2,,,,,II,"1. Chất sản xuất, kinh doanh có điều kiện","DANH MỤC HÓA CHẤT SẢN XUẤT, KINH DOANH CÓ ĐIỀU KIỆN"
107,số tự động Word,Methyl tert-butyl ether,Metyl tert-butyl ete,1634-04-4,1634-04-4,,C5H12O,,,,,II,"1. Chất sản xuất, kinh doanh có điều kiện","DANH MỤC HÓA CHẤT SẢN XUẤT, KINH DOANH CÓ ĐIỀU KIỆN"
108,số tự động Word,N-Butyl formate,N-butyl format,592-84-7,592-84-7,,C5H10O2,,,,,II,"1. Chất sản xuất, kinh doanh có điều kiện","DANH MỤC HÓA CHẤT SẢN XUẤT, KINH DOANH CÓ ĐIỀU KIỆN"
109,số tự động Word,Tert-Butyl isocyanate,Tert-butyl isoxyanat,1609-86-5,1609-86-5,,C5H9NO,,,,,II,"1. Chất sản xuất, kinh doanh có điều kiện","DANH MỤC HÓA CHẤT SẢN XUẤT, KINH DOANH CÓ ĐIỀU KIỆN"
110,số tự động Word,Butyl mercaptan (Butanethiol),Butyl mercaptan (Butanethiol),109-79-5,109-79-5,,C4H10S,,,,,II,"1. Chất sản xuất, kinh doanh có điều kiện","DANH MỤC HÓA CHẤT SẢN XUẤT, KINH DOANH CÓ ĐIỀU KIỆN"
111,số tự động Word,N-Butyl methacrylate,N-butyl metacrylat,97-88-1,97-88-1,,C8H14O2,,,,,II,"1. Chất sản xuất, kinh doanh có điều kiện","DANH MỤC HÓA CHẤT SẢN XUẤT, KINH DOANH CÓ ĐIỀU KIỆN"
112,số tự động Word,Butyl methyl ether,Butyl metyl ete,628-28-4,628-28-4,,C5H12O,,,,,II,"1. Chất sản xuất, kinh doanh có điều kiện","DANH MỤC HÓA CHẤT SẢN XUẤT, KINH DOANH CÓ ĐIỀU KIỆN"
113,số tự động Word,Butyl nitrite,Butyl nitrit,544-16-1,544-16-1,,C4H9NO2,,,,,II,"1. Chất sản xuất, kinh doanh có điều kiện","DANH MỤC HÓA CHẤT SẢN XUẤT, KINH DOANH CÓ ĐIỀU KIỆN"
114,số tự động Word,Butyl propionate,Butyl propionat,590-01-2,590-01-2,,C7H14O2,,,,,II,"1. Chất sản xuất, kinh doanh có điều kiện","DANH MỤC HÓA CHẤT SẢN XUẤT, KINH DOANH CÓ ĐIỀU KIỆN"
115,số tự động Word,n-Butyl vinyl ether,n-Butyl vinyl ete,111-34-2,111-34-2,,C6H12O,,,,,II,"1. Chất sản xuất, kinh doanh có điều kiện","DANH MỤC HÓA CHẤT SẢN XUẤT, KINH DOANH CÓ ĐIỀU KIỆN"
116,số tự động Word,Tert-Butyl vinyl ether,Butyl vinyl ete,926-02-3,926-02-3,,C6H12O,,,,,II,"1. Chất sản xuất, kinh doanh có điều kiện","DANH MỤC HÓA CHẤT SẢN XUẤT, KINH DOANH CÓ ĐIỀU KIỆN"
117,số tự động Word,n-Butylamine,N-butylamin,109-73-9,109-73-9,,C4H11N,,,,,II,"1. Chất sản xuất, kinh doanh có điều kiện","DANH MỤC HÓA CHẤT SẢN XUẤT, KINH DOANH CÓ ĐIỀU KIỆN"
118,số tự động Word,n-Butylchloride,N- butyl clorua,109-69-3,109-69-3,,C4H9Cl,,,,,II,"1. Chất sản xuất, kinh doanh có điều kiện","DANH MỤC HÓA CHẤT SẢN XUẤT, KINH DOANH CÓ ĐIỀU KIỆN"
119,số tự động Word,Tert-Butylchloride,Tert-Butyl clorua,507-20-0,507-20-0,,C4H9Cl,,,,,II,"1. Chất sản xuất, kinh doanh có điều kiện","DANH MỤC HÓA CHẤT SẢN XUẤT, KINH DOANH CÓ ĐIỀU KIỆN"
120,số tự động Word,"1,2-Butylene oxide","1,2-Butylen oxit",106-88-7,106-88-7,,C4H8O,,,,,II,"1. Chất sản xuất, kinh doanh có điều kiện","DANH MỤC HÓA CHẤT SẢN XUẤT, KINH DOANH CÓ ĐIỀU KIỆN"
121,số tự động Word,n-Butyltrichlorosilane,n-Butyl triclo silan,7521-80-4,7521-80-4,,C4H9Cl3Si,,,,,II,"1. Chất sản xuất, kinh doanh có điều kiện","DANH MỤC HÓA CHẤT SẢN XUẤT, KINH DOANH CÓ ĐIỀU KIỆN"
122,số tự động Word,"1,4-Butynediol","1,4-Butyn diol",110-65-6,110-65-6,,C4H6O2,,,,,II,"1. Chất sản xuất, kinh doanh có điều kiện","DANH MỤC HÓA CHẤT SẢN XUẤT, KINH DOANH CÓ ĐIỀU KIỆN"
123,số tự động Word,Butyraldehyde,Butyraldehit,123-72-8,123-72-8,,C4H8O,,,,,II,"1. Chất sản xuất, kinh doanh có điều kiện","DANH MỤC HÓA CHẤT SẢN XUẤT, KINH DOANH CÓ ĐIỀU KIỆN"
124,số tự động Word,Methyl n-butyrate,Metyl butyrat,623-42-7,623-42-7,,C5H10O2,,,,,II,"1. Chất sản xuất, kinh doanh có điều kiện","DANH MỤC HÓA CHẤT SẢN XUẤT, KINH DOANH CÓ ĐIỀU KIỆN"
125,số tự động Word,Butyric acid,Axit butyric,107-92-6,107-92-6,,C4H8O2,,,,,II,"1. Chất sản xuất, kinh doanh có điều kiện","DANH MỤC HÓA CHẤT SẢN XUẤT, KINH DOANH CÓ ĐIỀU KIỆN"
126,số tự động Word,Butyric anhydride,Butyric anhydrit,106-31-0,106-31-0,,C8H14O3,,,,,II,"1. Chất sản xuất, kinh doanh có điều kiện","DANH MỤC HÓA CHẤT SẢN XUẤT, KINH DOANH CÓ ĐIỀU KIỆN"
127,số tự động Word,Butyronitrile,Butyronitril,109-74-0,109-74-0,,C4H7N,,,,,II,"1. Chất sản xuất, kinh doanh có điều kiện","DANH MỤC HÓA CHẤT SẢN XUẤT, KINH DOANH CÓ ĐIỀU KIỆN"
128,số tự động Word,Butyryl chloride,Butyryl clorua,141-75-3,141-75-3,,C4H7ClO,,,,,II,"1. Chất sản xuất, kinh doanh có điều kiện","DANH MỤC HÓA CHẤT SẢN XUẤT, KINH DOANH CÓ ĐIỀU KIỆN"
129,số tự động Word,Cadmium fluoro borate,Cadimi tetraflo borat,14486-19-2,14486-19-2,,Cd(BF4)2,,,,,II,"1. Chất sản xuất, kinh doanh có điều kiện","DANH MỤC HÓA CHẤT SẢN XUẤT, KINH DOANH CÓ ĐIỀU KIỆN"
130,số tự động Word,Cadmium selenide,Cadimi selenua,1306-24-7,1306-24-7,,CdSe,,,,,II,"1. Chất sản xuất, kinh doanh có điều kiện","DANH MỤC HÓA CHẤT SẢN XUẤT, KINH DOANH CÓ ĐIỀU KIỆN"
131,số tự động Word,Cadmium telluride,Cadmi tellurua,1306-25-8,1306-25-8,,CdTe,,,,,II,"1. Chất sản xuất, kinh doanh có điều kiện","DANH MỤC HÓA CHẤT SẢN XUẤT, KINH DOANH CÓ ĐIỀU KIỆN"
132,số tự động Word,Caesium nitrate,Ceri nitrat,7789-18-6,7789-18-6,,CsNO3,,,,,II,"1. Chất sản xuất, kinh doanh có điều kiện","DANH MỤC HÓA CHẤT SẢN XUẤT, KINH DOANH CÓ ĐIỀU KIỆN"
133,số tự động Word,Calcium,Canxi,7440-70-2,7440-70-2,,Ca,,,,,II,"1. Chất sản xuất, kinh doanh có điều kiện","DANH MỤC HÓA CHẤT SẢN XUẤT, KINH DOANH CÓ ĐIỀU KIỆN"
134,số tự động Word,Calcium carbide,Canxi cacbua,75-20-7,75-20-7,,CaC2,,,,,II,"1. Chất sản xuất, kinh doanh có điều kiện","DANH MỤC HÓA CHẤT SẢN XUẤT, KINH DOANH CÓ ĐIỀU KIỆN"
135,số tự động Word,Calcium chlorate,Canxi clorat,10037-74-3,10037-74-3,,Ca(ClO3)2,,,,,II,"1. Chất sản xuất, kinh doanh có điều kiện","DANH MỤC HÓA CHẤT SẢN XUẤT, KINH DOANH CÓ ĐIỀU KIỆN"
136,số tự động Word,Calcium hypochlorite,Canxi hypoclorua,7778-54-3,7778-54-3,,Ca(ClO)2,,,,,II,"1. Chất sản xuất, kinh doanh có điều kiện","DANH MỤC HÓA CHẤT SẢN XUẤT, KINH DOANH CÓ ĐIỀU KIỆN"
137,số tự động Word,Calcium nitrate,Canxi nitrat,10124-37-5,10124-37-5,,Ca(NO3)2,,,,,II,"1. Chất sản xuất, kinh doanh có điều kiện","DANH MỤC HÓA CHẤT SẢN XUẤT, KINH DOANH CÓ ĐIỀU KIỆN"
138,số tự động Word,Calcium perchlorate,Canxi perclorat,13477-36-6,13477-36-6,,Ca(ClO4)2,,,,,II,"1. Chất sản xuất, kinh doanh có điều kiện","DANH MỤC HÓA CHẤT SẢN XUẤT, KINH DOANH CÓ ĐIỀU KIỆN"
139,số tự động Word,Calcium peroxide,Canxi peroxit,1305-79-9,1305-79-9,,CaO2,,,,,II,"1. Chất sản xuất, kinh doanh có điều kiện","DANH MỤC HÓA CHẤT SẢN XUẤT, KINH DOANH CÓ ĐIỀU KIỆN"
140,số tự động Word,Calcium resinate,Canxi resinat,9007-13-0,9007-13-0,,C40H58CaO4,,,,,II,"1. Chất sản xuất, kinh doanh có điều kiện","DANH MỤC HÓA CHẤT SẢN XUẤT, KINH DOANH CÓ ĐIỀU KIỆN"
141,số tự động Word,Calcium silicide,Canxi silicua,12013-56-8,12013-56-8,,CaSi2,,,,,II,"1. Chất sản xuất, kinh doanh có điều kiện","DANH MỤC HÓA CHẤT SẢN XUẤT, KINH DOANH CÓ ĐIỀU KIỆN"
142,số tự động Word,Carbon tetrachloride,Carbon tetraclorit,56-23-5,56-23-5,,CCl4,,,,,II,"1. Chất sản xuất, kinh doanh có điều kiện","DANH MỤC HÓA CHẤT SẢN XUẤT, KINH DOANH CÓ ĐIỀU KIỆN"
143,số tự động Word,Carbonyl fluoride,Cacbonyl florua,353-50-4,353-50-4,,COF2,,,,,II,"1. Chất sản xuất, kinh doanh có điều kiện","DANH MỤC HÓA CHẤT SẢN XUẤT, KINH DOANH CÓ ĐIỀU KIỆN"
144,số tự động Word,Cerium,Xeri,7440-45-1,7440-45-1,,Ce,,,,,II,"1. Chất sản xuất, kinh doanh có điều kiện","DANH MỤC HÓA CHẤT SẢN XUẤT, KINH DOANH CÓ ĐIỀU KIỆN"
145,số tự động Word,Clopyralid,Clopyralit,1702-17-6,1702-17-6,,C6H3Cl2NO2,,,,,II,"1. Chất sản xuất, kinh doanh có điều kiện","DANH MỤC HÓA CHẤT SẢN XUẤT, KINH DOANH CÓ ĐIỀU KIỆN"
146,số tự động Word,Cobalt (II) naphthenate,Coban (II) naphthenat,61789-51-3,61789-51-3,,C22H16CoO4,,,,,II,"1. Chất sản xuất, kinh doanh có điều kiện","DANH MỤC HÓA CHẤT SẢN XUẤT, KINH DOANH CÓ ĐIỀU KIỆN"
147,số tự động Word,Copper (I) chloride,Đồng (I) clorua,7758-89-6,7758-89-6,,CuCl,,,,,II,"1. Chất sản xuất, kinh doanh có điều kiện","DANH MỤC HÓA CHẤT SẢN XUẤT, KINH DOANH CÓ ĐIỀU KIỆN"
148,số tự động Word,Copper (II) chloride,Đồng (II) clorua,7447-39-4,7447-39-4,,CuCl2,,,,,II,"1. Chất sản xuất, kinh doanh có điều kiện","DANH MỤC HÓA CHẤT SẢN XUẤT, KINH DOANH CÓ ĐIỀU KIỆN"
149,số tự động Word,Cresylic acid,Axit cresylic,1319-77-3,1319-77-3,,C7H8O,,,,,II,"1. Chất sản xuất, kinh doanh có điều kiện","DANH MỤC HÓA CHẤT SẢN XUẤT, KINH DOANH CÓ ĐIỀU KIỆN"
150,số tự động Word,Crotonaldehyde,Butenal,123-73-9,123-73-9,,C4H6O,,,,,II,"1. Chất sản xuất, kinh doanh có điều kiện","DANH MỤC HÓA CHẤT SẢN XUẤT, KINH DOANH CÓ ĐIỀU KIỆN"
151,số tự động Word,Crotonic acid,Axit crotonic,107-93-7,107-93-7,,C4H6O2,,,,,II,"1. Chất sản xuất, kinh doanh có điều kiện","DANH MỤC HÓA CHẤT SẢN XUẤT, KINH DOANH CÓ ĐIỀU KIỆN"
152,số tự động Word,Cumene,Cumen,98-82-8,98-82-8,,C9H12,,,,,II,"1. Chất sản xuất, kinh doanh có điều kiện","DANH MỤC HÓA CHẤT SẢN XUẤT, KINH DOANH CÓ ĐIỀU KIỆN"
153,số tự động Word,Cyanamide,Xianamit,420-04-2,420-04-2,,CH2N2,,,,,II,"1. Chất sản xuất, kinh doanh có điều kiện","DANH MỤC HÓA CHẤT SẢN XUẤT, KINH DOANH CÓ ĐIỀU KIỆN"
154,số tự động Word,Cyanazine,Cyanazin,21725-46-2,21725-46-2,,C9H13ClN6,,,,,II,"1. Chất sản xuất, kinh doanh có điều kiện","DANH MỤC HÓA CHẤT SẢN XUẤT, KINH DOANH CÓ ĐIỀU KIỆN"
155,số tự động Word,2-cyanopropan-2-ol (acetone cyanohydrin),2-Xyanopropan-2-ol,75-86-5,75-86-5,,C4H7NO,,,,,II,"1. Chất sản xuất, kinh doanh có điều kiện","DANH MỤC HÓA CHẤT SẢN XUẤT, KINH DOANH CÓ ĐIỀU KIỆN"
156,số tự động Word,Cyanuric chloride,Xyanuric clorua,108-77-0,108-77-0,,C3N3Cl3,,,,,II,"1. Chất sản xuất, kinh doanh có điều kiện","DANH MỤC HÓA CHẤT SẢN XUẤT, KINH DOANH CÓ ĐIỀU KIỆN"
157,số tự động Word,"1,3,5,7-cyclo octatetraene","1,3,5,7-Xyclo octatetraen",629-20-9,629-20-9,,C8H8,,,,,II,"1. Chất sản xuất, kinh doanh có điều kiện","DANH MỤC HÓA CHẤT SẢN XUẤT, KINH DOANH CÓ ĐIỀU KIỆN"
158,số tự động Word,Cyclobutane,Xyclobutan,287-23-0,287-23-0,,C4H8,,,,,II,"1. Chất sản xuất, kinh doanh có điều kiện","DANH MỤC HÓA CHẤT SẢN XUẤT, KINH DOANH CÓ ĐIỀU KIỆN"
159,số tự động Word,"1,5,9-Cyclod odecatriene","1,5,9-Xyclo dodecatrien",4904-61-4,4904-61-4,,C12H18,,,,,II,"1. Chất sản xuất, kinh doanh có điều kiện","DANH MỤC HÓA CHẤT SẢN XUẤT, KINH DOANH CÓ ĐIỀU KIỆN"
160,số tự động Word,Cycloheptane,Xycloheptan,291-64-5,291-64-5,,C7H14,,,,,II,"1. Chất sản xuất, kinh doanh có điều kiện","DANH MỤC HÓA CHẤT SẢN XUẤT, KINH DOANH CÓ ĐIỀU KIỆN"
161,số tự động Word,Cycloheptatriene,Xycloheptatrien,544-25-2,544-25-2,,C7H8,,,,,II,"1. Chất sản xuất, kinh doanh có điều kiện","DANH MỤC HÓA CHẤT SẢN XUẤT, KINH DOANH CÓ ĐIỀU KIỆN"
162,số tự động Word,Cycloheptene,Xyclohepten,628-92-2,628-92-2,,C7H12,,,,,II,"1. Chất sản xuất, kinh doanh có điều kiện","DANH MỤC HÓA CHẤT SẢN XUẤT, KINH DOANH CÓ ĐIỀU KIỆN"
163,số tự động Word,Cyclohexane,Xyclohexan,110-82-7,110-82-7,,C6H12,,,,,II,"1. Chất sản xuất, kinh doanh có điều kiện","DANH MỤC HÓA CHẤT SẢN XUẤT, KINH DOANH CÓ ĐIỀU KIỆN"
164,số tự động Word,"Trans-cyclohexane-1,2-dicarboxylic anhydride","Trans-xyclohexan-1,2-dicacboxylic anhydrit",14166-21-3,14166-21-3,,C8H10O3,,,,,II,"1. Chất sản xuất, kinh doanh có điều kiện","DANH MỤC HÓA CHẤT SẢN XUẤT, KINH DOANH CÓ ĐIỀU KIỆN"
165,số tự động Word,Cyclohexanone,Xyclohexanon,108-94-1,108-94-1,,C6H10O,,,,,II,"1. Chất sản xuất, kinh doanh có điều kiện","DANH MỤC HÓA CHẤT SẢN XUẤT, KINH DOANH CÓ ĐIỀU KIỆN"
166,số tự động Word,Cyclohexene,Xyclohexen,110-83-8,110-83-8,,C6H10,,,,,II,"1. Chất sản xuất, kinh doanh có điều kiện","DANH MỤC HÓA CHẤT SẢN XUẤT, KINH DOANH CÓ ĐIỀU KIỆN"
167,số tự động Word,Cyclohexyl acetate,Xyclohexyl axetat,622-45-7,622-45-7,,C8H14O2,,,,,II,"1. Chất sản xuất, kinh doanh có điều kiện","DANH MỤC HÓA CHẤT SẢN XUẤT, KINH DOANH CÓ ĐIỀU KIỆN"
168,số tự động Word,Cyclohexyl isocyanate,Xyclohexyl isocyanat,3173-53-3,3173-53-3,,C7H11NO,,,,,II,"1. Chất sản xuất, kinh doanh có điều kiện","DANH MỤC HÓA CHẤT SẢN XUẤT, KINH DOANH CÓ ĐIỀU KIỆN"
169,số tự động Word,Cyclohexyl mercaptan,Xyclohexyl mercaptan,1569-69-3,1569-69-3,,C6H12S,,,,,II,"1. Chất sản xuất, kinh doanh có điều kiện","DANH MỤC HÓA CHẤT SẢN XUẤT, KINH DOANH CÓ ĐIỀU KIỆN"
170,số tự động Word,Cyclopentane,Xyclopentan,287-92-3,287-92-3,,C5H10,,,,,II,"1. Chất sản xuất, kinh doanh có điều kiện","DANH MỤC HÓA CHẤT SẢN XUẤT, KINH DOANH CÓ ĐIỀU KIỆN"
171,số tự động Word,Cyclopentanol,Xyclopentanol,96-41-3,96-41-3,,C5H10O,,,,,II,"1. Chất sản xuất, kinh doanh có điều kiện","DANH MỤC HÓA CHẤT SẢN XUẤT, KINH DOANH CÓ ĐIỀU KIỆN"
172,số tự động Word,Cyclopentanone,Xyclopentanon,120-92-3,120-92-3,,C5H8O,,,,,II,"1. Chất sản xuất, kinh doanh có điều kiện","DANH MỤC HÓA CHẤT SẢN XUẤT, KINH DOANH CÓ ĐIỀU KIỆN"
173,số tự động Word,Cyclopentene,Xyclopenten,142-29-0,142-29-0,,C5H8,,,,,II,"1. Chất sản xuất, kinh doanh có điều kiện","DANH MỤC HÓA CHẤT SẢN XUẤT, KINH DOANH CÓ ĐIỀU KIỆN"
174,số tự động Word,Cyhexatin,Xyhexatin,13121-70-5,13121-70-5,,C18H34OSn,,,,,II,"1. Chất sản xuất, kinh doanh có điều kiện","DANH MỤC HÓA CHẤT SẢN XUẤT, KINH DOANH CÓ ĐIỀU KIỆN"
175,số tự động Word,Chlo rambucil,Clo rambucil,305-03-3,305-03-3,,C14H19CI2NO2,,,,,II,"1. Chất sản xuất, kinh doanh có điều kiện","DANH MỤC HÓA CHẤT SẢN XUẤT, KINH DOANH CÓ ĐIỀU KIỆN"
176,số tự động Word,Chloric acid,Axit cloric,7790-93-4,7790-93-4,,HClO3,,,,,II,"1. Chất sản xuất, kinh doanh có điều kiện","DANH MỤC HÓA CHẤT SẢN XUẤT, KINH DOANH CÓ ĐIỀU KIỆN"
177,số tự động Word,Chlorine,Clo,7782-50-5,7782-50-5,,Cl2,,,,,II,"1. Chất sản xuất, kinh doanh có điều kiện","DANH MỤC HÓA CHẤT SẢN XUẤT, KINH DOANH CÓ ĐIỀU KIỆN"
178,số tự động Word,Chlorine trifluoride,Clo triflorua,7790-91-2,7790-91-2,,ClF3,,,,,II,"1. Chất sản xuất, kinh doanh có điều kiện","DANH MỤC HÓA CHẤT SẢN XUẤT, KINH DOANH CÓ ĐIỀU KIỆN"
179,số tự động Word,2-Chloro acethanal,Clo axetandehit,107-20-0,107-20-0,,C2H3ClO,,,,,II,"1. Chất sản xuất, kinh doanh có điều kiện","DANH MỤC HÓA CHẤT SẢN XUẤT, KINH DOANH CÓ ĐIỀU KIỆN"
180,số tự động Word,"1 -Chloro-2,2,2-trifluoro ethane","1-Clo-2,2,2-triflo etan",75-88-7,75-88-7,,C2H2ClF3,,,,,II,"1. Chất sản xuất, kinh doanh có điều kiện","DANH MỤC HÓA CHẤT SẢN XUẤT, KINH DOANH CÓ ĐIỀU KIỆN"
181,số tự động Word,1-Chloro-2-chloromethyl-benzene,1-Clo-2-clometyl-benzen,611-19-8,611-19-8,,C7H6Cl2,,,,,II,"1. Chất sản xuất, kinh doanh có điều kiện","DANH MỤC HÓA CHẤT SẢN XUẤT, KINH DOANH CÓ ĐIỀU KIỆN"
182,số tự động Word,1-chloro-2-methyl benzene,1-Clo-2-metyl benzen,95-49-8,95-49-8,,C7H7Cl,,,,,II,"1. Chất sản xuất, kinh doanh có điều kiện","DANH MỤC HÓA CHẤT SẢN XUẤT, KINH DOANH CÓ ĐIỀU KIỆN"
183,số tự động Word,1 -Chloro-2-nitrobenzene,1-Clo-2-nitrobenzen,88-73-3,88-73-3,,C6H4ClNO2,,,,,II,"1. Chất sản xuất, kinh doanh có điều kiện","DANH MỤC HÓA CHẤT SẢN XUẤT, KINH DOANH CÓ ĐIỀU KIỆN"
184,số tự động Word,1-Chloro-3-chloromethyl-benzene,1-Clo-3-clometyl-benzen,620-20-2,620-20-2,,C7H6Cl2,,,,,II,"1. Chất sản xuất, kinh doanh có điều kiện","DANH MỤC HÓA CHẤT SẢN XUẤT, KINH DOANH CÓ ĐIỀU KIỆN"
185,số tự động Word,1-chloro-3-methyl benzene,1-Clo-3-metyl benzen,108-41-8,108-41-8,,C7H7Cl,,,,,II,"1. Chất sản xuất, kinh doanh có điều kiện","DANH MỤC HÓA CHẤT SẢN XUẤT, KINH DOANH CÓ ĐIỀU KIỆN"
186,số tự động Word,2-Chloro-3-methyl phenol,2-Clo-3-metyl phenol,608-26-4,608-26-4,,C7H7ClO,,,,,II,"1. Chất sản xuất, kinh doanh có điều kiện","DANH MỤC HÓA CHẤT SẢN XUẤT, KINH DOANH CÓ ĐIỀU KIỆN"
187,số tự động Word,4-Chloro-3-methyl phenol,4-Clo-3-metyl phenol,59-50-7,59-50-7,,C7H7ClO,,,,,II,"1. Chất sản xuất, kinh doanh có điều kiện","DANH MỤC HÓA CHẤT SẢN XUẤT, KINH DOANH CÓ ĐIỀU KIỆN"
188,số tự động Word,1-Chloro-3-nitrobenzene,1-Clo-3-nitrobenzen,121-73-3,121-73-3,,C6H4ClNO2,,,,,II,"1. Chất sản xuất, kinh doanh có điều kiện","DANH MỤC HÓA CHẤT SẢN XUẤT, KINH DOANH CÓ ĐIỀU KIỆN"
189,số tự động Word,1-Chloro-4-chloromethyl-benzene,1-Clo-4-clometyl-benzen,104-83-6,104-83-6,,C7H6Cl2,,,,,II,"1. Chất sản xuất, kinh doanh có điều kiện","DANH MỤC HÓA CHẤT SẢN XUẤT, KINH DOANH CÓ ĐIỀU KIỆN"
190,số tự động Word,1-chloro-4-methyl benzene,1-Clo-4-metyl benzen,106-43-4,106-43-4,,C7H7Cl,,,,,II,"1. Chất sản xuất, kinh doanh có điều kiện","DANH MỤC HÓA CHẤT SẢN XUẤT, KINH DOANH CÓ ĐIỀU KIỆN"
191,số tự động Word,2-Chloro-4-nitroaniline,2-Clo-4-nitroanilin,121-87-9,121-87-9,,C6H5ClN2O2,,,,,II,"1. Chất sản xuất, kinh doanh có điều kiện","DANH MỤC HÓA CHẤT SẢN XUẤT, KINH DOANH CÓ ĐIỀU KIỆN"
192,số tự động Word,Chloroacetic acid,Axit clo axetic,79-11-8,79-11-8,,C2H3ClO2,,,,,II,"1. Chất sản xuất, kinh doanh có điều kiện","DANH MỤC HÓA CHẤT SẢN XUẤT, KINH DOANH CÓ ĐIỀU KIỆN"
193,số tự động Word,Chloroacetone,Clo axeton,78-95-5,78-95-5,,C3H5ClO,,,,,II,"1. Chất sản xuất, kinh doanh có điều kiện","DANH MỤC HÓA CHẤT SẢN XUẤT, KINH DOANH CÓ ĐIỀU KIỆN"
194,số tự động Word,Chloroacetonitrile,Clo axetonitril,107-14-2,107-14-2,,C2H2ClN,,,,,II,"1. Chất sản xuất, kinh doanh có điều kiện","DANH MỤC HÓA CHẤT SẢN XUẤT, KINH DOANH CÓ ĐIỀU KIỆN"
195,số tự động Word,Chloroacetyl chloride,Cloaxetyl clorua,79-04-9,79-04-9,,C2H2Cl2O,,,,,II,"1. Chất sản xuất, kinh doanh có điều kiện","DANH MỤC HÓA CHẤT SẢN XUẤT, KINH DOANH CÓ ĐIỀU KIỆN"
196,số tự động Word,2-Chloroaniline,2-Clo anilin,95-51-2,95-51-2,,C6H6ClN,,,,,II,"1. Chất sản xuất, kinh doanh có điều kiện","DANH MỤC HÓA CHẤT SẢN XUẤT, KINH DOANH CÓ ĐIỀU KIỆN"
197,số tự động Word,3-Chloroaniline,3-Clo anilin,108-42-9,108-42-9,,C6H6ClN,,,,,II,"1. Chất sản xuất, kinh doanh có điều kiện","DANH MỤC HÓA CHẤT SẢN XUẤT, KINH DOANH CÓ ĐIỀU KIỆN"
198,số tự động Word,4-Chloroaniline,4-Clo anilin,106-47-8,106-47-8,,C6H6ClN,,,,,II,"1. Chất sản xuất, kinh doanh có điều kiện","DANH MỤC HÓA CHẤT SẢN XUẤT, KINH DOANH CÓ ĐIỀU KIỆN"
199,số tự động Word,Chlorobenzene,Cloanilin,108-90-7,108-90-7,,C6H5Cl,,,,,II,"1. Chất sản xuất, kinh doanh có điều kiện","DANH MỤC HÓA CHẤT SẢN XUẤT, KINH DOANH CÓ ĐIỀU KIỆN"
200,số tự động Word,Chlorobenzotri fluoride,Clo benzo triflorua,88-16-4,88-16-4,,C7H4ClF3,,,,,II,"1. Chất sản xuất, kinh doanh có điều kiện","DANH MỤC HÓA CHẤT SẢN XUẤT, KINH DOANH CÓ ĐIỀU KIỆN"
201,số tự động Word,Chloromethyl ethyl ether,Clo metyl etyl ete,3188-13-4,3188-13-4,,C3H7ClO,,,,,II,"1. Chất sản xuất, kinh doanh có điều kiện","DANH MỤC HÓA CHẤT SẢN XUẤT, KINH DOANH CÓ ĐIỀU KIỆN"
202,số tự động Word,2-Chloro-N-(ethoxymethyl)-N-(2-ethyl-6-methylphenyl) acetamide,2-Clo-N-(ethoxy metyl)-N-(2-etyl-6-metyl phenyl) axetamit,34256-82-1,34256-82-1,,C14H20ClNO2,,,,,II,"1. Chất sản xuất, kinh doanh có điều kiện","DANH MỤC HÓA CHẤT SẢN XUẤT, KINH DOANH CÓ ĐIỀU KIỆN"
203,số tự động Word,2-Chloro-N-isopropyl-N-phenyl acetamide,2-Clo-N-isopropyl-N-phenyl axetamit,1918-16-7,1918-16-7,,C11H14ClNO,,,,,II,"1. Chất sản xuất, kinh doanh có điều kiện","DANH MỤC HÓA CHẤT SẢN XUẤT, KINH DOANH CÓ ĐIỀU KIỆN"
204,số tự động Word,3-Chloropropan-1-ol,3-Clo propanol-1,19210-21-0,19210-21-0,,C3H7ClO,,,,,II,"1. Chất sản xuất, kinh doanh có điều kiện","DANH MỤC HÓA CHẤT SẢN XUẤT, KINH DOANH CÓ ĐIỀU KIỆN"
205,số tự động Word,Ethyl 2-chloropropionate,Etyl 2-clo propionat,535-13-7,535-13-7,,C5H9ClO2,,,,,II,"1. Chất sản xuất, kinh doanh có điều kiện","DANH MỤC HÓA CHẤT SẢN XUẤT, KINH DOANH CÓ ĐIỀU KIỆN"
206,số tự động Word,Methyl 2-chloropropionate,Metyl 2-clo propionat,17639-93-9,17639-93-9,,C4H7ClO2,,,,,II,"1. Chất sản xuất, kinh doanh có điều kiện","DANH MỤC HÓA CHẤT SẢN XUẤT, KINH DOANH CÓ ĐIỀU KIỆN"
207,số tự động Word,2-Chloropropionic acid,Axit 2-clo propionic,598-78-7,598-78-7,,C3H5ClO2,,,,,II,"1. Chất sản xuất, kinh doanh có điều kiện","DANH MỤC HÓA CHẤT SẢN XUẤT, KINH DOANH CÓ ĐIỀU KIỆN"
208,số tự động Word,3-Chlorophenol,3-Clo phenol,108-43-0,108-43-0,,C6H5ClO,,,,,II,"1. Chất sản xuất, kinh doanh có điều kiện","DANH MỤC HÓA CHẤT SẢN XUẤT, KINH DOANH CÓ ĐIỀU KIỆN"
209,số tự động Word,4-Chlorophenol,4-Clo phenol,106-48-9,106-48-9,,C6H5ClO,,,,,II,"1. Chất sản xuất, kinh doanh có điều kiện","DANH MỤC HÓA CHẤT SẢN XUẤT, KINH DOANH CÓ ĐIỀU KIỆN"
210,số tự động Word,Chlorosilane,Clo silan,13465-78-6,13465-78-6,,ClH3Si,,,,,II,"1. Chất sản xuất, kinh doanh có điều kiện","DANH MỤC HÓA CHẤT SẢN XUẤT, KINH DOANH CÓ ĐIỀU KIỆN"
211,số tự động Word,Chlorpyrifos,Clorpyrifos,2921-88-2,2921-88-2,,C9H11Cl3NO3PS,,,,,II,"1. Chất sản xuất, kinh doanh có điều kiện","DANH MỤC HÓA CHẤT SẢN XUẤT, KINH DOANH CÓ ĐIỀU KIỆN"
212,số tự động Word,Decahydronaphthalene,Decahydro naphathalen,91-17-8,91-17-8,,C10H18,,,,,II,"1. Chất sản xuất, kinh doanh có điều kiện","DANH MỤC HÓA CHẤT SẢN XUẤT, KINH DOANH CÓ ĐIỀU KIỆN"
213,số tự động Word,N-Decane,N-decan,124-18-5,124-18-5,,C10H22,,,,,II,"1. Chất sản xuất, kinh doanh có điều kiện","DANH MỤC HÓA CHẤT SẢN XUẤT, KINH DOANH CÓ ĐIỀU KIỆN"
214,số tự động Word,Demeton,Demeton,126-75-0,126-75-0,,C8H19O3PS2,,,,,II,"1. Chất sản xuất, kinh doanh có điều kiện","DANH MỤC HÓA CHẤT SẢN XUẤT, KINH DOANH CÓ ĐIỀU KIỆN"
215,số tự động Word,"1,2-Di-(dimethyl amino) ethane","1,2-Di-(dimetyl amino) etan",110-18-9,110-18-9,,C6H16N2,,,,,II,"1. Chất sản xuất, kinh doanh có điều kiện","DANH MỤC HÓA CHẤT SẢN XUẤT, KINH DOANH CÓ ĐIỀU KIỆN"
216,số tự động Word,Diallylamine,Diallylamin,124-02-7,124-02-7,,C6H11N,,,,,II,"1. Chất sản xuất, kinh doanh có điều kiện","DANH MỤC HÓA CHẤT SẢN XUẤT, KINH DOANH CÓ ĐIỀU KIỆN"
217,số tự động Word,Diallylether,Diallyl ete,557-40-4,557-40-4,,C6H10O,,,,,II,"1. Chất sản xuất, kinh doanh có điều kiện","DANH MỤC HÓA CHẤT SẢN XUẤT, KINH DOANH CÓ ĐIỀU KIỆN"
218,số tự động Word,"1,2-Diamino benzene","1,2-Diamino benzen",95-54-5,95-54-5,,C6H8N2,,,,,II,"1. Chất sản xuất, kinh doanh có điều kiện","DANH MỤC HÓA CHẤT SẢN XUẤT, KINH DOANH CÓ ĐIỀU KIỆN"
219,số tự động Word,"1,3-Diamino benzene","1,3-Diamino benzen",108-45-2,108-45-2,,C6H8N2,,,,,II,"1. Chất sản xuất, kinh doanh có điều kiện","DANH MỤC HÓA CHẤT SẢN XUẤT, KINH DOANH CÓ ĐIỀU KIỆN"
220,số tự động Word,"1,4-Diamino benzene","1,4-Diamino benzen",106-50-3,106-50-3,,C6H8N2,,,,,II,"1. Chất sản xuất, kinh doanh có điều kiện","DANH MỤC HÓA CHẤT SẢN XUẤT, KINH DOANH CÓ ĐIỀU KIỆN"
221,số tự động Word,Diazinon,Diazinon,333-41-5,333-41-5,,C12H21N2O3PS,,,,,II,"1. Chất sản xuất, kinh doanh có điều kiện","DANH MỤC HÓA CHẤT SẢN XUẤT, KINH DOANH CÓ ĐIỀU KIỆN"
222,số tự động Word,Diazomethane,Diazometan,334-88-3,334-88-3,,CH2N2,,,,,II,"1. Chất sản xuất, kinh doanh có điều kiện","DANH MỤC HÓA CHẤT SẢN XUẤT, KINH DOANH CÓ ĐIỀU KIỆN"
223,số tự động Word,"1,2-Dibromo-3-chloro propane","1,2-Dibrom-3-clo propan",96-12-8,96-12-8,,C3H5Br2Cl,,,,,II,"1. Chất sản xuất, kinh doanh có điều kiện","DANH MỤC HÓA CHẤT SẢN XUẤT, KINH DOANH CÓ ĐIỀU KIỆN"
224,số tự động Word,Monomethyl-dibromo-diphenyl methane (Trade name: DBBT),Monometyl-dibrom-diphenyl metan,99688-47-8,99688-47-8,,C14H12Br2,,,,,II,"1. Chất sản xuất, kinh doanh có điều kiện","DANH MỤC HÓA CHẤT SẢN XUẤT, KINH DOANH CÓ ĐIỀU KIỆN"
225,số tự động Word,Dibultyltin oxide,Di butyl oxit thiếc,818-08-6,818-08-6,,C8H18OSn,,,,,II,"1. Chất sản xuất, kinh doanh có điều kiện","DANH MỤC HÓA CHẤT SẢN XUẤT, KINH DOANH CÓ ĐIỀU KIỆN"
226,số tự động Word,Dibutyl amine,Di-n-butyl amin,111-92-2,111-92-2,,C8H19N,,,,,II,"1. Chất sản xuất, kinh doanh có điều kiện","DANH MỤC HÓA CHẤT SẢN XUẤT, KINH DOANH CÓ ĐIỀU KIỆN"
227,số tự động Word,Dibutyl amino ethanol,Dibutyl amino etanol,102-81-8,102-81-8,,C10H23NO,,,,,II,"1. Chất sản xuất, kinh doanh có điều kiện","DANH MỤC HÓA CHẤT SẢN XUẤT, KINH DOANH CÓ ĐIỀU KIỆN"
228,số tự động Word,Dibutyl ether,Dibutyl ete,142-96-1,142-96-1,,C8H18O,,,,,II,"1. Chất sản xuất, kinh doanh có điều kiện","DANH MỤC HÓA CHẤT SẢN XUẤT, KINH DOANH CÓ ĐIỀU KIỆN"
229,số tự động Word,"1,2-Dicloetylen","1,2-Diclo etylen",540-59-0,540-59-0,,C2H2Cl2,,,,,II,"1. Chất sản xuất, kinh doanh có điều kiện","DANH MỤC HÓA CHẤT SẢN XUẤT, KINH DOANH CÓ ĐIỀU KIỆN"
230,số tự động Word,Dicrotophos ((E)-2-Dimethyl carbamoyl-1-methyl vinyl dimethyl phosphate),Dicrotophos,141-66-2,141-66-2,,C8H16NO5P,,,,,II,"1. Chất sản xuất, kinh doanh có điều kiện","DANH MỤC HÓA CHẤT SẢN XUẤT, KINH DOANH CÓ ĐIỀU KIỆN"
231,số tự động Word,Dicyclo hexylamine,Dixyclohexyl amin,101-83-7,101-83-7,,C12H23N,,,,,II,"1. Chất sản xuất, kinh doanh có điều kiện","DANH MỤC HÓA CHẤT SẢN XUẤT, KINH DOANH CÓ ĐIỀU KIỆN"
232,số tự động Word,Dicyclo pentadiene,Dixyclopentadien,77-73-6,77-73-6,,C10H12,,,,,II,"1. Chất sản xuất, kinh doanh có điều kiện","DANH MỤC HÓA CHẤT SẢN XUẤT, KINH DOANH CÓ ĐIỀU KIỆN"
233,số tự động Word,Dichloro acetyl chloride,Diclo axetyl clorua,79-36-7,79-36-7,,C2HCl3O,,,,,II,"1. Chất sản xuất, kinh doanh có điều kiện","DANH MỤC HÓA CHẤT SẢN XUẤT, KINH DOANH CÓ ĐIỀU KIỆN"
234,số tự động Word,"3,4-Dichloro aniIine","3,4-Diclo anilin",95-76-1,95-76-1,,C6H5Cl2N,,,,,II,"1. Chất sản xuất, kinh doanh có điều kiện","DANH MỤC HÓA CHẤT SẢN XUẤT, KINH DOANH CÓ ĐIỀU KIỆN"
235,số tự động Word,"2,3-Dichloro aniline","2,3-Diclo anilin",608-27-5,608-27-5,,C6H5Cl2N,,,,,II,"1. Chất sản xuất, kinh doanh có điều kiện","DANH MỤC HÓA CHẤT SẢN XUẤT, KINH DOANH CÓ ĐIỀU KIỆN"
236,số tự động Word,"2,6-Dichloro aniline","2,6-Diclo anilin",608-31-1,608-31-1,,C6H5Cl2N,,,,,II,"1. Chất sản xuất, kinh doanh có điều kiện","DANH MỤC HÓA CHẤT SẢN XUẤT, KINH DOANH CÓ ĐIỀU KIỆN"
237,số tự động Word,"3,5-Dichloro aniline","3,5-Diclo anilin",626-43-7,626-43-7,,C6H5Cl2N,,,,,II,"1. Chất sản xuất, kinh doanh có điều kiện","DANH MỤC HÓA CHẤT SẢN XUẤT, KINH DOANH CÓ ĐIỀU KIỆN"
238,số tự động Word,"2,6-Dichloro benzonitrile","2,6-Diclo benzonitril",1194-65-6,1194-65-6,,C7H3Cl2N,,,,,II,"1. Chất sản xuất, kinh doanh có điều kiện","DANH MỤC HÓA CHẤT SẢN XUẤT, KINH DOANH CÓ ĐIỀU KIỆN"
239,số tự động Word,"1,1-Dichloro ethane","1,1-Diclo etan",75-34-3,75-34-3,,C2H4Cl2,,,,,II,"1. Chất sản xuất, kinh doanh có điều kiện","DANH MỤC HÓA CHẤT SẢN XUẤT, KINH DOANH CÓ ĐIỀU KIỆN"
240,số tự động Word,Dichloro isocyanuric acid,Axit diclo isoxyanuric,2782-57-2,2782-57-2,,C3HCl2N3O3,,,,,II,"1. Chất sản xuất, kinh doanh có điều kiện","DANH MỤC HÓA CHẤT SẢN XUẤT, KINH DOANH CÓ ĐIỀU KIỆN"
241,số tự động Word,"1,5-Dichloro pentane","1,5-Diclopentan",628-76-2,628-76-2,,C5H10Cl2,,,,,II,"1. Chất sản xuất, kinh doanh có điều kiện","DANH MỤC HÓA CHẤT SẢN XUẤT, KINH DOANH CÓ ĐIỀU KIỆN"
242,số tự động Word,"1,3-Dichloro propan-2-ol","1,3-Diclo propanol-2",96-23-1,96-23-1,,C3H6Cl2O,,,,,II,"1. Chất sản xuất, kinh doanh có điều kiện","DANH MỤC HÓA CHẤT SẢN XUẤT, KINH DOANH CÓ ĐIỀU KIỆN"
243,số tự động Word,"2,4-Dichloro phenol","2,4-Diclo phenol",120-83-2,120-83-2,,C6H4Cl2O,,,,,II,"1. Chất sản xuất, kinh doanh có điều kiện","DANH MỤC HÓA CHẤT SẢN XUẤT, KINH DOANH CÓ ĐIỀU KIỆN"
244,số tự động Word,"2,4-Dichloro phenyl isocyanate","2,4-Diclophenyl isoxyanat",2612-57-9,2612-57-9,,C7H3Cl2NO,,,,,II,"1. Chất sản xuất, kinh doanh có điều kiện","DANH MỤC HÓA CHẤT SẢN XUẤT, KINH DOANH CÓ ĐIỀU KIỆN"
245,số tự động Word,"3,4-Dichloro phenyl isocyanate","3,4-Diclophenyl isoxyanat",102-36-3,102-36-3,,C7H3Cl2NO,,,,,II,"1. Chất sản xuất, kinh doanh có điều kiện","DANH MỤC HÓA CHẤT SẢN XUẤT, KINH DOANH CÓ ĐIỀU KIỆN"
246,số tự động Word,"3,5-Dichloro phenyl isocyanate","3,5-Diclo phenyl isoxyanat",34893-92-0,34893-92-0,,C7H3Cl2NO,,,,,II,"1. Chất sản xuất, kinh doanh có điều kiện","DANH MỤC HÓA CHẤT SẢN XUẤT, KINH DOANH CÓ ĐIỀU KIỆN"
247,số tự động Word,"Nitrofen (2,4-Dichloro-1-(4-nitro phenoxy) benzene)",Nitrofen,1836-75-5,1836-75-5,,C12H7Cl2NO3,,,,,II,"1. Chất sản xuất, kinh doanh có điều kiện","DANH MỤC HÓA CHẤT SẢN XUẤT, KINH DOANH CÓ ĐIỀU KIỆN"
248,số tự động Word,"1,1 -Dichloro-1-nitroethane","1,1-Diclo-1-nitroetan",594-72-9,594-72-9,,C2H3Cl2NO2,,,,,II,"1. Chất sản xuất, kinh doanh có điều kiện","DANH MỤC HÓA CHẤT SẢN XUẤT, KINH DOANH CÓ ĐIỀU KIỆN"
249,số tự động Word,Dichloroacetic acid,Axit diclo axetic,79-43-6,79-43-6,,C2H2Cl2O2,,,,,II,"1. Chất sản xuất, kinh doanh có điều kiện","DANH MỤC HÓA CHẤT SẢN XUẤT, KINH DOANH CÓ ĐIỀU KIỆN"
250,số tự động Word,"2,4-Dichloroaniline","2,4-Diclo anilin",554-00-7,554-00-7,,C6H5Cl2N,,,,,II,"1. Chất sản xuất, kinh doanh có điều kiện","DANH MỤC HÓA CHẤT SẢN XUẤT, KINH DOANH CÓ ĐIỀU KIỆN"
251,số tự động Word,"2,5-Dichloroaniline","2,5-Diclo anilin",95-82-9,95-82-9,,C6H5Cl2N,,,,,II,"1. Chất sản xuất, kinh doanh có điều kiện","DANH MỤC HÓA CHẤT SẢN XUẤT, KINH DOANH CÓ ĐIỀU KIỆN"
252,số tự động Word,o-Dichlorobenzene,O-diclo benzen,95-50-1,95-50-1,,C6H4Cl2,,,,,II,"1. Chất sản xuất, kinh doanh có điều kiện","DANH MỤC HÓA CHẤT SẢN XUẤT, KINH DOANH CÓ ĐIỀU KIỆN"
253,số tự động Word,"1,2-Dichloropropane","1,2-Diclo propan",78-87-5,78-87-5,,C3H6Cl2,,,,,II,"1. Chất sản xuất, kinh doanh có điều kiện","DANH MỤC HÓA CHẤT SẢN XUẤT, KINH DOANH CÓ ĐIỀU KIỆN"
254,số tự động Word,"1,3-Dichloropropene","1,3-Diclo propen",542-75-6,542-75-6,,C3H4Cl2,,,,,II,"1. Chất sản xuất, kinh doanh có điều kiện","DANH MỤC HÓA CHẤT SẢN XUẤT, KINH DOANH CÓ ĐIỀU KIỆN"
255,số tự động Word,"2,2-dichlorovinyl dimethyl phosphate","2,2-diclovinyl dimetyl photphat",62-73-7,62-73-7,,C4H7Cl2O4P,,,,,II,"1. Chất sản xuất, kinh doanh có điều kiện","DANH MỤC HÓA CHẤT SẢN XUẤT, KINH DOANH CÓ ĐIỀU KIỆN"
256,số tự động Word,Dichromium tris(chromate),Dicrom tris(cromat),24613-89-6,24613-89-6,,Cr2(CrO4)3,,,,,II,"1. Chất sản xuất, kinh doanh có điều kiện","DANH MỤC HÓA CHẤT SẢN XUẤT, KINH DOANH CÓ ĐIỀU KIỆN"
257,số tự động Word,Diethoxy methane,Dietoxymetan,462-95-3,462-95-3,,C5H12O2,,,,,II,"1. Chất sản xuất, kinh doanh có điều kiện","DANH MỤC HÓA CHẤT SẢN XUẤT, KINH DOANH CÓ ĐIỀU KIỆN"
258,số tự động Word,"3,3-Diethoxy propene","3,3-Dietoxy propen",3054-95-3,3054-95-3,,C7H14O2,,,,,II,"1. Chất sản xuất, kinh doanh có điều kiện","DANH MỤC HÓA CHẤT SẢN XUẤT, KINH DOANH CÓ ĐIỀU KIỆN"
259,số tự động Word,Diethyl aminopropyl amine,Dietyl aminopropyl amin,109-55-7,109-55-7,,C5H14N2,,,,,II,"1. Chất sản xuất, kinh doanh có điều kiện","DANH MỤC HÓA CHẤT SẢN XUẤT, KINH DOANH CÓ ĐIỀU KIỆN"
260,số tự động Word,Diethyl benzene,Dietyl bezen,25340-17-4,25340-17-4,,C10H14,,,,,II,"1. Chất sản xuất, kinh doanh có điều kiện","DANH MỤC HÓA CHẤT SẢN XUẤT, KINH DOANH CÓ ĐIỀU KIỆN"
261,số tự động Word,Diethyl cacbonate (ethyl carbonate),Dietyl cacbonat (etyl cacbonat),105-58-8,105-58-8,,C5H10O3,,,,,II,"1. Chất sản xuất, kinh doanh có điều kiện","DANH MỤC HÓA CHẤT SẢN XUẤT, KINH DOANH CÓ ĐIỀU KIỆN"
262,số tự động Word,Diethyl dichloro silane,Dietyl diclo silan,1719-53-5,1719-53-5,,C4H10Cl2Si,,,,,II,"1. Chất sản xuất, kinh doanh có điều kiện","DANH MỤC HÓA CHẤT SẢN XUẤT, KINH DOANH CÓ ĐIỀU KIỆN"
263,số tự động Word,Diethyl phthalate (DEP）,Dietyl phthalat (DEP）,84-66-2,84-66-2,,C12H14O4,,,,,II,"1. Chất sản xuất, kinh doanh có điều kiện","DANH MỤC HÓA CHẤT SẢN XUẤT, KINH DOANH CÓ ĐIỀU KIỆN"
264,số tự động Word,Diethyl sulfide,Dietyl sunfit,352-93-2,352-93-2,,C4H10S,,,,,II,"1. Chất sản xuất, kinh doanh có điều kiện","DANH MỤC HÓA CHẤT SẢN XUẤT, KINH DOANH CÓ ĐIỀU KIỆN"
265,số tự động Word,"N, N-Diethylaminoetanol","N,N-dietyl amino etanol",100-37-8,100-37-8,,C6H15NO,,,,,II,"1. Chất sản xuất, kinh doanh có điều kiện","DANH MỤC HÓA CHẤT SẢN XUẤT, KINH DOANH CÓ ĐIỀU KIỆN"
266,số tự động Word,Diethylene triamine,Dietylen triamin,111-40-0,111-40-0,,C4H13N3,,,,,II,"1. Chất sản xuất, kinh doanh có điều kiện","DANH MỤC HÓA CHẤT SẢN XUẤT, KINH DOANH CÓ ĐIỀU KIỆN"
267,số tự động Word,"N, N-Diethylethylene diamine","N,N-Dietyl etylen diamin",100-36-7,100-36-7,,C6H16N2,,,,,II,"1. Chất sản xuất, kinh doanh có điều kiện","DANH MỤC HÓA CHẤT SẢN XUẤT, KINH DOANH CÓ ĐIỀU KIỆN"
268,số tự động Word,Diethylthiophosphoryl chloride,Dietyl thiophotphoryl clo,2524-04-1,2524-04-1,,C4H10ClO2PS,,,,,II,"1. Chất sản xuất, kinh doanh có điều kiện","DANH MỤC HÓA CHẤT SẢN XUẤT, KINH DOANH CÓ ĐIỀU KIỆN"
269,số tự động Word,Diethylzinc,Dietyl kẽm,557-20-0,557-20-0,,C4H10Zn,,,,,II,"1. Chất sản xuất, kinh doanh có điều kiện","DANH MỤC HÓA CHẤT SẢN XUẤT, KINH DOANH CÓ ĐIỀU KIỆN"
270,số tự động Word,Difluoro phosphoric acid,Axit diflo photphoric,13779-41-4,13779-41-4,,HPO2F2,,,,,II,"1. Chất sản xuất, kinh doanh có điều kiện","DANH MỤC HÓA CHẤT SẢN XUẤT, KINH DOANH CÓ ĐIỀU KIỆN"
271,số tự động Word,Difluoromethane,Diflo metan,75-10-5,75-10-5,,CH2F2,,,,,II,"1. Chất sản xuất, kinh doanh có điều kiện","DANH MỤC HÓA CHẤT SẢN XUẤT, KINH DOANH CÓ ĐIỀU KIỆN"
272,số tự động Word,Dihydropyran,"2,3-Dihydropyran",110-87-2,110-87-2,,C5H8O,,,,,II,"1. Chất sản xuất, kinh doanh có điều kiện","DANH MỤC HÓA CHẤT SẢN XUẤT, KINH DOANH CÓ ĐIỀU KIỆN"
273,số tự động Word,Diisobutyl ketone,Diisobutyl keton,108-83-8,108-83-8,,C9H18O,,,,,II,"1. Chất sản xuất, kinh doanh có điều kiện","DANH MỤC HÓA CHẤT SẢN XUẤT, KINH DOANH CÓ ĐIỀU KIỆN"
274,số tự động Word,Diisobutylene,Diisobutyllen,107-39-1,107-39-1,,C8H16,,,,,II,"1. Chất sản xuất, kinh doanh có điều kiện","DANH MỤC HÓA CHẤT SẢN XUẤT, KINH DOANH CÓ ĐIỀU KIỆN"
275,số tự động Word,Diisopropyl amine,Diisopropyla min,108-18-9,108-18-9,,C6H15N,,,,,II,"1. Chất sản xuất, kinh doanh có điều kiện","DANH MỤC HÓA CHẤT SẢN XUẤT, KINH DOANH CÓ ĐIỀU KIỆN"
276,số tự động Word,Diisopropyl ether,Diisopropyl ete,108-20-3,108-20-3,,C6H14O,,,,,II,"1. Chất sản xuất, kinh doanh có điều kiện","DANH MỤC HÓA CHẤT SẢN XUẤT, KINH DOANH CÓ ĐIỀU KIỆN"
277,số tự động Word,"Dimethyl-1,2-dibromo-2,2-dichlorethyl phosphate","Dimetyl-1,2-dibrom-2,2-diclo etyl photphat",300-76-5,300-76-5,,C4H7Br2Cl2O4P,,,,,II,"1. Chất sản xuất, kinh doanh có điều kiện","DANH MỤC HÓA CHẤT SẢN XUẤT, KINH DOANH CÓ ĐIỀU KIỆN"
278,số tự động Word,"N, N -Dimetylaminoethanol","N,N-dimetyl amino etanol và các muối proton hóa chất tương ứng",108-01-0,108-01-0,,C4H11NO,,,,,II,"1. Chất sản xuất, kinh doanh có điều kiện","DANH MỤC HÓA CHẤT SẢN XUẤT, KINH DOANH CÓ ĐIỀU KIỆN"
279,số tự động Word,"1,1-Dimethoxyethane","1,1-Dimetoxyetan",534-15-6,534-15-6,,C4H10O2,,,,,II,"1. Chất sản xuất, kinh doanh có điều kiện","DANH MỤC HÓA CHẤT SẢN XUẤT, KINH DOANH CÓ ĐIỀU KIỆN"
280,số tự động Word,Dimethoxymethane,Metylal,109-87-5,109-87-5,,C3H8O2,,,,,II,"1. Chất sản xuất, kinh doanh có điều kiện","DANH MỤC HÓA CHẤT SẢN XUẤT, KINH DOANH CÓ ĐIỀU KIỆN"
281,số tự động Word,Dimethyl acetylene,Dimetyl axetylen,503-17-3,503-17-3,,C4H6,,,,,II,"1. Chất sản xuất, kinh doanh có điều kiện","DANH MỤC HÓA CHẤT SẢN XUẤT, KINH DOANH CÓ ĐIỀU KIỆN"
282,số tự động Word,Dimethyl amino aceto nitril,Dimetyl amino axeto nitril,926-64-7,926-64-7,,C4H8N2,,,,,II,"1. Chất sản xuất, kinh doanh có điều kiện","DANH MỤC HÓA CHẤT SẢN XUẤT, KINH DOANH CÓ ĐIỀU KIỆN"
283,số tự động Word,2-Dimethyl amino ethyl acrylate,2-Dimetyla mino etyl acrylat,2439-35-2,2439-35-2,,C7H13NO2,,,,,II,"1. Chất sản xuất, kinh doanh có điều kiện","DANH MỤC HÓA CHẤT SẢN XUẤT, KINH DOANH CÓ ĐIỀU KIỆN"
284,số tự động Word,Dimethyl benzyl amine,Benzyl dimetyl amin,103-83-3,103-83-3,,C9H13N,,,,,II,"1. Chất sản xuất, kinh doanh có điều kiện","DANH MỤC HÓA CHẤT SẢN XUẤT, KINH DOANH CÓ ĐIỀU KIỆN"
285,số tự động Word,Dimethyl carbamoyl chloride,Dimetyl amin carbonyl clorua,79-44-7,79-44-7,,C3H6CINO,,,,,II,"1. Chất sản xuất, kinh doanh có điều kiện","DANH MỤC HÓA CHẤT SẢN XUẤT, KINH DOANH CÓ ĐIỀU KIỆN"
286,số tự động Word,Dimethyl carbonate,Dimetyl cacbon,616-38-6,616-38-6,,C3H6O3,,,,,II,"1. Chất sản xuất, kinh doanh có điều kiện","DANH MỤC HÓA CHẤT SẢN XUẤT, KINH DOANH CÓ ĐIỀU KIỆN"
287,số tự động Word,Dimethyl diethoxy silane,Dimetyl dietoxy silan,78-62-6,78-62-6,,C6H16O2Si,,,,,II,"1. Chất sản xuất, kinh doanh có điều kiện","DANH MỤC HÓA CHẤT SẢN XUẤT, KINH DOANH CÓ ĐIỀU KIỆN"
288,số tự động Word,Dimethyl disulfide,Dimetyl disunfit,624-92-0,624-92-0,,C2H6S2,,,,,II,"1. Chất sản xuất, kinh doanh có điều kiện","DANH MỤC HÓA CHẤT SẢN XUẤT, KINH DOANH CÓ ĐIỀU KIỆN"
289,số tự động Word,"1,2-Dimethyl hydrazine","1,2-Dimetyl hydrazin",540-73-8,540-73-8,,C2H8N2,,,,,II,"1. Chất sản xuất, kinh doanh có điều kiện","DANH MỤC HÓA CHẤT SẢN XUẤT, KINH DOANH CÓ ĐIỀU KIỆN"
290,số tự động Word,Dimethyl nitros amine,Dimetyl nitro amin,62-75-9,62-75-9,,C2H6N2O,,,,,II,"1. Chất sản xuất, kinh doanh có điều kiện","DANH MỤC HÓA CHẤT SẢN XUẤT, KINH DOANH CÓ ĐIỀU KIỆN"
291,số tự động Word,"O,O-Dimethyl O-4-nitro-m-tolyl phosphorothioate","O,O-Dimetyl O-4-nitro-m-tolyl photphothioat",122-14-5,122-14-5,,C9H12NO5PS,,,,,II,"1. Chất sản xuất, kinh doanh có điều kiện","DANH MỤC HÓA CHẤT SẢN XUẤT, KINH DOANH CÓ ĐIỀU KIỆN"
292,số tự động Word,Dimethyl sulfide,Dimetyl sunfit,75-18-3,75-18-3,,C2H6S,,,,,II,"1. Chất sản xuất, kinh doanh có điều kiện","DANH MỤC HÓA CHẤT SẢN XUẤT, KINH DOANH CÓ ĐIỀU KIỆN"
293,số tự động Word,Dimethyl thiophosphoryl chloride,Dimetyl thiophotphoryl clorua,2524-03-0,2524-03-0,,C2H6ClO2PS,,,,,II,"1. Chất sản xuất, kinh doanh có điều kiện","DANH MỤC HÓA CHẤT SẢN XUẤT, KINH DOANH CÓ ĐIỀU KIỆN"
294,số tự động Word,Dimethyl zinc,Dimetyl kẽm,544-97-8,544-97-8,,C2H6Zn,,,,,II,"1. Chất sản xuất, kinh doanh có điều kiện","DANH MỤC HÓA CHẤT SẢN XUẤT, KINH DOANH CÓ ĐIỀU KIỆN"
295,số tự động Word,"2,2-Dimethyl-2,3-dihydro-1-benzofuran-7-yl [(dibutylamino) sulfanyl]methyl carbamate","2,2-Dimetyl-2,3-dihydro-1-benzofuran-7-yl [(dibutylamino) sunfanyl] metyl cacbamat",55285-14-8,55285-14-8,,C20H32N2O3S,,,,,II,"1. Chất sản xuất, kinh doanh có điều kiện","DANH MỤC HÓA CHẤT SẢN XUẤT, KINH DOANH CÓ ĐIỀU KIỆN"
296,số tự động Word,2-Dimethylaminoethyl methacrylate,2-Dimetyl-amino-ety-1-metacrylat,2867-47-2,2867-47-2,,C8H15NO2,,,,,II,"1. Chất sản xuất, kinh doanh có điều kiện","DANH MỤC HÓA CHẤT SẢN XUẤT, KINH DOANH CÓ ĐIỀU KIỆN"
297,số tự động Word,"N, N-Dimethylaniline","N, N-Dimetyl anilin",121-69-7,121-69-7,,C8H11N,,,,,II,"1. Chất sản xuất, kinh doanh có điều kiện","DANH MỤC HÓA CHẤT SẢN XUẤT, KINH DOANH CÓ ĐIỀU KIỆN"
298,số tự động Word,"2,3-Dimethylbutane","2,3-Dimetyl butan",79-29-8,79-29-8,,C6H14,,,,,II,"1. Chất sản xuất, kinh doanh có điều kiện","DANH MỤC HÓA CHẤT SẢN XUẤT, KINH DOANH CÓ ĐIỀU KIỆN"
299,số tự động Word,"N,N-Dimethyl-p-toluidine","N,N-dimetyl-p-toluidin",99-97-8,99-97-8,,C9H13N,,,,,II,"1. Chất sản xuất, kinh doanh có điều kiện","DANH MỤC HÓA CHẤT SẢN XUẤT, KINH DOANH CÓ ĐIỀU KIỆN"
300,số tự động Word,"2,4-Dinitro aniline","2,4-Dinitro aniIin",97-02-9,97-02-9,,C6H5N3O4,,,,,II,"1. Chất sản xuất, kinh doanh có điều kiện","DANH MỤC HÓA CHẤT SẢN XUẤT, KINH DOANH CÓ ĐIỀU KIỆN"
301,số tự động Word,"1,2-Dinitro benzene","1,2-Dinitro benzen",528-29-0,528-29-0,,C6H4N2O4,,,,,II,"1. Chất sản xuất, kinh doanh có điều kiện","DANH MỤC HÓA CHẤT SẢN XUẤT, KINH DOANH CÓ ĐIỀU KIỆN"
302,số tự động Word,"1,3-Dinitro benzene","1,3-Dinitro benzen",99-65-0,99-65-0,,C6H4N2O4,,,,,II,"1. Chất sản xuất, kinh doanh có điều kiện","DANH MỤC HÓA CHẤT SẢN XUẤT, KINH DOANH CÓ ĐIỀU KIỆN"
303,số tự động Word,"2,3-Dinitro toluene","2,3-Dinitro toluen",602-01-7,602-01-7,,C7H6N2O4,,,,,II,"1. Chất sản xuất, kinh doanh có điều kiện","DANH MỤC HÓA CHẤT SẢN XUẤT, KINH DOANH CÓ ĐIỀU KIỆN"
304,số tự động Word,"2,6-Dinitro toluene","2,6-Dinitro toluen",606-20-2,606-20-2,,C7H6N2O4,,,,,II,"1. Chất sản xuất, kinh doanh có điều kiện","DANH MỤC HÓA CHẤT SẢN XUẤT, KINH DOANH CÓ ĐIỀU KIỆN"
305,số tự động Word,"3,4-Dinitro toluene","3,4-Dinitro toluen",610-39-9,610-39-9,,C7H6N2O4,,,,,II,"1. Chất sản xuất, kinh doanh có điều kiện","DANH MỤC HÓA CHẤT SẢN XUẤT, KINH DOANH CÓ ĐIỀU KIỆN"
306,số tự động Word,"2,4-Dinitro toluene (2,4-DNT)","Dinitro toluen (2,4-DNT)",121-14-2,121-14-2,,C7H6N2O4,,,,,II,"1. Chất sản xuất, kinh doanh có điều kiện","DANH MỤC HÓA CHẤT SẢN XUẤT, KINH DOANH CÓ ĐIỀU KIỆN"
307,số tự động Word,Dinitro toluene (mixed isomers),Dinitro toluen (hỗn hợp đồng phân),25321-14-6,25321-14-6,,C7H6N2O4,,,,,II,"1. Chất sản xuất, kinh doanh có điều kiện","DANH MỤC HÓA CHẤT SẢN XUẤT, KINH DOANH CÓ ĐIỀU KIỆN"
308,số tự động Word,"2,4-Dinitrochloro benzene","2,4-Dinitro clobenzen",97-00-7,97-00-7,,C6H3ClN2O4,,,,,II,"1. Chất sản xuất, kinh doanh có điều kiện","DANH MỤC HÓA CHẤT SẢN XUẤT, KINH DOANH CÓ ĐIỀU KIỆN"
309,số tự động Word,Dinitrogen tetroxide,Dinitơ tetraoxit,10544-72-6,10544-72-6,,N2O4,,,,,II,"1. Chất sản xuất, kinh doanh có điều kiện","DANH MỤC HÓA CHẤT SẢN XUẤT, KINH DOANH CÓ ĐIỀU KIỆN"
310,số tự động Word,"1,4-Dioxane","1,4-Dietylen dioxit",123-91-1,123-91-1,,C4H8O2,,,,,II,"1. Chất sản xuất, kinh doanh có điều kiện","DANH MỤC HÓA CHẤT SẢN XUẤT, KINH DOANH CÓ ĐIỀU KIỆN"
311,số tự động Word,Dioxathion (isomer mixture),Dioxathion (hỗn hợp đồng phân),78-34-2,78-34-2,,C12H26O6P2S4,,,,,II,"1. Chất sản xuất, kinh doanh có điều kiện","DANH MỤC HÓA CHẤT SẢN XUẤT, KINH DOANH CÓ ĐIỀU KIỆN"
312,số tự động Word,Dioxolane,Dioxolan,646-06-0,646-06-0,,C3H6O2,,,,,II,"1. Chất sản xuất, kinh doanh có điều kiện","DANH MỤC HÓA CHẤT SẢN XUẤT, KINH DOANH CÓ ĐIỀU KIỆN"
313,số tự động Word,Dipropyl ketone,Dipropyl keton,123-19-3,123-19-3,,C7H14O,,,,,II,"1. Chất sản xuất, kinh doanh có điều kiện","DANH MỤC HÓA CHẤT SẢN XUẤT, KINH DOANH CÓ ĐIỀU KIỆN"
314,số tự động Word,Dipropylamine,Dipropyl amin,142-84-7,142-84-7,,C6H15N,,,,,II,"1. Chất sản xuất, kinh doanh có điều kiện","DANH MỤC HÓA CHẤT SẢN XUẤT, KINH DOANH CÓ ĐIỀU KIỆN"
315,số tự động Word,Diphenyl dichloro silane,Diphenyl diclo silan,80-10-4,80-10-4,,C12H10Cl2Si,,,,,II,"1. Chất sản xuất, kinh doanh có điều kiện","DANH MỤC HÓA CHẤT SẢN XUẤT, KINH DOANH CÓ ĐIỀU KIỆN"
316,số tự động Word,"1,2-Diphenyl hydrazine","1,2-Diphenyl hydrazin",122-66-7,122-66-7,,C12H12N2,,,,,II,"1. Chất sản xuất, kinh doanh có điều kiện","DANH MỤC HÓA CHẤT SẢN XUẤT, KINH DOANH CÓ ĐIỀU KIỆN"
317,số tự động Word,"S, S -di-sec-Butyl-O-ethyl-phosphorodithioat","S, S -di-sec-Butyl-O-etyl-photpho dithioat",95465-99-9,95465-99-9,,C10H23O2PS2,,,,,II,"1. Chất sản xuất, kinh doanh có điều kiện","DANH MỤC HÓA CHẤT SẢN XUẤT, KINH DOANH CÓ ĐIỀU KIỆN"
318,số tự động Word,Epibromo hydrin,Epibrom hydrin,3132-64-7,3132-64-7,,C3H5BrO,,,,,II,"1. Chất sản xuất, kinh doanh có điều kiện","DANH MỤC HÓA CHẤT SẢN XUẤT, KINH DOANH CÓ ĐIỀU KIỆN"
319,số tự động Word,"1,2-Epoxy-3-ethoxy propane","1,2-Epoxy-3-ethoxy propan",4016-11-9,4016-11-9,,C5H10O2,,,,,II,"1. Chất sản xuất, kinh doanh có điều kiện","DANH MỤC HÓA CHẤT SẢN XUẤT, KINH DOANH CÓ ĐIỀU KIỆN"
320,số tự động Word,Ethafluralin,Ethalfluralin,55283-68-6,55283-68-6,,C13H14F3N3O4,,,,,II,"1. Chất sản xuất, kinh doanh có điều kiện","DANH MỤC HÓA CHẤT SẢN XUẤT, KINH DOANH CÓ ĐIỀU KIỆN"
321,số tự động Word,Ethanolamine,Etanol amin,141-43-5,141-43-5,,C2H7NO,,,,,II,"1. Chất sản xuất, kinh doanh có điều kiện","DANH MỤC HÓA CHẤT SẢN XUẤT, KINH DOANH CÓ ĐIỀU KIỆN"
322,số tự động Word,2-Ethoxy ethanol,2-Ethoxy etanol,110-80-5,110-80-5,,C4H10O2,,,,,II,"1. Chất sản xuất, kinh doanh có điều kiện","DANH MỤC HÓA CHẤT SẢN XUẤT, KINH DOANH CÓ ĐIỀU KIỆN"
323,số tự động Word,"6-Ethoxy-2,2,4-trimethyl-1,2-dihydroquinoline","6-Ethoxy-2,2,4-trimetyl-1,2-dihydro quinolin",91-53-2,91-53-2,,C14H19NO,,,,,II,"1. Chất sản xuất, kinh doanh có điều kiện","DANH MỤC HÓA CHẤT SẢN XUẤT, KINH DOANH CÓ ĐIỀU KIỆN"
324,số tự động Word,2-Ethoxyethyl acetate,2-Ethoxy etyl axetat,111-15-9,111-15-9,,C6H12O3,,,,,II,"1. Chất sản xuất, kinh doanh có điều kiện","DANH MỤC HÓA CHẤT SẢN XUẤT, KINH DOANH CÓ ĐIỀU KIỆN"
325,số tự động Word,Ethoxylated nonylphenol,Nonylphenol ethoxylat,9016-45-9,9016-45-9,,C19H32O3,,,,,II,"1. Chất sản xuất, kinh doanh có điều kiện","DANH MỤC HÓA CHẤT SẢN XUẤT, KINH DOANH CÓ ĐIỀU KIỆN"
326,số tự động Word,Ethoxysulfuron,Ethoxy sunfuron,126801-58-9,126801-58-9,,C15H18N4O7S,,,,,II,"1. Chất sản xuất, kinh doanh có điều kiện","DANH MỤC HÓA CHẤT SẢN XUẤT, KINH DOANH CÓ ĐIỀU KIỆN"
327,số tự động Word,Ethyl acetate,Etyl axetat,141-78-6,141-78-6,,C4H8O2,,,,,II,"1. Chất sản xuất, kinh doanh có điều kiện","DANH MỤC HÓA CHẤT SẢN XUẤT, KINH DOANH CÓ ĐIỀU KIỆN"
328,số tự động Word,Ethyl acrylate,Etyl acrylat,140-88-5,140-88-5,,C5H8O2,,,,,II,"1. Chất sản xuất, kinh doanh có điều kiện","DANH MỤC HÓA CHẤT SẢN XUẤT, KINH DOANH CÓ ĐIỀU KIỆN"
329,số tự động Word,Ethyl amyl ketone,Etyl amyl keton,541-85-5,541-85-5,,C8H16O,,,,,II,"1. Chất sản xuất, kinh doanh có điều kiện","DANH MỤC HÓA CHẤT SẢN XUẤT, KINH DOANH CÓ ĐIỀU KIỆN"
330,số tự động Word,Ethyl bromoacetate,Etyl brom axetat,105-36-2,105-36-2,,C4H7BrO2,,,,,II,"1. Chất sản xuất, kinh doanh có điều kiện","DANH MỤC HÓA CHẤT SẢN XUẤT, KINH DOANH CÓ ĐIỀU KIỆN"
331,số tự động Word,2-Ethyl butanol,2-Etyl butanol,137-32-6,137-32-6,,C5H12O,,,,,II,"1. Chất sản xuất, kinh doanh có điều kiện","DANH MỤC HÓA CHẤT SẢN XUẤT, KINH DOANH CÓ ĐIỀU KIỆN"
332,số tự động Word,Ethyl butyl ether,Etyl butyl ete,628-81-9,628-81-9,,C6H14O,,,,,II,"1. Chất sản xuất, kinh doanh có điều kiện","DANH MỤC HÓA CHẤT SẢN XUẤT, KINH DOANH CÓ ĐIỀU KIỆN"
333,số tự động Word,Ethyl carbamate,Etyl cacbamat,51-79-6,51-79-6,,C3H7NO2,,,,,II,"1. Chất sản xuất, kinh doanh có điều kiện","DANH MỤC HÓA CHẤT SẢN XUẤT, KINH DOANH CÓ ĐIỀU KIỆN"
334,số tự động Word,Ethyl chloracetate,Etyl clo axetat,105-39-5,105-39-5,,C4H7ClO2,,,,,II,"1. Chất sản xuất, kinh doanh có điều kiện","DANH MỤC HÓA CHẤT SẢN XUẤT, KINH DOANH CÓ ĐIỀU KIỆN"
335,số tự động Word,Ethyl chlorothioformate,Etyl clo thioformat,142-62-1,142-62-1,,C6H12O2,,,,,II,"1. Chất sản xuất, kinh doanh có điều kiện","DANH MỤC HÓA CHẤT SẢN XUẤT, KINH DOANH CÓ ĐIỀU KIỆN"
336,số tự động Word,Ethyl formate,Etyl format,109-94-4,109-94-4,,C3H6O2,,,,,II,"1. Chất sản xuất, kinh doanh có điều kiện","DANH MỤC HÓA CHẤT SẢN XUẤT, KINH DOANH CÓ ĐIỀU KIỆN"
337,số tự động Word,2-Ethyl hexyl chloro formate,2-Etyl hexyl clo format,24468-13-1,24468-13-1,,C9H17ClO2,,,,,II,"1. Chất sản xuất, kinh doanh có điều kiện","DANH MỤC HÓA CHẤT SẢN XUẤT, KINH DOANH CÓ ĐIỀU KIỆN"
338,số tự động Word,Ethyl isobutyrate,Etyl isobutyrat,97-62-1,97-62-1,,C6H12O2,,,,,II,"1. Chất sản xuất, kinh doanh có điều kiện","DANH MỤC HÓA CHẤT SẢN XUẤT, KINH DOANH CÓ ĐIỀU KIỆN"
339,số tự động Word,Ethyl lactate,Etyl lactat,687-47-8,687-47-8,,C5H10O3,,,,,II,"1. Chất sản xuất, kinh doanh có điều kiện","DANH MỤC HÓA CHẤT SẢN XUẤT, KINH DOANH CÓ ĐIỀU KIỆN"
340,số tự động Word,Ethyl methacrylate,Etyl metacrylat,97-63-2,97-63-2,,C6H10O2,,,,,II,"1. Chất sản xuất, kinh doanh có điều kiện","DANH MỤC HÓA CHẤT SẢN XUẤT, KINH DOANH CÓ ĐIỀU KIỆN"
341,số tự động Word,Ethyl orthoformate,Etyl orthoformat,122-51-0,122-51-0,,C7H16O3,,,,,II,"1. Chất sản xuất, kinh doanh có điều kiện","DANH MỤC HÓA CHẤT SẢN XUẤT, KINH DOANH CÓ ĐIỀU KIỆN"
342,số tự động Word,Ethyl propionate,Etyl propionat,105-37-3,105-37-3,,C5H10O2,,,,,II,"1. Chất sản xuất, kinh doanh có điều kiện","DANH MỤC HÓA CHẤT SẢN XUẤT, KINH DOANH CÓ ĐIỀU KIỆN"
343,số tự động Word,Ethyl propyl ether,Etyl propyl ete,628-32-0,628-32-0,,C5H12O,,,,,II,"1. Chất sản xuất, kinh doanh có điều kiện","DANH MỤC HÓA CHẤT SẢN XUẤT, KINH DOANH CÓ ĐIỀU KIỆN"
344,số tự động Word,Ethyl trans-crotonate,Etyl trans-crotonat,623-70-1,623-70-1,,C6H10O2,,,,,II,"1. Chất sản xuất, kinh doanh có điều kiện","DANH MỤC HÓA CHẤT SẢN XUẤT, KINH DOANH CÓ ĐIỀU KIỆN"
345,số tự động Word,"Ethyl-(Z)-2-chlor-3-(2-chlor-5-(cyclohex-1-en-1,2-dicarbox-imido)phenyl) acrylate","Etyl-(Z)-2-clo-3-(2-clo-5-(xyclohex-1-en-1,2-dicacbox-imido)phenyl) acrylat",142891-20-1,142891-20-1,,C19H17Cl2NO4,,,,,II,"1. Chất sản xuất, kinh doanh có điều kiện","DANH MỤC HÓA CHẤT SẢN XUẤT, KINH DOANH CÓ ĐIỀU KIỆN"
346,số tự động Word,"Ethyl-3-​(3,5-​dichlorphenyl)​-​5-methyl-​2,4-​dioxo-​5-​oxazolidincarboxylat","Etyl-3-​(3,5-​diclophenyl)​-​5-metyl-​2,4-​dioxo-​5-​oxazolidin cacboxylat",84332-86-5,84332-86-5,,C13H11Cl2NO5,,,,,II,"1. Chất sản xuất, kinh doanh có điều kiện","DANH MỤC HÓA CHẤT SẢN XUẤT, KINH DOANH CÓ ĐIỀU KIỆN"
347,số tự động Word,N-Ethylaniline,N-etyl anilin,103-69-5,103-69-5,,C8H11N,,,,,II,"1. Chất sản xuất, kinh doanh có điều kiện","DANH MỤC HÓA CHẤT SẢN XUẤT, KINH DOANH CÓ ĐIỀU KIỆN"
348,số tự động Word,2-Ethylbutyl acetate,2-Etyl butyl axetat,10031-87-5,10031-87-5,,C8H16O2,,,,,II,"1. Chất sản xuất, kinh doanh có điều kiện","DANH MỤC HÓA CHẤT SẢN XUẤT, KINH DOANH CÓ ĐIỀU KIỆN"
349,số tự động Word,2-Ethylbutyraldehyde,2-Etyl butyl andehit,97-96-1,97-96-1,,C6H12O,,,,,II,"1. Chất sản xuất, kinh doanh có điều kiện","DANH MỤC HÓA CHẤT SẢN XUẤT, KINH DOANH CÓ ĐIỀU KIỆN"
350,số tự động Word,Ethyldichlorosilane,Etyl diclo silan,1789-58-8,1789-58-8,,C2H6Cl2Si,,,,,II,"1. Chất sản xuất, kinh doanh có điều kiện","DANH MỤC HÓA CHẤT SẢN XUẤT, KINH DOANH CÓ ĐIỀU KIỆN"
351,số tự động Word,Ethylen imine,Etylen imin,151-56-4,151-56-4,,C2H5N,,,,,II,"1. Chất sản xuất, kinh doanh có điều kiện","DANH MỤC HÓA CHẤT SẢN XUẤT, KINH DOANH CÓ ĐIỀU KIỆN"
352,số tự động Word,Ethylene,Etylen,74-85-1,74-85-1,,C2H4,,,,,II,"1. Chất sản xuất, kinh doanh có điều kiện","DANH MỤC HÓA CHẤT SẢN XUẤT, KINH DOANH CÓ ĐIỀU KIỆN"
353,số tự động Word,Ethylene thiourea,Etylen thiourea,96-45-7,96-45-7,,C3H6N2S,,,,,II,"1. Chất sản xuất, kinh doanh có điều kiện","DANH MỤC HÓA CHẤT SẢN XUẤT, KINH DOANH CÓ ĐIỀU KIỆN"
354,số tự động Word,2-Ethylhexylamine,2-Etylhexylamin,104-75-6,104-75-6,,C8H19N,,,,,II,"1. Chất sản xuất, kinh doanh có điều kiện","DANH MỤC HÓA CHẤT SẢN XUẤT, KINH DOANH CÓ ĐIỀU KIỆN"
355,số tự động Word,1-Ethylpiperidine,1-Etyl piperidin,766-09-6,766-09-6,,C7H15N,,,,,II,"1. Chất sản xuất, kinh doanh có điều kiện","DANH MỤC HÓA CHẤT SẢN XUẤT, KINH DOANH CÓ ĐIỀU KIỆN"
356,số tự động Word,Ethyltrichlorosilane,Etyl triclo silan,115-21-9,115-21-9,,C2H5Cl3Si,,,,,II,"1. Chất sản xuất, kinh doanh có điều kiện","DANH MỤC HÓA CHẤT SẢN XUẤT, KINH DOANH CÓ ĐIỀU KIỆN"
357,số tự động Word,"1,2,3,6-etrahydro benzaldehyde","1,2,3,6- Tetrahydrobenzal dehyt",100-50-5,100-50-5,,C7H10O,,,,,II,"1. Chất sản xuất, kinh doanh có điều kiện","DANH MỤC HÓA CHẤT SẢN XUẤT, KINH DOANH CÓ ĐIỀU KIỆN"
358,số tự động Word,Fenarimol,Fenarimol,60168-88-9,60168-88-9,,C17H12Cl2N2O,,,,,II,"1. Chất sản xuất, kinh doanh có điều kiện","DANH MỤC HÓA CHẤT SẢN XUẤT, KINH DOANH CÓ ĐIỀU KIỆN"
359,số tự động Word,Fenthion,Fenthion,55-38-9,55-38-9,,C10H15O3PS2,,,,,II,"1. Chất sản xuất, kinh doanh có điều kiện","DANH MỤC HÓA CHẤT SẢN XUẤT, KINH DOANH CÓ ĐIỀU KIỆN"
360,số tự động Word,Ferrocerium,Ceri sắt,69523-06-4,69523-06-4,,---,,,,,II,"1. Chất sản xuất, kinh doanh có điều kiện","DANH MỤC HÓA CHẤT SẢN XUẤT, KINH DOANH CÓ ĐIỀU KIỆN"
361,số tự động Word,Flufenoxuron,Flufenoxuron,101463-69-8,101463-69-8,,C21H11ClF6N2O3,,,,,II,"1. Chất sản xuất, kinh doanh có điều kiện","DANH MỤC HÓA CHẤT SẢN XUẤT, KINH DOANH CÓ ĐIỀU KIỆN"
362,số tự động Word,Fluoro aniline,Flo anilin,348-54-9,348-54-9,,C6H6NF,,,,,II,"1. Chất sản xuất, kinh doanh có điều kiện","DANH MỤC HÓA CHẤT SẢN XUẤT, KINH DOANH CÓ ĐIỀU KIỆN"
363,số tự động Word,m-Fluoro toluene,m-Flo toluen,352-70-5,352-70-5,,C7H7F,,,,,II,"1. Chất sản xuất, kinh doanh có điều kiện","DANH MỤC HÓA CHẤT SẢN XUẤT, KINH DOANH CÓ ĐIỀU KIỆN"
364,số tự động Word,Fluorobenzene,Flo benzen,462-06-6,462-06-6,,C6H5F,,,,,II,"1. Chất sản xuất, kinh doanh có điều kiện","DANH MỤC HÓA CHẤT SẢN XUẤT, KINH DOANH CÓ ĐIỀU KIỆN"
365,số tự động Word,Fluoroboric acid,Axit floroboric,16872-11-0,16872-11-0,,HBF4,,,,,II,"1. Chất sản xuất, kinh doanh có điều kiện","DANH MỤC HÓA CHẤT SẢN XUẤT, KINH DOANH CÓ ĐIỀU KIỆN"
366,số tự động Word,Fluorosulfonic acid,Axit flo sunphonic,7789-21-1,7789-21-1,,HSO3F,,,,,II,"1. Chất sản xuất, kinh doanh có điều kiện","DANH MỤC HÓA CHẤT SẢN XUẤT, KINH DOANH CÓ ĐIỀU KIỆN"
367,số tự động Word,o-Fluorotoluene,o-Flo toluen,95-52-3,95-52-3,,C7H7F,,,,,II,"1. Chất sản xuất, kinh doanh có điều kiện","DANH MỤC HÓA CHẤT SẢN XUẤT, KINH DOANH CÓ ĐIỀU KIỆN"
368,số tự động Word,p-Fluorotoluene,p-Flo toluen,352-32-9,352-32-9,,C7H7F,,,,,II,"1. Chất sản xuất, kinh doanh có điều kiện","DANH MỤC HÓA CHẤT SẢN XUẤT, KINH DOANH CÓ ĐIỀU KIỆN"
369,số tự động Word,Flurprimidol,Flurprimidol,56425-91-3,56425-91-3,,C15H15F3N2O2,,,,,II,"1. Chất sản xuất, kinh doanh có điều kiện","DANH MỤC HÓA CHẤT SẢN XUẤT, KINH DOANH CÓ ĐIỀU KIỆN"
370,số tự động Word,Fumaryl chloride,Fumaryl clorua,627-63-4,627-63-4,,C4H2Cl2O2,,,,,II,"1. Chất sản xuất, kinh doanh có điều kiện","DANH MỤC HÓA CHẤT SẢN XUẤT, KINH DOANH CÓ ĐIỀU KIỆN"
371,số tự động Word,Furfuryl alcohol,Furfuryl alcohol,98-00-0,98-00-0,,C5H6O2,,,,,II,"1. Chất sản xuất, kinh doanh có điều kiện","DANH MỤC HÓA CHẤT SẢN XUẤT, KINH DOANH CÓ ĐIỀU KIỆN"
372,số tự động Word,Furfurylamine,Furfurylamin,617-89-0,617-89-0,,C5H7NO,,,,,II,"1. Chất sản xuất, kinh doanh có điều kiện","DANH MỤC HÓA CHẤT SẢN XUẤT, KINH DOANH CÓ ĐIỀU KIỆN"
373,số tự động Word,Gallium,Gali,7440-55-3,7440-55-3,,Ga,,,,,II,"1. Chất sản xuất, kinh doanh có điều kiện","DANH MỤC HÓA CHẤT SẢN XUẤT, KINH DOANH CÓ ĐIỀU KIỆN"
374,số tự động Word,Glycidaldehyde,Glycidaldehit,765-34-4,765-34-4,,C3H4O2,,,,,II,"1. Chất sản xuất, kinh doanh có điều kiện","DANH MỤC HÓA CHẤT SẢN XUẤT, KINH DOANH CÓ ĐIỀU KIỆN"
375,số tự động Word,Guanidine nitrate,Guanidin nitrat,506-93-4,506-93-4,,CH6N4O3,,,,,II,"1. Chất sản xuất, kinh doanh có điều kiện","DANH MỤC HÓA CHẤT SẢN XUẤT, KINH DOANH CÓ ĐIỀU KIỆN"
376,số tự động Word,Helium,Heli,7440-59-7,7440-59-7,,He,,,,,II,"1. Chất sản xuất, kinh doanh có điều kiện","DANH MỤC HÓA CHẤT SẢN XUẤT, KINH DOANH CÓ ĐIỀU KIỆN"
377,số tự động Word,N-Heptanaldehyde (Heptanal),N-heptanaldehit (Heptanal),111-71-7,111-71-7,,C7H14O,,,,,II,"1. Chất sản xuất, kinh doanh có điều kiện","DANH MỤC HÓA CHẤT SẢN XUẤT, KINH DOANH CÓ ĐIỀU KIỆN"
378,số tự động Word,N-Heptane,N-Heptan,142-82-5,142-82-5,,C7H16,,,,,II,"1. Chất sản xuất, kinh doanh có điều kiện","DANH MỤC HÓA CHẤT SẢN XUẤT, KINH DOANH CÓ ĐIỀU KIỆN"
379,số tự động Word,2-Heptanone,2-Heptanon,110-43-0,110-43-0,,C7H14O,,,,,II,"1. Chất sản xuất, kinh doanh có điều kiện","DANH MỤC HÓA CHẤT SẢN XUẤT, KINH DOANH CÓ ĐIỀU KIỆN"
380,số tự động Word,Hexa methylene diamine,Hexametylen diamin,124-09-4,124-09-4,,C6H16N2,,,,,II,"1. Chất sản xuất, kinh doanh có điều kiện","DANH MỤC HÓA CHẤT SẢN XUẤT, KINH DOANH CÓ ĐIỀU KIỆN"
381,số tự động Word,Hexabromo cyclododecane,Hexabrom xyclododecan,134237-50-6 134237-51-7 134237-52-8,134237-50-6; 134237-51-7; 134237-52-8,,C12H18Br6,,,,,II,"1. Chất sản xuất, kinh doanh có điều kiện","DANH MỤC HÓA CHẤT SẢN XUẤT, KINH DOANH CÓ ĐIỀU KIỆN"
382,số tự động Word,Hexachloro butadiene,Hexaclo butadien,87-68-3,87-68-3,,C4Cl6,,,,,II,"1. Chất sản xuất, kinh doanh có điều kiện","DANH MỤC HÓA CHẤT SẢN XUẤT, KINH DOANH CÓ ĐIỀU KIỆN"
383,số tự động Word,Alpha-hexachloro cyclohexane,Alpha-hexaclo xyclohexan,319-84-6,319-84-6,,C6H6Cl6,,,,,II,"1. Chất sản xuất, kinh doanh có điều kiện","DANH MỤC HÓA CHẤT SẢN XUẤT, KINH DOANH CÓ ĐIỀU KIỆN"
384,số tự động Word,Beta-hexachloro cyclohexane,Beta-hexaclo xyclohexan,319-85-7,319-85-7,,C6H6Cl6,,,,,II,"1. Chất sản xuất, kinh doanh có điều kiện","DANH MỤC HÓA CHẤT SẢN XUẤT, KINH DOANH CÓ ĐIỀU KIỆN"
385,số tự động Word,Hexachloro cyclopentadiene,Hexaclo xyclopentadien,77-47-4,77-47-4,,C5Cl6,,,,,II,"1. Chất sản xuất, kinh doanh có điều kiện","DANH MỤC HÓA CHẤT SẢN XUẤT, KINH DOANH CÓ ĐIỀU KIỆN"
386,số tự động Word,Hexachlorophene,Hexaclophen,70-30-4,70-30-4,,C13H6Cl6O2,,,,,II,"1. Chất sản xuất, kinh doanh có điều kiện","DANH MỤC HÓA CHẤT SẢN XUẤT, KINH DOANH CÓ ĐIỀU KIỆN"
387,số tự động Word,Hexadecyltrichloro silane,Hexadecyltriclo silan,5894-60-0,5894-60-0,,C16H33Cl3Si,,,,,II,"1. Chất sản xuất, kinh doanh có điều kiện","DANH MỤC HÓA CHẤT SẢN XUẤT, KINH DOANH CÓ ĐIỀU KIỆN"
388,số tự động Word,"1,4-Hexadiene","1,4-Hexadien",592-45-0,592-45-0,,C6H10,,,,,II,"1. Chất sản xuất, kinh doanh có điều kiện","DANH MỤC HÓA CHẤT SẢN XUẤT, KINH DOANH CÓ ĐIỀU KIỆN"
389,số tự động Word,"1,5-Hexadiene","1,5-Hexadien",592-42-7,592-42-7,,C6H10,,,,,II,"1. Chất sản xuất, kinh doanh có điều kiện","DANH MỤC HÓA CHẤT SẢN XUẤT, KINH DOANH CÓ ĐIỀU KIỆN"
390,số tự động Word,"2,4-Hexadiene","2,4-Hexadien",592-46-1,592-46-1,,C6H10,,,,,II,"1. Chất sản xuất, kinh doanh có điều kiện","DANH MỤC HÓA CHẤT SẢN XUẤT, KINH DOANH CÓ ĐIỀU KIỆN"
391,số tự động Word,Hexafluoro phosphoric acid,Axit hexaflo photphoric,16940-81-1,16940-81-1,,HPF6,,,,,II,"1. Chất sản xuất, kinh doanh có điều kiện","DANH MỤC HÓA CHẤT SẢN XUẤT, KINH DOANH CÓ ĐIỀU KIỆN"
392,số tự động Word,Hexafluoro silicic acid,Axit flo silicic,16961-83-4,16961-83-4,,H2SiF6,,,,,II,"1. Chất sản xuất, kinh doanh có điều kiện","DANH MỤC HÓA CHẤT SẢN XUẤT, KINH DOANH CÓ ĐIỀU KIỆN"
393,số tự động Word,Hexafluoroacetone,Hexaflo axeton hydrat,684-16-2,684-16-2,,C3OF6,,,,,II,"1. Chất sản xuất, kinh doanh có điều kiện","DANH MỤC HÓA CHẤT SẢN XUẤT, KINH DOANH CÓ ĐIỀU KIỆN"
394,số tự động Word,Hexahydro-4-methylphthalic anhydride,Hexahydro-4-metyl phthalic anhydrit,19438-60-9,19438-60-9,,C9H12O3,,,,,II,"1. Chất sản xuất, kinh doanh có điều kiện","DANH MỤC HÓA CHẤT SẢN XUẤT, KINH DOANH CÓ ĐIỀU KIỆN"
395,số tự động Word,Hexahydromethyl phthalic anhydride,Hexahydromethyl phthalic anhydrit,25550-51-0 48122-14-1 57110-29-9,25550-51-0; 48122-14-1; 57110-29-9,,C9H12O3,,,,,II,"1. Chất sản xuất, kinh doanh có điều kiện","DANH MỤC HÓA CHẤT SẢN XUẤT, KINH DOANH CÓ ĐIỀU KIỆN"
396,số tự động Word,Hexahydrophthalic anhydride,Hexahydro phthalic anhydrit,85-42-7,85-42-7,,C8H10O3,,,,,II,"1. Chất sản xuất, kinh doanh có điều kiện","DANH MỤC HÓA CHẤT SẢN XUẤT, KINH DOANH CÓ ĐIỀU KIỆN"
397,số tự động Word,Hexametylentetramine,Hexametylen tetramin,100-97-0,100-97-0,,C6H12N4,,,,,II,"1. Chất sản xuất, kinh doanh có điều kiện","DANH MỤC HÓA CHẤT SẢN XUẤT, KINH DOANH CÓ ĐIỀU KIỆN"
398,số tự động Word,Hexamethyl phosphoro amide,Hexametyl photpho amit,680-31-9,680-31-9,,C6H18N3OP,,,,,II,"1. Chất sản xuất, kinh doanh có điều kiện","DANH MỤC HÓA CHẤT SẢN XUẤT, KINH DOANH CÓ ĐIỀU KIỆN"
399,số tự động Word,Hexamethyleneimine,Hexametylenimin,111-49-9,111-49-9,,C6H13N,,,,,II,"1. Chất sản xuất, kinh doanh có điều kiện","DANH MỤC HÓA CHẤT SẢN XUẤT, KINH DOANH CÓ ĐIỀU KIỆN"
400,số tự động Word,Hexanal,Hexaldehit,66-25-1,66-25-1,,C6H12O,,,,,II,"1. Chất sản xuất, kinh doanh có điều kiện","DANH MỤC HÓA CHẤT SẢN XUẤT, KINH DOANH CÓ ĐIỀU KIỆN"
401,số tự động Word,n-Hexane,n-Hexan,110-54-3,110-54-3,,C6H14,,,,,II,"1. Chất sản xuất, kinh doanh có điều kiện","DANH MỤC HÓA CHẤT SẢN XUẤT, KINH DOANH CÓ ĐIỀU KIỆN"
402,số tự động Word,1-Hexanol,1-Hexanol,111-27-3,111-27-3,,C6H14O,,,,,II,"1. Chất sản xuất, kinh doanh có điều kiện","DANH MỤC HÓA CHẤT SẢN XUẤT, KINH DOANH CÓ ĐIỀU KIỆN"
403,số tự động Word,2-Hexanone,2-Hexanon,591-78-6,591-78-6,,C6H12O,,,,,II,"1. Chất sản xuất, kinh doanh có điều kiện","DANH MỤC HÓA CHẤT SẢN XUẤT, KINH DOANH CÓ ĐIỀU KIỆN"
404,số tự động Word,1-Hexene,1-Hexen,592-41-6,592-41-6,,C6H12,,,,,II,"1. Chất sản xuất, kinh doanh có điều kiện","DANH MỤC HÓA CHẤT SẢN XUẤT, KINH DOANH CÓ ĐIỀU KIỆN"
405,số tự động Word,Hydrogen,Hydro,1333-74-0,1333-74-0,,H2,,,,,II,"1. Chất sản xuất, kinh doanh có điều kiện","DANH MỤC HÓA CHẤT SẢN XUẤT, KINH DOANH CÓ ĐIỀU KIỆN"
406,số tự động Word,Hydrogen bromide,Hydro bromua,10035-10-6,10035-10-6,,HBr,,,,,II,"1. Chất sản xuất, kinh doanh có điều kiện","DANH MỤC HÓA CHẤT SẢN XUẤT, KINH DOANH CÓ ĐIỀU KIỆN"
407,số tự động Word,Hydrogen fluoride,Hydro florua,7664-39-3,7664-39-3,,HF,,,,,II,"1. Chất sản xuất, kinh doanh có điều kiện","DANH MỤC HÓA CHẤT SẢN XUẤT, KINH DOANH CÓ ĐIỀU KIỆN"
408,số tự động Word,Hydrogen iodide,Hydro iođua,10034-85-2,10034-85-2,,HI,,,,,II,"1. Chất sản xuất, kinh doanh có điều kiện","DANH MỤC HÓA CHẤT SẢN XUẤT, KINH DOANH CÓ ĐIỀU KIỆN"
409,số tự động Word,Hydrogen peroxide,Hydro peroxit,7722-84-1,7722-84-1,,H2O2,,,,,II,"1. Chất sản xuất, kinh doanh có điều kiện","DANH MỤC HÓA CHẤT SẢN XUẤT, KINH DOANH CÓ ĐIỀU KIỆN"
410,số tự động Word,Hydrogen selenide,Hydro selenua,7783-07-5,7783-07-5,,H2Se,,,,,II,"1. Chất sản xuất, kinh doanh có điều kiện","DANH MỤC HÓA CHẤT SẢN XUẤT, KINH DOANH CÓ ĐIỀU KIỆN"
411,số tự động Word,Hydrogen sulphide,Hydro sunphua,7783-06-4,7783-06-4,,H2S,,,,,II,"1. Chất sản xuất, kinh doanh có điều kiện","DANH MỤC HÓA CHẤT SẢN XUẤT, KINH DOANH CÓ ĐIỀU KIỆN"
412,số tự động Word,Hydroxy aceto nitrile (glycolonitrile),Hydroxy axeto nitril,107-16-4,107-16-4,,C2H3NO,,,,,II,"1. Chất sản xuất, kinh doanh có điều kiện","DANH MỤC HÓA CHẤT SẢN XUẤT, KINH DOANH CÓ ĐIỀU KIỆN"
413,số tự động Word,3-Hydroxy-2-butanone,3-Hydroxy-2-butanon,513-86-0,513-86-0,,C4H8O2,,,,,II,"1. Chất sản xuất, kinh doanh có điều kiện","DANH MỤC HÓA CHẤT SẢN XUẤT, KINH DOANH CÓ ĐIỀU KIỆN"
414,số tự động Word,1-Hydroxy-2-methylbenzene,1-Hydroxy-2-metyl benzen,95-48-7,95-48-7,,C7H8O,,,,,II,"1. Chất sản xuất, kinh doanh có điều kiện","DANH MỤC HÓA CHẤT SẢN XUẤT, KINH DOANH CÓ ĐIỀU KIỆN"
415,số tự động Word,1-hydroxy-2-nitrobenzene,1-hydroxy-2-nitrobenzen,88-75-5,88-75-5,,C6H5NO3,,,,,II,"1. Chất sản xuất, kinh doanh có điều kiện","DANH MỤC HÓA CHẤT SẢN XUẤT, KINH DOANH CÓ ĐIỀU KIỆN"
416,số tự động Word,1-Hydroxy-3-methyl benzene,1-Hydroxy-3-metyl benzen,108-39-4,108-39-4,,C7H8O,,,,,II,"1. Chất sản xuất, kinh doanh có điều kiện","DANH MỤC HÓA CHẤT SẢN XUẤT, KINH DOANH CÓ ĐIỀU KIỆN"
417,số tự động Word,1-hydroxy-3-nitrobenzene,1-hydroxy-3-nitrobenzen,554-84-7,554-84-7,,C6H5NO3,,,,,II,"1. Chất sản xuất, kinh doanh có điều kiện","DANH MỤC HÓA CHẤT SẢN XUẤT, KINH DOANH CÓ ĐIỀU KIỆN"
418,số tự động Word,1-Hydroxy-4-methylbenzene,1-Hydroxy-4-metyl benzen,106-44-5,106-44-5,,C7H8O,,,,,II,"1. Chất sản xuất, kinh doanh có điều kiện","DANH MỤC HÓA CHẤT SẢN XUẤT, KINH DOANH CÓ ĐIỀU KIỆN"
419,số tự động Word,1-hydroxy-4-nitrobenzene,1-hydroxy-4-nitrobenzen,100-02-7,100-02-7,,C6H5NO3,,,,,II,"1. Chất sản xuất, kinh doanh có điều kiện","DANH MỤC HÓA CHẤT SẢN XUẤT, KINH DOANH CÓ ĐIỀU KIỆN"
420,số tự động Word,Hydroxyl ammonium sulfate,Hydroxyl amin sunphat,10039-54-0,10039-54-0,,(NH3OH)2SO4,,,,,II,"1. Chất sản xuất, kinh doanh có điều kiện","DANH MỤC HÓA CHẤT SẢN XUẤT, KINH DOANH CÓ ĐIỀU KIỆN"
421,số tự động Word,Hydroxylamine,Hydroxyl amin,7803-49-8,7803-49-8,,H3NO,,,,,II,"1. Chất sản xuất, kinh doanh có điều kiện","DANH MỤC HÓA CHẤT SẢN XUẤT, KINH DOANH CÓ ĐIỀU KIỆN"
422,số tự động Word,Hydroxylamine hydrochloride,Hydroxylamin hydroclorua,5470-11-1,5470-11-1,,H3NOHCl,,,,,II,"1. Chất sản xuất, kinh doanh có điều kiện","DANH MỤC HÓA CHẤT SẢN XUẤT, KINH DOANH CÓ ĐIỀU KIỆN"
423,số tự động Word,Indolacetic acid,Axit indolacetic,87-51-4,87-51-4,,C10H8NO2,,,,,II,"1. Chất sản xuất, kinh doanh có điều kiện","DANH MỤC HÓA CHẤT SẢN XUẤT, KINH DOANH CÓ ĐIỀU KIỆN"
424,số tự động Word,Iodine,Iot,7553-56-2,7553-56-2,,I2,,,,,II,"1. Chất sản xuất, kinh doanh có điều kiện","DANH MỤC HÓA CHẤT SẢN XUẤT, KINH DOANH CÓ ĐIỀU KIỆN"
425,số tự động Word,Iodine monochloride,lod monoclorua,7790-99-0,7790-99-0,,ICl,,,,,II,"1. Chất sản xuất, kinh doanh có điều kiện","DANH MỤC HÓA CHẤT SẢN XUẤT, KINH DOANH CÓ ĐIỀU KIỆN"
426,số tự động Word,Iodine pentafluoride,Iot pentaflorua,7783-66-6,7783-66-6,,IF5,,,,,II,"1. Chất sản xuất, kinh doanh có điều kiện","DANH MỤC HÓA CHẤT SẢN XUẤT, KINH DOANH CÓ ĐIỀU KIỆN"
427,số tự động Word,"Butane, 2-iodo-","Butan, 2-iot-",513-48-4,513-48-4,,C4H9I,,,,,II,"1. Chất sản xuất, kinh doanh có điều kiện","DANH MỤC HÓA CHẤT SẢN XUẤT, KINH DOANH CÓ ĐIỀU KIỆN"
428,số tự động Word,Iodomethane,Metyl lotua,74-88-4,74-88-4,,CH3I,,,,,II,"1. Chất sản xuất, kinh doanh có điều kiện","DANH MỤC HÓA CHẤT SẢN XUẤT, KINH DOANH CÓ ĐIỀU KIỆN"
429,số tự động Word,Iodomethylpropane,Iot metyl propan,513-38-2,513-38-2,,C4H9I,,,,,II,"1. Chất sản xuất, kinh doanh có điều kiện","DANH MỤC HÓA CHẤT SẢN XUẤT, KINH DOANH CÓ ĐIỀU KIỆN"
430,số tự động Word,1-Iodopropane,1-Iotpropan,107-08-4,107-08-4,,C3H7I,,,,,II,"1. Chất sản xuất, kinh doanh có điều kiện","DANH MỤC HÓA CHẤT SẢN XUẤT, KINH DOANH CÓ ĐIỀU KIỆN"
431,số tự động Word,2-Iodopropane,2-Iotpropan,75-30-9,75-30-9,,C3H7I,,,,,II,"1. Chất sản xuất, kinh doanh có điều kiện","DANH MỤC HÓA CHẤT SẢN XUẤT, KINH DOANH CÓ ĐIỀU KIỆN"
432,số tự động Word,Iron (IIl) chloride,Sắt (III) clorua,7705-08-0,7705-08-0,,FeCl3,,,,,II,"1. Chất sản xuất, kinh doanh có điều kiện","DANH MỤC HÓA CHẤT SẢN XUẤT, KINH DOANH CÓ ĐIỀU KIỆN"
433,số tự động Word,Isobutanol,Isobutanol,78-83-1,78-83-1,,C4H10O,,,,,II,"1. Chất sản xuất, kinh doanh có điều kiện","DANH MỤC HÓA CHẤT SẢN XUẤT, KINH DOANH CÓ ĐIỀU KIỆN"
434,số tự động Word,Isobutyl acetate,Isobutyl axetat,110-19-0,110-19-0,,C6H12O2,,,,,II,"1. Chất sản xuất, kinh doanh có điều kiện","DANH MỤC HÓA CHẤT SẢN XUẤT, KINH DOANH CÓ ĐIỀU KIỆN"
435,số tự động Word,Isobutyl acrylate,Isobutyl acrylat,106-63-8,106-63-8,,C7H12O2,,,,,II,"1. Chất sản xuất, kinh doanh có điều kiện","DANH MỤC HÓA CHẤT SẢN XUẤT, KINH DOANH CÓ ĐIỀU KIỆN"
436,số tự động Word,Isobutyl formate,Isobutyl format,542-55-2,542-55-2,,C5H10O2,,,,,II,"1. Chất sản xuất, kinh doanh có điều kiện","DANH MỤC HÓA CHẤT SẢN XUẤT, KINH DOANH CÓ ĐIỀU KIỆN"
437,số tự động Word,Isobutyl isobutyrate,Isobutyl isobutyrat,97-85-8,97-85-8,,C8H16O2,,,,,II,"1. Chất sản xuất, kinh doanh có điều kiện","DANH MỤC HÓA CHẤT SẢN XUẤT, KINH DOANH CÓ ĐIỀU KIỆN"
438,số tự động Word,Isobutyl methacrylate,Isobutyl metacrylat,97-86-9,97-86-9,,C8H14O2,,,,,II,"1. Chất sản xuất, kinh doanh có điều kiện","DANH MỤC HÓA CHẤT SẢN XUẤT, KINH DOANH CÓ ĐIỀU KIỆN"
439,số tự động Word,Isobutyl propionate,Isobutyl propionat,540-42-1,540-42-1,,C7H14O2,,,,,II,"1. Chất sản xuất, kinh doanh có điều kiện","DANH MỤC HÓA CHẤT SẢN XUẤT, KINH DOANH CÓ ĐIỀU KIỆN"
440,số tự động Word,Isobutylamine,Isobutylamin,78-81-9,78-81-9,,C4H11N,,,,,II,"1. Chất sản xuất, kinh doanh có điều kiện","DANH MỤC HÓA CHẤT SẢN XUẤT, KINH DOANH CÓ ĐIỀU KIỆN"
441,số tự động Word,Isobutyraldehyde,Isobutyraldehit,78-84-2,78-84-2,,C4H8O,,,,,II,"1. Chất sản xuất, kinh doanh có điều kiện","DANH MỤC HÓA CHẤT SẢN XUẤT, KINH DOANH CÓ ĐIỀU KIỆN"
442,số tự động Word,Isobutyric acid,Axit isobutyric,79-31-2,79-31-2,,C4H8O2,,,,,II,"1. Chất sản xuất, kinh doanh có điều kiện","DANH MỤC HÓA CHẤT SẢN XUẤT, KINH DOANH CÓ ĐIỀU KIỆN"
443,số tự động Word,Isobutyric anhydride,Isobutyric anhydrit,97-72-3,97-72-3,,C8H14O3,,,,,II,"1. Chất sản xuất, kinh doanh có điều kiện","DANH MỤC HÓA CHẤT SẢN XUẤT, KINH DOANH CÓ ĐIỀU KIỆN"
444,số tự động Word,Isobutyryl chloride,Isobutyryl chlorit,79-30-1,79-30-1,,C4H7ClO,,,,,II,"1. Chất sản xuất, kinh doanh có điều kiện","DANH MỤC HÓA CHẤT SẢN XUẤT, KINH DOANH CÓ ĐIỀU KIỆN"
445,số tự động Word,Isohexene,Isohexen,691-37-2,691-37-2,,C6H12,,,,,II,"1. Chất sản xuất, kinh doanh có điều kiện","DANH MỤC HÓA CHẤT SẢN XUẤT, KINH DOANH CÓ ĐIỀU KIỆN"
446,số tự động Word,Isooctene,Isooctan,11071-47-9,11071-47-9,,C8H16,,,,,II,"1. Chất sản xuất, kinh doanh có điều kiện","DANH MỤC HÓA CHẤT SẢN XUẤT, KINH DOANH CÓ ĐIỀU KIỆN"
447,số tự động Word,Isopentene,Isopenten,513-35-9,513-35-9,,C5H10,,,,,II,"1. Chất sản xuất, kinh doanh có điều kiện","DANH MỤC HÓA CHẤT SẢN XUẤT, KINH DOANH CÓ ĐIỀU KIỆN"
448,số tự động Word,Isopropenyl acetate,Isopropenyl axetat,108-22-5,108-22-5,,C5H8O2,,,,,II,"1. Chất sản xuất, kinh doanh có điều kiện","DANH MỤC HÓA CHẤT SẢN XUẤT, KINH DOANH CÓ ĐIỀU KIỆN"
449,số tự động Word,Isopropenyl benzene,Isopropenyl benzen,98-83-9,98-83-9,,C9H10,,,,,II,"1. Chất sản xuất, kinh doanh có điều kiện","DANH MỤC HÓA CHẤT SẢN XUẤT, KINH DOANH CÓ ĐIỀU KIỆN"
450,số tự động Word,Isopropyl acetate,Isopropyl axetat,108-21-4,108-21-4,,C5H10O2,,,,,II,"1. Chất sản xuất, kinh doanh có điều kiện","DANH MỤC HÓA CHẤT SẢN XUẤT, KINH DOANH CÓ ĐIỀU KIỆN"
451,số tự động Word,Isopropyl alcohol,Isopropanol,67-63-0,67-63-0,,C3H8O,,,,,II,"1. Chất sản xuất, kinh doanh có điều kiện","DANH MỤC HÓA CHẤT SẢN XUẤT, KINH DOANH CÓ ĐIỀU KIỆN"
452,số tự động Word,Isopropyl butyrate,Isopropyl butyrat,638-11-9,638-11-9,,C7H14O2,,,,,II,"1. Chất sản xuất, kinh doanh có điều kiện","DANH MỤC HÓA CHẤT SẢN XUẤT, KINH DOANH CÓ ĐIỀU KIỆN"
453,số tự động Word,Isopropyl chloroacetate,Isopropyl cloaxetat,105-48-6,105-48-6,,C5H9ClO2,,,,,II,"1. Chất sản xuất, kinh doanh có điều kiện","DANH MỤC HÓA CHẤT SẢN XUẤT, KINH DOANH CÓ ĐIỀU KIỆN"
454,số tự động Word,Isopropyl isobutyrate,Isopropyl isobutyrat,617-50-5,617-50-5,,C7H14O2,,,,,II,"1. Chất sản xuất, kinh doanh có điều kiện","DANH MỤC HÓA CHẤT SẢN XUẤT, KINH DOANH CÓ ĐIỀU KIỆN"
455,số tự động Word,Isopropyl nitrate,Isopropyl nitrat,1712-64-7,1712-64-7,,C3H7NO3,,,,,II,"1. Chất sản xuất, kinh doanh có điều kiện","DANH MỤC HÓA CHẤT SẢN XUẤT, KINH DOANH CÓ ĐIỀU KIỆN"
456,số tự động Word,Isopropyl propionate,Isopropyl propionat,637-78-5,637-78-5,,C6H12O2,,,,,II,"1. Chất sản xuất, kinh doanh có điều kiện","DANH MỤC HÓA CHẤT SẢN XUẤT, KINH DOANH CÓ ĐIỀU KIỆN"
457,số tự động Word,Isophorone diamine,Isophoron diamin,2855-13-2,2855-13-2,,C9H18N2O,,,,,II,"1. Chất sản xuất, kinh doanh có điều kiện","DANH MỤC HÓA CHẤT SẢN XUẤT, KINH DOANH CÓ ĐIỀU KIỆN"
458,số tự động Word,Krypton,Krypton,7439-90-9,7439-90-9,,Kr,,,,,II,"1. Chất sản xuất, kinh doanh có điều kiện","DANH MỤC HÓA CHẤT SẢN XUẤT, KINH DOANH CÓ ĐIỀU KIỆN"
459,số tự động Word,Lithium,Liti,7439-93-2,7439-93-2,,Li,,,,,II,"1. Chất sản xuất, kinh doanh có điều kiện","DANH MỤC HÓA CHẤT SẢN XUẤT, KINH DOANH CÓ ĐIỀU KIỆN"
460,số tự động Word,Lithium hypochlorite,Liti hypoclorua,13840-33-0,13840-33-0,,LiClO,,,,,II,"1. Chất sản xuất, kinh doanh có điều kiện","DANH MỤC HÓA CHẤT SẢN XUẤT, KINH DOANH CÓ ĐIỀU KIỆN"
461,số tự động Word,Lithium peroxide,Liti peroxit,12031-80-0,12031-80-0,,Li2O2,,,,,II,"1. Chất sản xuất, kinh doanh có điều kiện","DANH MỤC HÓA CHẤT SẢN XUẤT, KINH DOANH CÓ ĐIỀU KIỆN"
462,số tự động Word,"Maned (carbamodithioic acid, N, N -1,2-ethanediylbis-manganese (2+) salt (1:1))","Maned (cacbamodithioic axit, N, N -1,2-etan diylbis-mangan (2+) muối (1:1))",12427-38-2,12427-38-2,,C4H6MnN2S4,,,,,II,"1. Chất sản xuất, kinh doanh có điều kiện","DANH MỤC HÓA CHẤT SẢN XUẤT, KINH DOANH CÓ ĐIỀU KIỆN"
463,số tự động Word,Magnesium,Magie,7439-95-4,7439-95-4,,Mg,,,,,II,"1. Chất sản xuất, kinh doanh có điều kiện","DANH MỤC HÓA CHẤT SẢN XUẤT, KINH DOANH CÓ ĐIỀU KIỆN"
464,số tự động Word,Magnesium nitrate,Magie nitrat,10377-60-3,10377-60-3,,Mg(NO3)2,,,,,II,"1. Chất sản xuất, kinh doanh có điều kiện","DANH MỤC HÓA CHẤT SẢN XUẤT, KINH DOANH CÓ ĐIỀU KIỆN"
465,số tự động Word,Magnesium perchlorate,Magie peclorat,10034-81-8,10034-81-8,,Mg(ClO4)2,,,,,II,"1. Chất sản xuất, kinh doanh có điều kiện","DANH MỤC HÓA CHẤT SẢN XUẤT, KINH DOANH CÓ ĐIỀU KIỆN"
466,số tự động Word,Magnesium peroxide,Magie peroxit,1335-26-8,1335-26-8,,MgO2,,,,,II,"1. Chất sản xuất, kinh doanh có điều kiện","DANH MỤC HÓA CHẤT SẢN XUẤT, KINH DOANH CÓ ĐIỀU KIỆN"
467,số tự động Word,Magnesium silicide,Magie silicua,22831-39-6,22831-39-6,,Mg2Si,,,,,II,"1. Chất sản xuất, kinh doanh có điều kiện","DANH MỤC HÓA CHẤT SẢN XUẤT, KINH DOANH CÓ ĐIỀU KIỆN"
468,số tự động Word,Manganese resinate,Mangan resinat,9008-34-8,9008-34-8,,C41H58O4Mg,,,,,II,"1. Chất sản xuất, kinh doanh có điều kiện","DANH MỤC HÓA CHẤT SẢN XUẤT, KINH DOANH CÓ ĐIỀU KIỆN"
469,số tự động Word,Manganese (II) nitrate,Magan nitrat,10377-66-9,10377-66-9,,Mn (NO3)2,,,,,II,"1. Chất sản xuất, kinh doanh có điều kiện","DANH MỤC HÓA CHẤT SẢN XUẤT, KINH DOANH CÓ ĐIỀU KIỆN"
470,số tự động Word,Mesityl oxide,Mesityl oxit,141-79-7,141-79-7,,C6H10O,,,,,II,"1. Chất sản xuất, kinh doanh có điều kiện","DANH MỤC HÓA CHẤT SẢN XUẤT, KINH DOANH CÓ ĐIỀU KIỆN"
471,số tự động Word,Metaldehyde,Metaldehit,108-62-3,108-62-3,,C8H16O4,,,,,II,"1. Chất sản xuất, kinh doanh có điều kiện","DANH MỤC HÓA CHẤT SẢN XUẤT, KINH DOANH CÓ ĐIỀU KIỆN"
472,số tự động Word,Methacryl aldehyde,Metacryl aldehit,78-85-3,78-85-3,,C4H6O,,,,,II,"1. Chất sản xuất, kinh doanh có điều kiện","DANH MỤC HÓA CHẤT SẢN XUẤT, KINH DOANH CÓ ĐIỀU KIỆN"
473,số tự động Word,Methacrylic acid,Axit metacrylic,79-41-4,79-41-4,,C4H6O2,,,,,II,"1. Chất sản xuất, kinh doanh có điều kiện","DANH MỤC HÓA CHẤT SẢN XUẤT, KINH DOANH CÓ ĐIỀU KIỆN"
474,số tự động Word,Methallyl alcohol,Methallyl alcohol,513-42-8,513-42-8,,C4H8O,,,,,II,"1. Chất sản xuất, kinh doanh có điều kiện","DANH MỤC HÓA CHẤT SẢN XUẤT, KINH DOANH CÓ ĐIỀU KIỆN"
475,số tự động Word,Methomyl,Methomyl,16752-77-5,16752-77-5,,C5H10O2N2S,,,,,II,"1. Chất sản xuất, kinh doanh có điều kiện","DANH MỤC HÓA CHẤT SẢN XUẤT, KINH DOANH CÓ ĐIỀU KIỆN"
476,số tự động Word,2-Methoxy ethyl acetate,2-Methoxy etyl axetat,110-49-6,110-49-6,,C5H10O3,,,,,II,"1. Chất sản xuất, kinh doanh có điều kiện","DANH MỤC HÓA CHẤT SẢN XUẤT, KINH DOANH CÓ ĐIỀU KIỆN"
477,số tự động Word,1-Methoxy-2-propanol,1-Metoxy-2-propanol,107-98-2,107-98-2,,C4H10O2,,,,,II,"1. Chất sản xuất, kinh doanh có điều kiện","DANH MỤC HÓA CHẤT SẢN XUẤT, KINH DOANH CÓ ĐIỀU KIỆN"
478,số tự động Word,1-Methoxy-4-nitrobenzene,1-Methoxy-4-nitrobenzen,100-17-4,100-17-4,,C7H7NO3,,,,,II,"1. Chất sản xuất, kinh doanh có điều kiện","DANH MỤC HÓA CHẤT SẢN XUẤT, KINH DOANH CÓ ĐIỀU KIỆN"
479,số tự động Word,3-Methoxyaniline,3-Methoxy anilin,536-90-3,536-90-3,,C7H9NO,,,,,II,"1. Chất sản xuất, kinh doanh có điều kiện","DANH MỤC HÓA CHẤT SẢN XUẤT, KINH DOANH CÓ ĐIỀU KIỆN"
480,số tự động Word,2-Methoxyethanol,2-Methoxy etanol,109-86-4,109-86-4,,C3H8O2,,,,,II,"1. Chất sản xuất, kinh doanh có điều kiện","DANH MỤC HÓA CHẤT SẢN XUẤT, KINH DOANH CÓ ĐIỀU KIỆN"
481,số tự động Word,N-methyl acetamide,N-Metyl axetamit,79-16-3,79-16-3,,C3H7NO,,,,,II,"1. Chất sản xuất, kinh doanh có điều kiện","DANH MỤC HÓA CHẤT SẢN XUẤT, KINH DOANH CÓ ĐIỀU KIỆN"
482,số tự động Word,Methyl acetate,Metyl axetat,79-20-9,79-20-9,,C3H6O2,,,,,II,"1. Chất sản xuất, kinh doanh có điều kiện","DANH MỤC HÓA CHẤT SẢN XUẤT, KINH DOANH CÓ ĐIỀU KIỆN"
483,số tự động Word,Methyl allyl chloride,Metylallyl clo,563-47-3,563-47-3,,C4H7Cl,,,,,II,"1. Chất sản xuất, kinh doanh có điều kiện","DANH MỤC HÓA CHẤT SẢN XUẤT, KINH DOANH CÓ ĐIỀU KIỆN"
484,số tự động Word,N-Methyl aniline,N-metyl anilin,100-61-8,100-61-8,,C7H9N,,,,,II,"1. Chất sản xuất, kinh doanh có điều kiện","DANH MỤC HÓA CHẤT SẢN XUẤT, KINH DOANH CÓ ĐIỀU KIỆN"
485,số tự động Word,Alpha-Methyl benzyl alcohol,Alpha-metyl benzyl alcohol,13323-81-4,13323-81-4,,C8H10O,,,,,II,"1. Chất sản xuất, kinh doanh có điều kiện","DANH MỤC HÓA CHẤT SẢN XUẤT, KINH DOANH CÓ ĐIỀU KIỆN"
486,số tự động Word,N-Methyl butyl amine,N-metyl butyl amin,110-68-9,110-68-9,,C5H13N,,,,,II,"1. Chất sản xuất, kinh doanh có điều kiện","DANH MỤC HÓA CHẤT SẢN XUẤT, KINH DOANH CÓ ĐIỀU KIỆN"
487,số tự động Word,2-methyl cyclo hexanone,2-metyl xyclo hexanon,583-60-8,583-60-8,,C7H12O,,,,,II,"1. Chất sản xuất, kinh doanh có điều kiện","DANH MỤC HÓA CHẤT SẢN XUẤT, KINH DOANH CÓ ĐIỀU KIỆN"
488,số tự động Word,3-methyl cyclohexanone,3-Metyl xyclohexanon,591-24-2,591-24-2,,C7H12O,,,,,II,"1. Chất sản xuất, kinh doanh có điều kiện","DANH MỤC HÓA CHẤT SẢN XUẤT, KINH DOANH CÓ ĐIỀU KIỆN"
489,số tự động Word,4-methyl cyclohexanone,4-Metyl xyclohexanon,589-92-4,589-92-4,,C7H12O,,,,,II,"1. Chất sản xuất, kinh doanh có điều kiện","DANH MỤC HÓA CHẤT SẢN XUẤT, KINH DOANH CÓ ĐIỀU KIỆN"
490,số tự động Word,Methyl cyclopentane,Metyl xyclopentan,96-37-7,96-37-7,,C6H12,,,,,II,"1. Chất sản xuất, kinh doanh có điều kiện","DANH MỤC HÓA CHẤT SẢN XUẤT, KINH DOANH CÓ ĐIỀU KIỆN"
491,số tự động Word,Methyl chloroacetate,Metyl clo axetat,96-34-4,96-34-4,,C3H5ClO2,,,,,II,"1. Chất sản xuất, kinh doanh có điều kiện","DANH MỤC HÓA CHẤT SẢN XUẤT, KINH DOANH CÓ ĐIỀU KIỆN"
492,số tự động Word,2-Methyl furan,2-Metyl furan,534-22-5,534-22-5,,C5H6O,,,,,II,"1. Chất sản xuất, kinh doanh có điều kiện","DANH MỤC HÓA CHẤT SẢN XUẤT, KINH DOANH CÓ ĐIỀU KIỆN"
493,số tự động Word,Methyl isobutyl carbinol,Metyl isobutyl carbinol,108-11-2,108-11-2,,C6H14O,,,,,II,"1. Chất sản xuất, kinh doanh có điều kiện","DANH MỤC HÓA CHẤT SẢN XUẤT, KINH DOANH CÓ ĐIỀU KIỆN"
494,số tự động Word,Methyl isobutyl ketone,Metyl isobutyl keton,108-10-1,108-10-1,,C6H12O,,,,,II,"1. Chất sản xuất, kinh doanh có điều kiện","DANH MỤC HÓA CHẤT SẢN XUẤT, KINH DOANH CÓ ĐIỀU KIỆN"
495,số tự động Word,Methyl isopropenyl ketone,Metyl isopropenyl keton,563-80-4,563-80-4,,C5H10O,,,,,II,"1. Chất sản xuất, kinh doanh có điều kiện","DANH MỤC HÓA CHẤT SẢN XUẤT, KINH DOANH CÓ ĐIỀU KIỆN"
496,số tự động Word,Methyl isovalerate,Metyl isovalerat,556-24-1,556-24-1,,C6H12O2,,,,,II,"1. Chất sản xuất, kinh doanh có điều kiện","DANH MỤC HÓA CHẤT SẢN XUẤT, KINH DOANH CÓ ĐIỀU KIỆN"
497,số tự động Word,"Methyl hydrazine (Hydrazine, methyl-)",Metyl hydrazin,60-34-4,60-34-4,,CH6N2,,,,,II,"1. Chất sản xuất, kinh doanh có điều kiện","DANH MỤC HÓA CHẤT SẢN XUẤT, KINH DOANH CÓ ĐIỀU KIỆN"
498,số tự động Word,Methyl methacrylate,Metyl metacrylat,80-62-6,80-62-6,,C5H8O2,,,,,II,"1. Chất sản xuất, kinh doanh có điều kiện","DANH MỤC HÓA CHẤT SẢN XUẤT, KINH DOANH CÓ ĐIỀU KIỆN"
499,số tự động Word,Methyl pentadiene,Metyl pentadien,926-56-7,926-56-7,,C6H10,,,,,II,"1. Chất sản xuất, kinh doanh có điều kiện","DANH MỤC HÓA CHẤT SẢN XUẤT, KINH DOANH CÓ ĐIỀU KIỆN"
500,số tự động Word,Methyl propionate,Metyl propionat,554-12-1,554-12-1,,C4H8O2,,,,,II,"1. Chất sản xuất, kinh doanh có điều kiện","DANH MỤC HÓA CHẤT SẢN XUẤT, KINH DOANH CÓ ĐIỀU KIỆN"
501,số tự động Word,Methyl propyl ether,Metyl propyl ete,557-17-5,557-17-5,,C4H10O,,,,,II,"1. Chất sản xuất, kinh doanh có điều kiện","DANH MỤC HÓA CHẤT SẢN XUẤT, KINH DOANH CÓ ĐIỀU KIỆN"
502,số tự động Word,Methyl phenyldichloro silane,Metyl phenyl diclosilan,149-74-6,149-74-6,,C7H8Cl2Si,,,,,II,"1. Chất sản xuất, kinh doanh có điều kiện","DANH MỤC HÓA CHẤT SẢN XUẤT, KINH DOANH CÓ ĐIỀU KIỆN"
503,số tự động Word,Alpha-methyl valeraldehyde,Alpha-Metyl valeraldehit,123-15-9,123-15-9,,C6H12O,,,,,II,"1. Chất sản xuất, kinh doanh có điều kiện","DANH MỤC HÓA CHẤT SẢN XUẤT, KINH DOANH CÓ ĐIỀU KIỆN"
504,số tự động Word,2-Methyl-2-pentanol,2-Metyl pentan-2-ol,590-36-3,590-36-3,,C6H14O,,,,,II,"1. Chất sản xuất, kinh doanh có điều kiện","DANH MỤC HÓA CHẤT SẢN XUẤT, KINH DOANH CÓ ĐIỀU KIỆN"
505,số tự động Word,Bis[tris(2-methyl-2-phenyl propyl)zinn] oxiy,Bis[tris(2-metyl-2-phenyl propyl)zinn] oxiy,13356-08-6,13356-08-6,,C60H78OSn2,,,,,II,"1. Chất sản xuất, kinh doanh có điều kiện","DANH MỤC HÓA CHẤT SẢN XUẤT, KINH DOANH CÓ ĐIỀU KIỆN"
506,số tự động Word,Cymenel-methyl-4-(1-methy lethyl) benzene,Xymenel-metyl-4-(1-metyl etyl) benzen,99-87-6,99-87-6,,C10H14,,,,,II,"1. Chất sản xuất, kinh doanh có điều kiện","DANH MỤC HÓA CHẤT SẢN XUẤT, KINH DOANH CÓ ĐIỀU KIỆN"
507,số tự động Word,4-Methyl-4-mercaptopentan-2-one,4-Metyl-4-mercaptopentan-2-one,19872-52-7,19872-52-7,,C6H12OS,,,,,II,"1. Chất sản xuất, kinh doanh có điều kiện","DANH MỤC HÓA CHẤT SẢN XUẤT, KINH DOANH CÓ ĐIỀU KIỆN"
508,số tự động Word,2-Methyl-5-ethyl pyridine,2-Metyl-5-etylpyridin,104-90-5,104-90-5,,C8H11N,,,,,II,"1. Chất sản xuất, kinh doanh có điều kiện","DANH MỤC HÓA CHẤT SẢN XUẤT, KINH DOANH CÓ ĐIỀU KIỆN"
509,số tự động Word,Methylamyl acetate,Metylamyl axetat,108-84-9,108-84-9,,C8H16O2,,,,,II,"1. Chất sản xuất, kinh doanh có điều kiện","DANH MỤC HÓA CHẤT SẢN XUẤT, KINH DOANH CÓ ĐIỀU KIỆN"
510,số tự động Word,Methylcyclohexane,Metyl xyclohexan,108-87-2,108-87-2,,C7H14,,,,,II,"1. Chất sản xuất, kinh doanh có điều kiện","DANH MỤC HÓA CHẤT SẢN XUẤT, KINH DOANH CÓ ĐIỀU KIỆN"
511,số tự động Word,Methylcyclohexanol,Metyl xyclo hexanol,25639-42-3,25639-42-3,,C7H14O,,,,,II,"1. Chất sản xuất, kinh doanh có điều kiện","DANH MỤC HÓA CHẤT SẢN XUẤT, KINH DOANH CÓ ĐIỀU KIỆN"
512,số tự động Word,Methyldichlorosilane,Metyl diclo silan,75-54-7,75-54-7,,CH4Cl2Si,,,,,II,"1. Chất sản xuất, kinh doanh có điều kiện","DANH MỤC HÓA CHẤT SẢN XUẤT, KINH DOANH CÓ ĐIỀU KIỆN"
513,số tự động Word,4-Methylmorpholine,4-Metyl morpholin,109-02-4,109-02-4,,C5H11NO,,,,,II,"1. Chất sản xuất, kinh doanh có điều kiện","DANH MỤC HÓA CHẤT SẢN XUẤT, KINH DOANH CÓ ĐIỀU KIỆN"
514,số tự động Word,1-Methylpiperidine,1-Metyl piperidin,626-67-5,626-67-5,,C6H13N,,,,,II,"1. Chất sản xuất, kinh doanh có điều kiện","DANH MỤC HÓA CHẤT SẢN XUẤT, KINH DOANH CÓ ĐIỀU KIỆN"
515,số tự động Word,2-Methyltetrahydrofuran,2-Metyl tetrahydrofuran,96-47-9,96-47-9,,C5H10O,,,,,II,"1. Chất sản xuất, kinh doanh có điều kiện","DANH MỤC HÓA CHẤT SẢN XUẤT, KINH DOANH CÓ ĐIỀU KIỆN"
516,số tự động Word,Glycerol alpha-monochlorohydrin,Glycerol alpha-monoclo hydrin,96-24-2,96-24-2,,C3H7ClO2,,,,,II,"1. Chất sản xuất, kinh doanh có điều kiện","DANH MỤC HÓA CHẤT SẢN XUẤT, KINH DOANH CÓ ĐIỀU KIỆN"
517,số tự động Word,Morpholine,Morpholin,110-91-8,110-91-8,,C4H9NO,,,,,II,"1. Chất sản xuất, kinh doanh có điều kiện","DANH MỤC HÓA CHẤT SẢN XUẤT, KINH DOANH CÓ ĐIỀU KIỆN"
518,số tự động Word,"Ethyl-N-[(2,3-dihydro-2,2-dimethyl-7-benzofuranyloxy-carbonyl) methylaminothio]-N-isopropyl-beta-alaninat","Etyl-N-[(2,3-dihydro-2,2-dimetyl-7-benzo furanyloxy-cacbonyl) metylaminothio]-N-isopropyl-beta-alaninat",82560-54-1,82560-54-1,,C20H30N2O5S,,,,,II,"1. Chất sản xuất, kinh doanh có điều kiện","DANH MỤC HÓA CHẤT SẢN XUẤT, KINH DOANH CÓ ĐIỀU KIỆN"
519,số tự động Word,Di-n-amyl amine,Di-n-amyl amin,2050-92-2,2050-92-2,,C10H23N,,,,,II,"1. Chất sản xuất, kinh doanh có điều kiện","DANH MỤC HÓA CHẤT SẢN XUẤT, KINH DOANH CÓ ĐIỀU KIỆN"
520,số tự động Word,Naphthalene,Naphthalen,91-20-3,91-20-3,,C10H8,,,,,II,"1. Chất sản xuất, kinh doanh có điều kiện","DANH MỤC HÓA CHẤT SẢN XUẤT, KINH DOANH CÓ ĐIỀU KIỆN"
521,số tự động Word,1-naphthyl methylcarbamate,1-naphtyl metyl cacbamat,63-25-2,63-25-2,,C12H11NO2,,,,,II,"1. Chất sản xuất, kinh doanh có điều kiện","DANH MỤC HÓA CHẤT SẢN XUẤT, KINH DOANH CÓ ĐIỀU KIỆN"
522,số tự động Word,Alpha-naphthyl thiourea,Alpha-naphtyl thiourea,86-88-4,86-88-4,,C11H10N2S,,,,,II,"1. Chất sản xuất, kinh doanh có điều kiện","DANH MỤC HÓA CHẤT SẢN XUẤT, KINH DOANH CÓ ĐIỀU KIỆN"
523,số tự động Word,Neon,Neon,7440-01-9,7440-01-9,,Ne,,,,,II,"1. Chất sản xuất, kinh doanh có điều kiện","DANH MỤC HÓA CHẤT SẢN XUẤT, KINH DOANH CÓ ĐIỀU KIỆN"
524,số tự động Word,Nicotine salicylate,Nicotin salicylat,29790-52-1,29790-52-1,,C17H20N2O3,,,,,II,"1. Chất sản xuất, kinh doanh có điều kiện","DANH MỤC HÓA CHẤT SẢN XUẤT, KINH DOANH CÓ ĐIỀU KIỆN"
525,số tự động Word,Nicotine sulfate (1-1-Methyl-2-(3-pyridyl)-pynolidine sulfate),Nicotin sunfat,65-30-5,65-30-5,,C20H30N4O4S,,,,,II,"1. Chất sản xuất, kinh doanh có điều kiện","DANH MỤC HÓA CHẤT SẢN XUẤT, KINH DOANH CÓ ĐIỀU KIỆN"
526,số tự động Word,Nitric acid,Axit nitric,7697-37-2,7697-37-2,,HNO3,,,,,II,"1. Chất sản xuất, kinh doanh có điều kiện","DANH MỤC HÓA CHẤT SẢN XUẤT, KINH DOANH CÓ ĐIỀU KIỆN"
527,số tự động Word,2-Nitroaniline,2-Nitroanilin,88-74-4,88-74-4,,C6H6N2O2,,,,,II,"1. Chất sản xuất, kinh doanh có điều kiện","DANH MỤC HÓA CHẤT SẢN XUẤT, KINH DOANH CÓ ĐIỀU KIỆN"
528,số tự động Word,3-Nitroaniline,3-Nitroanilin,99-09-2,99-09-2,,C6H6N2O2,,,,,II,"1. Chất sản xuất, kinh doanh có điều kiện","DANH MỤC HÓA CHẤT SẢN XUẤT, KINH DOANH CÓ ĐIỀU KIỆN"
529,số tự động Word,4-Nitroaniline,4-Nitroanilin,100-01-6,100-01-6,,C6H6N2O2,,,,,II,"1. Chất sản xuất, kinh doanh có điều kiện","DANH MỤC HÓA CHẤT SẢN XUẤT, KINH DOANH CÓ ĐIỀU KIỆN"
530,số tự động Word,Nitrobenzene,Nitrobenzen,98-95-3,98-95-3,,C6H5NO2,,,,,II,"1. Chất sản xuất, kinh doanh có điều kiện","DANH MỤC HÓA CHẤT SẢN XUẤT, KINH DOANH CÓ ĐIỀU KIỆN"
531,số tự động Word,3-Nitrobenzene sulfonic acid,3-Nitrobenzen sunphonic axit,98-47-5,98-47-5,,C6H5NO5S,,,,,II,"1. Chất sản xuất, kinh doanh có điều kiện","DANH MỤC HÓA CHẤT SẢN XUẤT, KINH DOANH CÓ ĐIỀU KIỆN"
532,số tự động Word,4-Nitrobenzene sulfonic acid,4-nitro benzen sunphonic axit,138-42-1,138-42-1,,C6H5NO5S,,,,,II,"1. Chất sản xuất, kinh doanh có điều kiện","DANH MỤC HÓA CHẤT SẢN XUẤT, KINH DOANH CÓ ĐIỀU KIỆN"
533,số tự động Word,Sodium 3-nitrobenzene sulphonate,Axit nitrobenzen sunphonic,127-68-4,127-68-4,,C6H4NNaO5S,,,,,II,"1. Chất sản xuất, kinh doanh có điều kiện","DANH MỤC HÓA CHẤT SẢN XUẤT, KINH DOANH CÓ ĐIỀU KIỆN"
534,số tự động Word,p-Nitrochlorobenzene,p-Nitro clo benzen,100-00-5,100-00-5,,C6H4ClNO2,,,,,II,"1. Chất sản xuất, kinh doanh có điều kiện","DANH MỤC HÓA CHẤT SẢN XUẤT, KINH DOANH CÓ ĐIỀU KIỆN"
535,số tự động Word,Nitrogen,Nitơ,7727-37-9,7727-37-9,,N2,,,,,II,"1. Chất sản xuất, kinh doanh có điều kiện","DANH MỤC HÓA CHẤT SẢN XUẤT, KINH DOANH CÓ ĐIỀU KIỆN"
536,số tự động Word,Nitrogen trifluoride,Nitrotriflorua,7783-54-2,7783-54-2,,NF3,,,,,II,"1. Chất sản xuất, kinh doanh có điều kiện","DANH MỤC HÓA CHẤT SẢN XUẤT, KINH DOANH CÓ ĐIỀU KIỆN"
537,số tự động Word,2-Nitronaphthalene,2- Nitronaphthalen,581-89-5,581-89-5,,C10H7NO2,,,,,II,"1. Chất sản xuất, kinh doanh có điều kiện","DANH MỤC HÓA CHẤT SẢN XUẤT, KINH DOANH CÓ ĐIỀU KIỆN"
538,số tự động Word,1-Nitronaphthalene,1-Nitronaphthalen,86-57-7,86-57-7,,C10H7O2N,,,,,II,"1. Chất sản xuất, kinh doanh có điều kiện","DANH MỤC HÓA CHẤT SẢN XUẤT, KINH DOANH CÓ ĐIỀU KIỆN"
539,số tự động Word,1-nitropropane,1-nitropropan,108-03-2,108-03-2,,C3H7NO2,,,,,II,"1. Chất sản xuất, kinh doanh có điều kiện","DANH MỤC HÓA CHẤT SẢN XUẤT, KINH DOANH CÓ ĐIỀU KIỆN"
540,số tự động Word,2-Nitropropane,2-Nitropropan,79-46-9,79-46-9,,C3H7NO2,,,,,II,"1. Chất sản xuất, kinh doanh có điều kiện","DANH MỤC HÓA CHẤT SẢN XUẤT, KINH DOANH CÓ ĐIỀU KIỆN"
541,số tự động Word,P-Nitrosodimethyl aniline,P-Nitrosodimetyl anilin,138-89-6,138-89-6,,C8H10N2O,,,,,II,"1. Chất sản xuất, kinh doanh có điều kiện","DANH MỤC HÓA CHẤT SẢN XUẤT, KINH DOANH CÓ ĐIỀU KIỆN"
542,số tự động Word,Nitrosyl sulfuric acid,Axit nitrosyl sunphuric,7782-78-7,7782-78-7,,NOHSO4,,,,,II,"1. Chất sản xuất, kinh doanh có điều kiện","DANH MỤC HÓA CHẤT SẢN XUẤT, KINH DOANH CÓ ĐIỀU KIỆN"
543,số tự động Word,Nonane,Nonan,111-84-2,111-84-2,,C9H20,,,,,II,"1. Chất sản xuất, kinh doanh có điều kiện","DANH MỤC HÓA CHẤT SẢN XUẤT, KINH DOANH CÓ ĐIỀU KIỆN"
544,số tự động Word,Nonylphenol,Nonylphenol,25154-52-3 104-40-5 84852-15-3,25154-52-3; 104-40-5; 84852-15-3,,C15H24O,,,,,II,"1. Chất sản xuất, kinh doanh có điều kiện","DANH MỤC HÓA CHẤT SẢN XUẤT, KINH DOANH CÓ ĐIỀU KIỆN"
545,số tự động Word,N-(Methoxy-methyl sulfanylphosphoryl)acetamide,N-(Methoxy-metyl sunfanyl photphoryl) axetamit,30560-19-1,30560-19-1,,C4H10NO3PS,,,,,II,"1. Chất sản xuất, kinh doanh có điều kiện","DANH MỤC HÓA CHẤT SẢN XUẤT, KINH DOANH CÓ ĐIỀU KIỆN"
546,số tự động Word,"N, N'-[(Methylimino) dimethylidyne]di-2,4-xylidine","N, N'-[(Metylimino) dimetylidyn]di-2,4-xylidin",33089-61-1,33089-61-1,,C19H23N3,,,,,II,"1. Chất sản xuất, kinh doanh có điều kiện","DANH MỤC HÓA CHẤT SẢN XUẤT, KINH DOANH CÓ ĐIỀU KIỆN"
547,số tự động Word,"2,5-Norbornadiene","2,5-Norbornadien (Dicyclo heptadien)",121-46-0,121-46-0,,C7H8,,,,,II,"1. Chất sản xuất, kinh doanh có điều kiện","DANH MỤC HÓA CHẤT SẢN XUẤT, KINH DOANH CÓ ĐIỀU KIỆN"
548,số tự động Word,Di-n-propyl ether,Di-n-propyl ete,111-43-3,111-43-3,,C6H14O,,,,,II,"1. Chất sản xuất, kinh doanh có điều kiện","DANH MỤC HÓA CHẤT SẢN XUẤT, KINH DOANH CÓ ĐIỀU KIỆN"
549,số tự động Word,Tri-o-cresyl phosphate (TOCP),Tri-o-cresyl phosphat (TOCP),78-30-8,78-30-8,,C21H21O4P,,,,,II,"1. Chất sản xuất, kinh doanh có điều kiện","DANH MỤC HÓA CHẤT SẢN XUẤT, KINH DOANH CÓ ĐIỀU KIỆN"
550,số tự động Word,Ocryl aldehit (ethyl hexadehyd),Ocryl aldehit (etyl hexadehyt),124-13-0,124-13-0,,C8H16O,,,,,II,"1. Chất sản xuất, kinh doanh có điều kiện","DANH MỤC HÓA CHẤT SẢN XUẤT, KINH DOANH CÓ ĐIỀU KIỆN"
551,số tự động Word,Octabromodiphenyl ether,Octabrom diphenyl ete,32536-52-0,32536-52-0,,C12H2Br8O,,,,,II,"1. Chất sản xuất, kinh doanh có điều kiện","DANH MỤC HÓA CHẤT SẢN XUẤT, KINH DOANH CÓ ĐIỀU KIỆN"
552,số tự động Word,Octafluorocyclobutane,Octaflo xyclobutan,115-25-3,115-25-3,,C4F8,,,,,II,"1. Chất sản xuất, kinh doanh có điều kiện","DANH MỤC HÓA CHẤT SẢN XUẤT, KINH DOANH CÓ ĐIỀU KIỆN"
553,số tự động Word,Octane,Octan,111-65-9,111-65-9,,C8H18,,,,,II,"1. Chất sản xuất, kinh doanh có điều kiện","DANH MỤC HÓA CHẤT SẢN XUẤT, KINH DOANH CÓ ĐIỀU KIỆN"
554,số tự động Word,Oxadiargyl,Oxadiargyl,39807-15-3,39807-15-3,,C15H14Cl2N2O3,,,,,II,"1. Chất sản xuất, kinh doanh có điều kiện","DANH MỤC HÓA CHẤT SẢN XUẤT, KINH DOANH CÓ ĐIỀU KIỆN"
555,số tự động Word,Oxygen,Oxy,7782-44-7,7782-44-7,,O2,,,,,II,"1. Chất sản xuất, kinh doanh có điều kiện","DANH MỤC HÓA CHẤT SẢN XUẤT, KINH DOANH CÓ ĐIỀU KIỆN"
556,số tự động Word,Oxygen difluoride,Oxy diflorua,7783-41-7,7783-41-7,,F2O,,,,,II,"1. Chất sản xuất, kinh doanh có điều kiện","DANH MỤC HÓA CHẤT SẢN XUẤT, KINH DOANH CÓ ĐIỀU KIỆN"
557,số tự động Word,Paraldehyde,Paraldehyt,123-63-7,123-63-7,,C6H12O3,,,,,II,"1. Chất sản xuất, kinh doanh có điều kiện","DANH MỤC HÓA CHẤT SẢN XUẤT, KINH DOANH CÓ ĐIỀU KIỆN"
558,số tự động Word,Pentaborane,Pentaboran,19624-22-7,19624-22-7,,B5H9,,,,,II,"1. Chất sản xuất, kinh doanh có điều kiện","DANH MỤC HÓA CHẤT SẢN XUẤT, KINH DOANH CÓ ĐIỀU KIỆN"
559,số tự động Word,Pentachloroethane,Pentaclo etan,76-01-7,76-01-7,,C2HCl5,,,,,II,"1. Chất sản xuất, kinh doanh có điều kiện","DANH MỤC HÓA CHẤT SẢN XUẤT, KINH DOANH CÓ ĐIỀU KIỆN"
560,số tự động Word,Pentachloronaphthalene,Pentaclo naphthalen,1321-64-8,1321-64-8,,C10H3Cl5,,,,,II,"1. Chất sản xuất, kinh doanh có điều kiện","DANH MỤC HÓA CHẤT SẢN XUẤT, KINH DOANH CÓ ĐIỀU KIỆN"
561,số tự động Word,pentachloronitrobenzene,Pentaclo nitro benzen,82-68-8,82-68-8,,C6Cl5NO2,,,,,II,"1. Chất sản xuất, kinh doanh có điều kiện","DANH MỤC HÓA CHẤT SẢN XUẤT, KINH DOANH CÓ ĐIỀU KIỆN"
562,số tự động Word,Pentametylheptane (Isododecane),Pentametyl heptan (Isododecan),31807-55-3,31807-55-3,,C12H26,,,,,II,"1. Chất sản xuất, kinh doanh có điều kiện","DANH MỤC HÓA CHẤT SẢN XUẤT, KINH DOANH CÓ ĐIỀU KIỆN"
563,số tự động Word,Pentanaldehyde,Valeraldehit,110-62-3,110-62-3,,C5H10O,,,,,II,"1. Chất sản xuất, kinh doanh có điều kiện","DANH MỤC HÓA CHẤT SẢN XUẤT, KINH DOANH CÓ ĐIỀU KIỆN"
564,số tự động Word,"Pentane-2,4-dione (Acetylacetone)","Pentan-2,4-dion (Axetylaxeton)",123-54-6,123-54-6,,C5H8O2,,,,,II,"1. Chất sản xuất, kinh doanh có điều kiện","DANH MỤC HÓA CHẤT SẢN XUẤT, KINH DOANH CÓ ĐIỀU KIỆN"
565,số tự động Word,1-Pentanol,1-Pentanol,71-41-0,71-41-0,,C5H12O,,,,,II,"1. Chất sản xuất, kinh doanh có điều kiện","DANH MỤC HÓA CHẤT SẢN XUẤT, KINH DOANH CÓ ĐIỀU KIỆN"
566,số tự động Word,2-Pentanol,2-Pentanol,6032-29-7,6032-29-7,,C5H12O,,,,,II,"1. Chất sản xuất, kinh doanh có điều kiện","DANH MỤC HÓA CHẤT SẢN XUẤT, KINH DOANH CÓ ĐIỀU KIỆN"
567,số tự động Word,2-Pentanone,2-Pentanon,107-87-9,107-87-9,,C5H10O,,,,,II,"1. Chất sản xuất, kinh doanh có điều kiện","DANH MỤC HÓA CHẤT SẢN XUẤT, KINH DOANH CÓ ĐIỀU KIỆN"
568,số tự động Word,3-Pentanone,3-Pentanon,96-22-0,96-22-0,,C5H10O,,,,,II,"1. Chất sản xuất, kinh doanh có điều kiện","DANH MỤC HÓA CHẤT SẢN XUẤT, KINH DOANH CÓ ĐIỀU KIỆN"
569,số tự động Word,Pentazinc chromate octahydroxide,Penta kẽm cromat octahydroxit,49663-84-5,49663-84-5,,Zn5(OH)8CrO4,,,,,II,"1. Chất sản xuất, kinh doanh có điều kiện","DANH MỤC HÓA CHẤT SẢN XUẤT, KINH DOANH CÓ ĐIỀU KIỆN"
570,số tự động Word,1-Pentyl nitrate,1-Pentyl nitrat,1002-16-0,1002-16-0,,C5H11NO3,,,,,II,"1. Chất sản xuất, kinh doanh có điều kiện","DANH MỤC HÓA CHẤT SẢN XUẤT, KINH DOANH CÓ ĐIỀU KIỆN"
571,số tự động Word,Pentylamine,N-amylamin,110-58-7,110-58-7,,C5H13N,,,,,II,"1. Chất sản xuất, kinh doanh có điều kiện","DANH MỤC HÓA CHẤT SẢN XUẤT, KINH DOANH CÓ ĐIỀU KIỆN"
572,số tự động Word,N-pentyl-isopentyl phthalate,N-Pentyl-isopentyl phthalat,776297-69-9,776297-69-9,,C18H26O4,,,,,II,"1. Chất sản xuất, kinh doanh có điều kiện","DANH MỤC HÓA CHẤT SẢN XUẤT, KINH DOANH CÓ ĐIỀU KIỆN"
573,số tự động Word,Perchloric acid,Axit percloric,7601-90-3,7601-90-3,,HClO4,,,,,II,"1. Chất sản xuất, kinh doanh có điều kiện","DANH MỤC HÓA CHẤT SẢN XUẤT, KINH DOANH CÓ ĐIỀU KIỆN"
574,số tự động Word,Perchloryl fluoride,Flo percloryl,7616-94-6,7616-94-6,,FClO3,,,,,II,"1. Chất sản xuất, kinh doanh có điều kiện","DANH MỤC HÓA CHẤT SẢN XUẤT, KINH DOANH CÓ ĐIỀU KIỆN"
575,số tự động Word,α-picoline (2-Methylpyridine),α-picolin (2-Metyl pyridin),52962-96-6,52962-96-6,,C6H7N,,,,,II,"1. Chất sản xuất, kinh doanh có điều kiện","DANH MỤC HÓA CHẤT SẢN XUẤT, KINH DOANH CÓ ĐIỀU KIỆN"
576,số tự động Word,β-picoline (3-Methylpyridine),β-picolin (3-Metyl pyridin),108-99-6,108-99-6,,C6H7N,,,,,II,"1. Chất sản xuất, kinh doanh có điều kiện","DANH MỤC HÓA CHẤT SẢN XUẤT, KINH DOANH CÓ ĐIỀU KIỆN"
577,số tự động Word,α - pinene,α - Pinen,80-56-8,80-56-8,,C10H16,,,,,II,"1. Chất sản xuất, kinh doanh có điều kiện","DANH MỤC HÓA CHẤT SẢN XUẤT, KINH DOANH CÓ ĐIỀU KIỆN"
578,số tự động Word,Piperazine,Piperazin,110-85-0,110-85-0,,C4H10N2,,,,,II,"1. Chất sản xuất, kinh doanh có điều kiện","DANH MỤC HÓA CHẤT SẢN XUẤT, KINH DOANH CÓ ĐIỀU KIỆN"
579,số tự động Word,Potassium,Kali,7440-09-7,7440-09-7,,K,,,,,II,"1. Chất sản xuất, kinh doanh có điều kiện","DANH MỤC HÓA CHẤT SẢN XUẤT, KINH DOANH CÓ ĐIỀU KIỆN"
580,số tự động Word,Potassium bromate,Kali bromat,7758-01-2,7758-01-2,,KBrO3,,,,,II,"1. Chất sản xuất, kinh doanh có điều kiện","DANH MỤC HÓA CHẤT SẢN XUẤT, KINH DOANH CÓ ĐIỀU KIỆN"
581,số tự động Word,Potassium fluoride,Kali florua,7789-23-3,7789-23-3,,KF,,,,,II,"1. Chất sản xuất, kinh doanh có điều kiện","DANH MỤC HÓA CHẤT SẢN XUẤT, KINH DOANH CÓ ĐIỀU KIỆN"
582,số tự động Word,Potassium hexachloro platinate (IV),Kali hexaclo platinat (IV),16921-30-5,16921-30-5,,K2PtCl6,,,,,II,"1. Chất sản xuất, kinh doanh có điều kiện","DANH MỤC HÓA CHẤT SẢN XUẤT, KINH DOANH CÓ ĐIỀU KIỆN"
583,số tự động Word,Potassium hexafluoro silicate,Kali hexaflo silicat,16871-90-2,16871-90-2,,K2SiF6,,,,,II,"1. Chất sản xuất, kinh doanh có điều kiện","DANH MỤC HÓA CHẤT SẢN XUẤT, KINH DOANH CÓ ĐIỀU KIỆN"
584,số tự động Word,Potassium hydrogen sulfate,Kali bisulfat,7646-93-7,7646-93-7,,KHSO4,,,,,II,"1. Chất sản xuất, kinh doanh có điều kiện","DANH MỤC HÓA CHẤT SẢN XUẤT, KINH DOANH CÓ ĐIỀU KIỆN"
585,số tự động Word,Potassium hydroxide,Kali hydroxit,1310-58-3,1310-58-3,,KOH,,,,,II,"1. Chất sản xuất, kinh doanh có điều kiện","DANH MỤC HÓA CHẤT SẢN XUẤT, KINH DOANH CÓ ĐIỀU KIỆN"
586,số tự động Word,Potassium nitrite,Kali nitrit,7758-09-0,7758-09-0,,KNO2,,,,,II,"1. Chất sản xuất, kinh doanh có điều kiện","DANH MỤC HÓA CHẤT SẢN XUẤT, KINH DOANH CÓ ĐIỀU KIỆN"
587,số tự động Word,Potassium oxide,Kali monoxit,12136-45-7,12136-45-7,,K2O,,,,,II,"1. Chất sản xuất, kinh doanh có điều kiện","DANH MỤC HÓA CHẤT SẢN XUẤT, KINH DOANH CÓ ĐIỀU KIỆN"
588,số tự động Word,Potassium persulfate,Kali persunphat,7727-21-1,7727-21-1,,K2S2O8,,,,,II,"1. Chất sản xuất, kinh doanh có điều kiện","DANH MỤC HÓA CHẤT SẢN XUẤT, KINH DOANH CÓ ĐIỀU KIỆN"
589,số tự động Word,"1,3-Propane sultone","1,3-Propane sultone",1120-71-4,1120-71-4,,C3H6O3S,,,,,II,"1. Chất sản xuất, kinh doanh có điều kiện","DANH MỤC HÓA CHẤT SẢN XUẤT, KINH DOANH CÓ ĐIỀU KIỆN"
590,số tự động Word,1-Propanethiol,1-Propanthiol,107-03-9,107-03-9,,C3H8S,,,,,II,"1. Chất sản xuất, kinh doanh có điều kiện","DANH MỤC HÓA CHẤT SẢN XUẤT, KINH DOANH CÓ ĐIỀU KIỆN"
591,số tự động Word,Propanil,Propanil,709-98-8,709-98-8,,C9H9Cl2NO,,,,,II,"1. Chất sản xuất, kinh doanh có điều kiện","DANH MỤC HÓA CHẤT SẢN XUẤT, KINH DOANH CÓ ĐIỀU KIỆN"
592,số tự động Word,Propan-1-ol,Propan-1-ol,71-23-8,71-23-8,,C3H8O,,,,,II,"1. Chất sản xuất, kinh doanh có điều kiện","DANH MỤC HÓA CHẤT SẢN XUẤT, KINH DOANH CÓ ĐIỀU KIỆN"
593,số tự động Word,Propanoic acid,Axit propionic,79-09-4,79-09-4,,C3H6O2,,,,,II,"1. Chất sản xuất, kinh doanh có điều kiện","DANH MỤC HÓA CHẤT SẢN XUẤT, KINH DOANH CÓ ĐIỀU KIỆN"
594,số tự động Word,Allyl amine (2-Propen-1-amine),Allyl amin,107-11-9,107-11-9,,C3H7N,,,,,II,"1. Chất sản xuất, kinh doanh có điều kiện","DANH MỤC HÓA CHẤT SẢN XUẤT, KINH DOANH CÓ ĐIỀU KIỆN"
595,số tự động Word,Acrolein (2-Propenal),Acrolein,107-02-8,107-02-8,,C3H4O,,,,,II,"1. Chất sản xuất, kinh doanh có điều kiện","DANH MỤC HÓA CHẤT SẢN XUẤT, KINH DOANH CÓ ĐIỀU KIỆN"
596,số tự động Word,Propionaldehyde,Propionaldehyt,123-38-6,123-38-6,,C3H6O,,,,,II,"1. Chất sản xuất, kinh doanh có điều kiện","DANH MỤC HÓA CHẤT SẢN XUẤT, KINH DOANH CÓ ĐIỀU KIỆN"
597,số tự động Word,Propionic anhydride,Propionic anhydrit,123-62-6,123-62-6,,C6H10O3,,,,,II,"1. Chất sản xuất, kinh doanh có điều kiện","DANH MỤC HÓA CHẤT SẢN XUẤT, KINH DOANH CÓ ĐIỀU KIỆN"
598,số tự động Word,Propionyl chloride,Propionyl clorua,79-03-8,79-03-8,,C3H5ClO,,,,,II,"1. Chất sản xuất, kinh doanh có điều kiện","DANH MỤC HÓA CHẤT SẢN XUẤT, KINH DOANH CÓ ĐIỀU KIỆN"
599,số tự động Word,Propisochlor,Propisochlor,86763-47-5,86763-47-5,,C15H22ClNO2,,,,,II,"1. Chất sản xuất, kinh doanh có điều kiện","DANH MỤC HÓA CHẤT SẢN XUẤT, KINH DOANH CÓ ĐIỀU KIỆN"
600,số tự động Word,Propyl acetate,Propyl axetat,109-60-4,109-60-4,,C5H10O2,,,,,II,"1. Chất sản xuất, kinh doanh có điều kiện","DANH MỤC HÓA CHẤT SẢN XUẤT, KINH DOANH CÓ ĐIỀU KIỆN"
601,số tự động Word,N-Propyl benzene,N-Propyl benzen,103-65-1,103-65-1,,C9H12,,,,,II,"1. Chất sản xuất, kinh doanh có điều kiện","DANH MỤC HÓA CHẤT SẢN XUẤT, KINH DOANH CÓ ĐIỀU KIỆN"
602,số tự động Word,1-Propyl bromide,1-Brom propan,106-94-5,106-94-5,,C3H7Br,,,,,II,"1. Chất sản xuất, kinh doanh có điều kiện","DANH MỤC HÓA CHẤT SẢN XUẤT, KINH DOANH CÓ ĐIỀU KIỆN"
603,số tự động Word,n-Propyl chloride,1-Clo propan,540-54-5,540-54-5,,C3H7Cl,,,,,II,"1. Chất sản xuất, kinh doanh có điều kiện","DANH MỤC HÓA CHẤT SẢN XUẤT, KINH DOANH CÓ ĐIỀU KIỆN"
604,số tự động Word,Propyl formate,Propyl format,110-74-7,110-74-7,,C4H8O2,,,,,II,"1. Chất sản xuất, kinh doanh có điều kiện","DANH MỤC HÓA CHẤT SẢN XUẤT, KINH DOANH CÓ ĐIỀU KIỆN"
605,số tự động Word,N-Propyl isocyanate,N-Propyl isoxyanat,110-78-1,110-78-1,,C4H7NO,,,,,II,"1. Chất sản xuất, kinh doanh có điều kiện","DANH MỤC HÓA CHẤT SẢN XUẤT, KINH DOANH CÓ ĐIỀU KIỆN"
606,số tự động Word,"1,2-Propylene diamine","1,2-Propylendiamin",78-90-0,78-90-0,,C3H10N2,,,,,II,"1. Chất sản xuất, kinh doanh có điều kiện","DANH MỤC HÓA CHẤT SẢN XUẤT, KINH DOANH CÓ ĐIỀU KIỆN"
607,số tự động Word,Propylene tetramer (Tetrapropylen),Propylen tetram (Tetrapropylen),6842-15-5,6842-15-5,,C12H24,,,,,II,"1. Chất sản xuất, kinh doanh có điều kiện","DANH MỤC HÓA CHẤT SẢN XUẤT, KINH DOANH CÓ ĐIỀU KIỆN"
608,số tự động Word,Propyltrichlorosilane,Propyl triclo silan,141-57-1,141-57-1,,C3H7Cl3Si,,,,,II,"1. Chất sản xuất, kinh doanh có điều kiện","DANH MỤC HÓA CHẤT SẢN XUẤT, KINH DOANH CÓ ĐIỀU KIỆN"
609,số tự động Word,Pyrazophos,Pyrazophos,13457-18-6,13457-18-6,,C14H20N3O5PS,,,,,II,"1. Chất sản xuất, kinh doanh có điều kiện","DANH MỤC HÓA CHẤT SẢN XUẤT, KINH DOANH CÓ ĐIỀU KIỆN"
610,số tự động Word,Pyridine,Pyridin,110-86-1,110-86-1,,C5H5N,,,,,II,"1. Chất sản xuất, kinh doanh có điều kiện","DANH MỤC HÓA CHẤT SẢN XUẤT, KINH DOANH CÓ ĐIỀU KIỆN"
611,số tự động Word,Pyrrolidine,Pyrolidin,123-75-1,123-75-1,,C4H9N,,,,,II,"1. Chất sản xuất, kinh doanh có điều kiện","DANH MỤC HÓA CHẤT SẢN XUẤT, KINH DOANH CÓ ĐIỀU KIỆN"
612,số tự động Word,Phenacyl chloride,Clo axetophenon,532-27-4,532-27-4,,C8H7ClO,,,,,II,"1. Chất sản xuất, kinh doanh có điều kiện","DANH MỤC HÓA CHẤT SẢN XUẤT, KINH DOANH CÓ ĐIỀU KIỆN"
613,số tự động Word,Phenetidine,Phenetidin,156-43-4,156-43-4,,C8H11NO,,,,,II,"1. Chất sản xuất, kinh doanh có điều kiện","DANH MỤC HÓA CHẤT SẢN XUẤT, KINH DOANH CÓ ĐIỀU KIỆN"
614,số tự động Word,Phenolsulfonic acid,Axit phenol sunphonic,1333-39-7,1333-39-7,,C6H6O4S,,,,,II,"1. Chất sản xuất, kinh doanh có điều kiện","DANH MỤC HÓA CHẤT SẢN XUẤT, KINH DOANH CÓ ĐIỀU KIỆN"
615,số tự động Word,N-Phenyl aniline,N-Phenyl anilin,122-39-4,122-39-4,,C12H11N,,,,,II,"1. Chất sản xuất, kinh doanh có điều kiện","DANH MỤC HÓA CHẤT SẢN XUẤT, KINH DOANH CÓ ĐIỀU KIỆN"
616,số tự động Word,Phenyl hydrazine,Phenyl hydrazin,100-63-0,100-63-0,,C6H8N2,,,,,II,"1. Chất sản xuất, kinh doanh có điều kiện","DANH MỤC HÓA CHẤT SẢN XUẤT, KINH DOANH CÓ ĐIỀU KIỆN"
617,số tự động Word,Phenyl trichloro silane,Phenyl triclo silan,98-13-5,98-13-5,,C6H5Cl3Si,,,,,II,"1. Chất sản xuất, kinh doanh có điều kiện","DANH MỤC HÓA CHẤT SẢN XUẤT, KINH DOANH CÓ ĐIỀU KIỆN"
618,số tự động Word,Phenylphosphorus Dichloride,Phenyl photpho diclo,644-97-3,644-97-3,,C6H5Cl2P,,,,,II,"1. Chất sản xuất, kinh doanh có điều kiện","DANH MỤC HÓA CHẤT SẢN XUẤT, KINH DOANH CÓ ĐIỀU KIỆN"
619,số tự động Word,Phenylphosphorus Thiodichloride,Phenyl photpho thio diclo,3497-00-5,3497-00-5,,C6H5Cl2PS,,,,,II,"1. Chất sản xuất, kinh doanh có điều kiện","DANH MỤC HÓA CHẤT SẢN XUẤT, KINH DOANH CÓ ĐIỀU KIỆN"
620,số tự động Word,Phosalone,Phosalon,2310-17-0,2310-17-0,,C12H15ClNO4PS2,,,,,II,"1. Chất sản xuất, kinh doanh có điều kiện","DANH MỤC HÓA CHẤT SẢN XUẤT, KINH DOANH CÓ ĐIỀU KIỆN"
621,số tự động Word,Phosphoric acid,Axit photphoric,7664-38-2,7664-38-2,,H3PO4,,,,,II,"1. Chất sản xuất, kinh doanh có điều kiện","DANH MỤC HÓA CHẤT SẢN XUẤT, KINH DOANH CÓ ĐIỀU KIỆN"
622,số tự động Word,"Phosphorus (White, yellow, red)","Photpho (trắng, vàng, đỏ)",12185-10-3 7723-14-0,12185-10-3; 7723-14-0,,P,,,,,II,"1. Chất sản xuất, kinh doanh có điều kiện","DANH MỤC HÓA CHẤT SẢN XUẤT, KINH DOANH CÓ ĐIỀU KIỆN"
623,số tự động Word,Phosphorus pentasulfide,Photpho pentasunfua,1314-80-3,1314-80-3,,P2S5,,,,,II,"1. Chất sản xuất, kinh doanh có điều kiện","DANH MỤC HÓA CHẤT SẢN XUẤT, KINH DOANH CÓ ĐIỀU KIỆN"
624,số tự động Word,Phosphorus pentoxide,Photpho pentoxit,1314-56-3,1314-56-3,,P2O5,,,,,II,"1. Chất sản xuất, kinh doanh có điều kiện","DANH MỤC HÓA CHẤT SẢN XUẤT, KINH DOANH CÓ ĐIỀU KIỆN"
625,số tự động Word,Phosphorus sesquisulfide,Photpho sesquisunfua,1314-85-8,1314-85-8,,P4S3,,,,,II,"1. Chất sản xuất, kinh doanh có điều kiện","DANH MỤC HÓA CHẤT SẢN XUẤT, KINH DOANH CÓ ĐIỀU KIỆN"
626,số tự động Word,Phthalic anhydride,Phthalic anhydrit,85-44-9,85-44-9,,C8H4O3,,,,,II,"1. Chất sản xuất, kinh doanh có điều kiện","DANH MỤC HÓA CHẤT SẢN XUẤT, KINH DOANH CÓ ĐIỀU KIỆN"
627,số tự động Word,Quinoline,Quinolin,91-22-5,91-22-5,,C9H7N,,,,,II,"1. Chất sản xuất, kinh doanh có điều kiện","DANH MỤC HÓA CHẤT SẢN XUẤT, KINH DOANH CÓ ĐIỀU KIỆN"
628,số tự động Word,Resorcinol,Resorcinol,108-46-3,108-46-3,,C6H6O2,,,,,II,"1. Chất sản xuất, kinh doanh có điều kiện","DANH MỤC HÓA CHẤT SẢN XUẤT, KINH DOANH CÓ ĐIỀU KIỆN"
629,số tự động Word,Rotenone,Rotenon,83-79-4,83-79-4,,C23H22O6,,,,,II,"1. Chất sản xuất, kinh doanh có điều kiện","DANH MỤC HÓA CHẤT SẢN XUẤT, KINH DOANH CÓ ĐIỀU KIỆN"
630,số tự động Word,"N-sec-Butyl-4-tert-butyl-2,6-dinitroanilin","N-Sec-butyl-4-tert-butyl-2,6-dinitro anilin",33629-47-9,33629-47-9,,C14H21O4N3,,,,,II,"1. Chất sản xuất, kinh doanh có điều kiện","DANH MỤC HÓA CHẤT SẢN XUẤT, KINH DOANH CÓ ĐIỀU KIỆN"
631,số tự động Word,Selenic acid,Axit selenic,7783-08-6,7783-08-6,,H2SeO4,,,,,II,"1. Chất sản xuất, kinh doanh có điều kiện","DANH MỤC HÓA CHẤT SẢN XUẤT, KINH DOANH CÓ ĐIỀU KIỆN"
632,số tự động Word,Selenious acid,Axit selenơ,7783-00-8,7783-00-8,,H2SeO3,,,,,II,"1. Chất sản xuất, kinh doanh có điều kiện","DANH MỤC HÓA CHẤT SẢN XUẤT, KINH DOANH CÓ ĐIỀU KIỆN"
633,số tự động Word,Selenium (powder),Selen (dạng bột),7782-49-2,7782-49-2,,Se,,,,,II,"1. Chất sản xuất, kinh doanh có điều kiện","DANH MỤC HÓA CHẤT SẢN XUẤT, KINH DOANH CÓ ĐIỀU KIỆN"
634,số tự động Word,Selenium dioxide,Selen dioxit,7746-08-4,7746-08-4,,SeO2,,,,,II,"1. Chất sản xuất, kinh doanh có điều kiện","DANH MỤC HÓA CHẤT SẢN XUẤT, KINH DOANH CÓ ĐIỀU KIỆN"
635,số tự động Word,Selenium disulfide,Selen disunfua,7488-56-4,7488-56-4,,SeS2,,,,,II,"1. Chất sản xuất, kinh doanh có điều kiện","DANH MỤC HÓA CHẤT SẢN XUẤT, KINH DOANH CÓ ĐIỀU KIỆN"
636,số tự động Word,Selenium oxychloride,Selen oxyclorit,7791-23-3,7791-23-3,,SeOCl2,,,,,II,"1. Chất sản xuất, kinh doanh có điều kiện","DANH MỤC HÓA CHẤT SẢN XUẤT, KINH DOANH CÓ ĐIỀU KIỆN"
637,số tự động Word,Silicon,Silic,7440-21-3,7440-21-3,,Si,,,,,II,"1. Chất sản xuất, kinh doanh có điều kiện","DANH MỤC HÓA CHẤT SẢN XUẤT, KINH DOANH CÓ ĐIỀU KIỆN"
638,số tự động Word,Silicon tetrachloride,Silicon tetraclorua,10026-04-7,10026-04-7,,SiCl4,,,,,II,"1. Chất sản xuất, kinh doanh có điều kiện","DANH MỤC HÓA CHẤT SẢN XUẤT, KINH DOANH CÓ ĐIỀU KIỆN"
639,số tự động Word,Silicon tetrafluoride,Silicon tetraflorua,7783-61-1,7783-61-1,,SiF4,,,,,II,"1. Chất sản xuất, kinh doanh có điều kiện","DANH MỤC HÓA CHẤT SẢN XUẤT, KINH DOANH CÓ ĐIỀU KIỆN"
640,số tự động Word,Silver nitrate,Bạc nitrat,7761-88-8,7761-88-8,,AgNO3,,,,,II,"1. Chất sản xuất, kinh doanh có điều kiện","DANH MỤC HÓA CHẤT SẢN XUẤT, KINH DOANH CÓ ĐIỀU KIỆN"
641,số tự động Word,Silvex,Silvex,93-72-1,93-72-1,,C9H7Cl3O3,,,,,II,"1. Chất sản xuất, kinh doanh có điều kiện","DANH MỤC HÓA CHẤT SẢN XUẤT, KINH DOANH CÓ ĐIỀU KIỆN"
642,số tự động Word,Simazine,Simazin,122-34-9,122-34-9,,C7H12ClN5,,,,,II,"1. Chất sản xuất, kinh doanh có điều kiện","DANH MỤC HÓA CHẤT SẢN XUẤT, KINH DOANH CÓ ĐIỀU KIỆN"
643,số tự động Word,"Demeton-s-methyl (S-2-Ethyl thioethyl O, O-dimethyl phosphorothioate)","Demeton-s-metyl (S-2-Etyl thioetyl O, O-dimetyl photphorothioat)",919-86-8,919-86-8,,C6H15O3PS2,,,,,II,"1. Chất sản xuất, kinh doanh có điều kiện","DANH MỤC HÓA CHẤT SẢN XUẤT, KINH DOANH CÓ ĐIỀU KIỆN"
644,số tự động Word,Sodium,Natri,7440-23-5,7440-23-5,,Na,,,,,II,"1. Chất sản xuất, kinh doanh có điều kiện","DANH MỤC HÓA CHẤT SẢN XUẤT, KINH DOANH CÓ ĐIỀU KIỆN"
645,số tự động Word,Sodium aluminate,Natri aluminat,1302-42-7,1302-42-7,,NaAlO2,,,,,II,"1. Chất sản xuất, kinh doanh có điều kiện","DANH MỤC HÓA CHẤT SẢN XUẤT, KINH DOANH CÓ ĐIỀU KIỆN"
646,số tự động Word,Sodium aluminium hydride,Natri nhôm hydrua,13770-96-2,13770-96-2,,NaAlH4,,,,,II,"1. Chất sản xuất, kinh doanh có điều kiện","DANH MỤC HÓA CHẤT SẢN XUẤT, KINH DOANH CÓ ĐIỀU KIỆN"
647,số tự động Word,Sodium bromate,Natri bromat,7789-38-0,7789-38-0,,NaBrO3,,,,,II,"1. Chất sản xuất, kinh doanh có điều kiện","DANH MỤC HÓA CHẤT SẢN XUẤT, KINH DOANH CÓ ĐIỀU KIỆN"
648,số tự động Word,Sodium chlorite,Natri clorit,7758-19-2,7758-19-2,,NaClO2,,,,,II,"1. Chất sản xuất, kinh doanh có điều kiện","DANH MỤC HÓA CHẤT SẢN XUẤT, KINH DOANH CÓ ĐIỀU KIỆN"
649,số tự động Word,Sodium chloroacetate,Natri clo axetat,3926-62-3,3926-62-3,,C2H3ClNaO2,,,,,II,"1. Chất sản xuất, kinh doanh có điều kiện","DANH MỤC HÓA CHẤT SẢN XUẤT, KINH DOANH CÓ ĐIỀU KIỆN"
650,số tự động Word,Sodium dithionite,Natri đithionit,7775-14-6,7775-14-6,,Na2S2O4,,,,,II,"1. Chất sản xuất, kinh doanh có điều kiện","DANH MỤC HÓA CHẤT SẢN XUẤT, KINH DOANH CÓ ĐIỀU KIỆN"
651,số tự động Word,Sodium fluoride,Natri florua,7681-49-4,7681-49-4,,NaF,,,,,II,"1. Chất sản xuất, kinh doanh có điều kiện","DANH MỤC HÓA CHẤT SẢN XUẤT, KINH DOANH CÓ ĐIỀU KIỆN"
652,số tự động Word,Sodium fluorosilicate,Natri flo silicat,16893-85-9,16893-85-9,,Na2SiF6,,,,,II,"1. Chất sản xuất, kinh doanh có điều kiện","DANH MỤC HÓA CHẤT SẢN XUẤT, KINH DOANH CÓ ĐIỀU KIỆN"
653,số tự động Word,Sodium hydrogendifluoride,Natri hydrodiflorua,1333-83-1,1333-83-1,,NaHF2,,,,,II,"1. Chất sản xuất, kinh doanh có điều kiện","DANH MỤC HÓA CHẤT SẢN XUẤT, KINH DOANH CÓ ĐIỀU KIỆN"
654,số tự động Word,Sodium hydrosulfide,Natri hydrosunfua,16721-80-5,16721-80-5,,NaHS,,,,,II,"1. Chất sản xuất, kinh doanh có điều kiện","DANH MỤC HÓA CHẤT SẢN XUẤT, KINH DOANH CÓ ĐIỀU KIỆN"
655,số tự động Word,Sodium hydroxide,Natri hydroxit,1310-73-2,1310-73-2,,NaOH,,,,,II,"1. Chất sản xuất, kinh doanh có điều kiện","DANH MỤC HÓA CHẤT SẢN XUẤT, KINH DOANH CÓ ĐIỀU KIỆN"
656,số tự động Word,Sodium hypochlorite,Natri hypoclorit,7681-52-9,7681-52-9,,NaClO,,,,,II,"1. Chất sản xuất, kinh doanh có điều kiện","DANH MỤC HÓA CHẤT SẢN XUẤT, KINH DOANH CÓ ĐIỀU KIỆN"
657,số tự động Word,Sodium metasilicate,Natri silicat,6834-92-0,6834-92-0,,Na2SiO3,,,,,II,"1. Chất sản xuất, kinh doanh có điều kiện","DANH MỤC HÓA CHẤT SẢN XUẤT, KINH DOANH CÓ ĐIỀU KIỆN"
658,số tự động Word,Sodium methylate,Natri metylat,124-41-4,124-41-4,,CH3NaO,,,,,II,"1. Chất sản xuất, kinh doanh có điều kiện","DANH MỤC HÓA CHẤT SẢN XUẤT, KINH DOANH CÓ ĐIỀU KIỆN"
659,số tự động Word,Sodium oxide,Natri oxit,1313-59-3,1313-59-3,,Na2O,,,,,II,"1. Chất sản xuất, kinh doanh có điều kiện","DANH MỤC HÓA CHẤT SẢN XUẤT, KINH DOANH CÓ ĐIỀU KIỆN"
660,số tự động Word,Sodium perborate,Natri perborat,7632-04-4,7632-04-4,,NaBO3,,,,,II,"1. Chất sản xuất, kinh doanh có điều kiện","DANH MỤC HÓA CHẤT SẢN XUẤT, KINH DOANH CÓ ĐIỀU KIỆN"
661,số tự động Word,Sodium perchlorate,Natri perclorat,7601-89-0,7601-89-0,,NaClO4,,,,,II,"1. Chất sản xuất, kinh doanh có điều kiện","DANH MỤC HÓA CHẤT SẢN XUẤT, KINH DOANH CÓ ĐIỀU KIỆN"
662,số tự động Word,Sodium permanganate,Natri pemanganat,10101-50-5,10101-50-5,,NaMnO4,,,,,II,"1. Chất sản xuất, kinh doanh có điều kiện","DANH MỤC HÓA CHẤT SẢN XUẤT, KINH DOANH CÓ ĐIỀU KIỆN"
663,số tự động Word,Sodium persulfate,Natri persunphat,7775-27-1,7775-27-1,,Na2S2O8,,,,,II,"1. Chất sản xuất, kinh doanh có điều kiện","DANH MỤC HÓA CHẤT SẢN XUẤT, KINH DOANH CÓ ĐIỀU KIỆN"
664,số tự động Word,Sodium sulfide2,Natri sunfua,1313-82-2,1313-82-2,,Na2S,,,,,II,"1. Chất sản xuất, kinh doanh có điều kiện","DANH MỤC HÓA CHẤT SẢN XUẤT, KINH DOANH CÓ ĐIỀU KIỆN"
665,số tự động Word,Sodium vanadate,Natri vanadat,13718-26-8,13718-26-8,,NaVO3,,,,,II,"1. Chất sản xuất, kinh doanh có điều kiện","DANH MỤC HÓA CHẤT SẢN XUẤT, KINH DOANH CÓ ĐIỀU KIỆN"
666,số tự động Word,Stibine (antimony hydril),Stibin (antimony hydril),7803-52-3,7803-52-3,,SbH3,,,,,II,"1. Chất sản xuất, kinh doanh có điều kiện","DANH MỤC HÓA CHẤT SẢN XUẤT, KINH DOANH CÓ ĐIỀU KIỆN"
667,số tự động Word,Strontium nitrate,Stronti nitrat,10042-76-9,10042-76-9,,Sr(NO3)2,,,,,II,"1. Chất sản xuất, kinh doanh có điều kiện","DANH MỤC HÓA CHẤT SẢN XUẤT, KINH DOANH CÓ ĐIỀU KIỆN"
668,số tự động Word,Strontium peroxide,Stronti peroxit,1314-18-7,1314-18-7,,SrO2,,,,,II,"1. Chất sản xuất, kinh doanh có điều kiện","DANH MỤC HÓA CHẤT SẢN XUẤT, KINH DOANH CÓ ĐIỀU KIỆN"
669,số tự động Word,Strychnine sulfate,Strychnin sunphat,60-41-3,60-41-3,,C21H22N2O2. 0.5H2SO4,,,,,II,"1. Chất sản xuất, kinh doanh có điều kiện","DANH MỤC HÓA CHẤT SẢN XUẤT, KINH DOANH CÓ ĐIỀU KIỆN"
670,số tự động Word,Sulfur,Lưu huỳnh,7704-34-9,7704-34-9,,S,,,,,II,"1. Chất sản xuất, kinh doanh có điều kiện","DANH MỤC HÓA CHẤT SẢN XUẤT, KINH DOANH CÓ ĐIỀU KIỆN"
671,số tự động Word,Sulfur dioxide,Lưu huỳnh dioxit,7446-09-5,7446-09-5,,SO2,,,,,II,"1. Chất sản xuất, kinh doanh có điều kiện","DANH MỤC HÓA CHẤT SẢN XUẤT, KINH DOANH CÓ ĐIỀU KIỆN"
672,số tự động Word,Sulfur hexafluoride,Lưu huỳnh hexaflorua,2551-62-4,2551-62-4,,SF6,,,,,II,"1. Chất sản xuất, kinh doanh có điều kiện","DANH MỤC HÓA CHẤT SẢN XUẤT, KINH DOANH CÓ ĐIỀU KIỆN"
673,số tự động Word,Sulfuryl fluoride,Sunphuryl florua,2699-79-8,2699-79-8,,SO2F2,,,,,II,"1. Chất sản xuất, kinh doanh có điều kiện","DANH MỤC HÓA CHẤT SẢN XUẤT, KINH DOANH CÓ ĐIỀU KIỆN"
674,số tự động Word,S-(4-Chlorobenzyl) diethylcarbamothioate,S-(4-Clobenzyl) dietyl cacbamothioat,28249-77-6,28249-77-6,,C12H16ClNOS,,,,,II,"1. Chất sản xuất, kinh doanh có điều kiện","DANH MỤC HÓA CHẤT SẢN XUẤT, KINH DOANH CÓ ĐIỀU KIỆN"
675,số tự động Word,"S-[2-(Ethylsulfinyl) ethyl] O, O-dimethyl phosphorothioate","S-[2-(Etyl sunfinyl) etyl] O,O-dimetyl photphothioat",301-12-2,301-12-2,,C6H15O4PS2,,,,,II,"1. Chất sản xuất, kinh doanh có điều kiện","DANH MỤC HÓA CHẤT SẢN XUẤT, KINH DOANH CÓ ĐIỀU KIỆN"
676,số tự động Word,"S-2-Ethylthioethyl O, O-dimethyl phosphorodithioate","S-2-Etylthio etyl O, O-dimetyl photphodithioat",640-15-3,640-15-3,,C6H15O2S3P,,,,,II,"1. Chất sản xuất, kinh doanh có điều kiện","DANH MỤC HÓA CHẤT SẢN XUẤT, KINH DOANH CÓ ĐIỀU KIỆN"
677,số tự động Word,Technazene,Technazen,117-18-0,117-18-0,,C6HCl4NO2,,,,,II,"1. Chất sản xuất, kinh doanh có điều kiện","DANH MỤC HÓA CHẤT SẢN XUẤT, KINH DOANH CÓ ĐIỀU KIỆN"
678,số tự động Word,Terpene hydrocarbon,Terpen hydrocacbon,68956-56-9,68956-56-9,,C10H16,,,,,II,"1. Chất sản xuất, kinh doanh có điều kiện","DANH MỤC HÓA CHẤT SẢN XUẤT, KINH DOANH CÓ ĐIỀU KIỆN"
679,số tự động Word,Terpinolene,Terpinolen,586-62-9,586-62-9,,C10H16,,,,,II,"1. Chất sản xuất, kinh doanh có điều kiện","DANH MỤC HÓA CHẤT SẢN XUẤT, KINH DOANH CÓ ĐIỀU KIỆN"
680,số tự động Word,"5-tert-Butyl-2,4,6-trinitro-m-xylene","5-Tert-Butyl-2,4,6-trinitro-m-xylen",81-15-2,81-15-2,,C12H15N3O6,,,,,II,"1. Chất sản xuất, kinh doanh có điều kiện","DANH MỤC HÓA CHẤT SẢN XUẤT, KINH DOANH CÓ ĐIỀU KIỆN"
681,số tự động Word,"2-tert-Butyl-4,6-dinitrophenol","2-Tert-butyl-4,6-dinitrophenol",1420-07-1,1420-07-1,,C10H12N2O5,,,,,II,"1. Chất sản xuất, kinh doanh có điều kiện","DANH MỤC HÓA CHẤT SẢN XUẤT, KINH DOANH CÓ ĐIỀU KIỆN"
682,số tự động Word,Tetrabromomethane,Cacbon tetrabromit,558-13-4,558-13-4,,CBr4,,,,,II,"1. Chất sản xuất, kinh doanh có điều kiện","DANH MỤC HÓA CHẤT SẢN XUẤT, KINH DOANH CÓ ĐIỀU KIỆN"
683,số tự động Word,"Dimethyl 2,3,5,6-tetrachloro benzene-1,4-dicarboxylate","Dimetyl 2,3,5,6-tetraclo benzen-1,4-dicacboxylat",1861-32-1,1861-32-1,,C10H6Cl4O4,,,,,II,"1. Chất sản xuất, kinh doanh có điều kiện","DANH MỤC HÓA CHẤT SẢN XUẤT, KINH DOANH CÓ ĐIỀU KIỆN"
684,số tự động Word,Monomethyl-Tetrachlorodiphenyl methane (Trade name: Ugilec 141),Monometyl-Tetraclodiphenyl metan,76253-60-6,76253-60-6,,C14H12Cl4,,,,,II,"1. Chất sản xuất, kinh doanh có điều kiện","DANH MỤC HÓA CHẤT SẢN XUẤT, KINH DOANH CÓ ĐIỀU KIỆN"
685,số tự động Word,"1,1,1,2-Tetrachloroethane","1,1,1,2-Tetraclo etan",630-20-6,630-20-6,,C2H2Cl4,,,,,II,"1. Chất sản xuất, kinh doanh có điều kiện","DANH MỤC HÓA CHẤT SẢN XUẤT, KINH DOANH CÓ ĐIỀU KIỆN"
686,số tự động Word,"1,1,2,2-Tetrachloroethane","1,1,2,2-Tetraclo etan",79-34-5,79-34-5,,C2H2Cl4,,,,,II,"1. Chất sản xuất, kinh doanh có điều kiện","DANH MỤC HÓA CHẤT SẢN XUẤT, KINH DOANH CÓ ĐIỀU KIỆN"
687,số tự động Word,"2,3,4,6-Tetrachlorophenol","2,3,4,6-Tetraclo phenol",58-90-2,58-90-2,,C6H2Cl4O,,,,,II,"1. Chất sản xuất, kinh doanh có điều kiện","DANH MỤC HÓA CHẤT SẢN XUẤT, KINH DOANH CÓ ĐIỀU KIỆN"
688,số tự động Word,Tetraethyl enepent amine,Tetraetyl enpent amin,112-57-2,112-57-2,,C8H23N5,,,,,II,"1. Chất sản xuất, kinh doanh có điều kiện","DANH MỤC HÓA CHẤT SẢN XUẤT, KINH DOANH CÓ ĐIỀU KIỆN"
689,số tự động Word,Tetraethyl silicate,Tetraetyl silicat,78-10-4,78-10-4,,C8H20O4Si,,,,,II,"1. Chất sản xuất, kinh doanh có điều kiện","DANH MỤC HÓA CHẤT SẢN XUẤT, KINH DOANH CÓ ĐIỀU KIỆN"
690,số tự động Word,Tetrafluoromethane,Tetraflo metan,75-73-0,75-73-0,,CF4,,,,,II,"1. Chất sản xuất, kinh doanh có điều kiện","DANH MỤC HÓA CHẤT SẢN XUẤT, KINH DOANH CÓ ĐIỀU KIỆN"
691,số tự động Word,Tetrahydro thiophene (thiolan),Tetrahydro thiophen (thiolan),110-01-0,110-01-0,,C4H8S,,,,,II,"1. Chất sản xuất, kinh doanh có điều kiện","DANH MỤC HÓA CHẤT SẢN XUẤT, KINH DOANH CÓ ĐIỀU KIỆN"
692,số tự động Word,"1,2,3,6-Tetrahydro-1-methyl-4-phenyl pyridine","1,2,3,6-Tetrahydro-1-metyl-4-phenyl pyritin",28289-54-5,28289-54-5,,C12H15N,,,,,II,"1. Chất sản xuất, kinh doanh có điều kiện","DANH MỤC HÓA CHẤT SẢN XUẤT, KINH DOANH CÓ ĐIỀU KIỆN"
693,số tự động Word,Tetrahydrofuran,Tetrahydrofuran,109-99-9,109-99-9,,C4H8O,,,,,II,"1. Chất sản xuất, kinh doanh có điều kiện","DANH MỤC HÓA CHẤT SẢN XUẤT, KINH DOANH CÓ ĐIỀU KIỆN"
694,số tự động Word,2-Tetrahydrofurfuryl amine,2-Tetrahydro furfuryl amin,4795-29-3,4795-29-3,,C5H11NO,,,,,II,"1. Chất sản xuất, kinh doanh có điều kiện","DANH MỤC HÓA CHẤT SẢN XUẤT, KINH DOANH CÓ ĐIỀU KIỆN"
695,số tự động Word,Tetrahydrophthalic anhydride,Tetrahydrophthalic anhydrit,85-43-8,85-43-8,,C8H8O3,,,,,II,"1. Chất sản xuất, kinh doanh có điều kiện","DANH MỤC HÓA CHẤT SẢN XUẤT, KINH DOANH CÓ ĐIỀU KIỆN"
696,số tự động Word,Tetramethyiammonium hydroxide,Tetrametyl amonni hydroxit,75-59-2,75-59-2,,C4H13NO,,,,,II,"1. Chất sản xuất, kinh doanh có điều kiện","DANH MỤC HÓA CHẤT SẢN XUẤT, KINH DOANH CÓ ĐIỀU KIỆN"
697,số tự động Word,Tetrapropyl orthotitanate,Tetrapropyl orthotitanat,3087-37-4,3087-37-4,,C12H28O4Ti,,,,,II,"1. Chất sản xuất, kinh doanh có điều kiện","DANH MỤC HÓA CHẤT SẢN XUẤT, KINH DOANH CÓ ĐIỀU KIỆN"
698,số tự động Word,Titanium,Titan,7440-32-6,7440-32-6,,Ti,,,,,II,"1. Chất sản xuất, kinh doanh có điều kiện","DANH MỤC HÓA CHẤT SẢN XUẤT, KINH DOANH CÓ ĐIỀU KIỆN"
699,số tự động Word,Titanium hydride,Titan hydrua,7704-98-5,7704-98-5,,TiH2,,,,,II,"1. Chất sản xuất, kinh doanh có điều kiện","DANH MỤC HÓA CHẤT SẢN XUẤT, KINH DOANH CÓ ĐIỀU KIỆN"
700,số tự động Word,o-Tolidine,O-tolidin,119-93-7,119-93-7,,C14H16N2,,,,,II,"1. Chất sản xuất, kinh doanh có điều kiện","DANH MỤC HÓA CHẤT SẢN XUẤT, KINH DOANH CÓ ĐIỀU KIỆN"
701,số tự động Word,o-Tolidine dihydrochloride,O-tolidin dihydro clo,612-82-8,612-82-8,,C14H18Cl2N2,,,,,II,"1. Chất sản xuất, kinh doanh có điều kiện","DANH MỤC HÓA CHẤT SẢN XUẤT, KINH DOANH CÓ ĐIỀU KIỆN"
702,số tự động Word,Tolylfluanid,Tolylfluanid,731-27-1,731-27-1,,C10H13Cl2FN2O2S2,,,,,II,"1. Chất sản xuất, kinh doanh có điều kiện","DANH MỤC HÓA CHẤT SẢN XUẤT, KINH DOANH CÓ ĐIỀU KIỆN"
703,số tự động Word,Tungsten hexafluoride,Vonfram hexaflorua,7783-82-6,7783-82-6,,WF6,,,,,II,"1. Chất sản xuất, kinh doanh có điều kiện","DANH MỤC HÓA CHẤT SẢN XUẤT, KINH DOANH CÓ ĐIỀU KIỆN"
704,số tự động Word,Thallium nitrate,Tali nitrat,10102-45-1,10102-45-1,,TlNO3,,,,,II,"1. Chất sản xuất, kinh doanh có điều kiện","DANH MỤC HÓA CHẤT SẢN XUẤT, KINH DOANH CÓ ĐIỀU KIỆN"
705,số tự động Word,Thallium sulfate,Tali sunphat,7446-18-6,7446-18-6,,Tl2(SO4),,,,,II,"1. Chất sản xuất, kinh doanh có điều kiện","DANH MỤC HÓA CHẤT SẢN XUẤT, KINH DOANH CÓ ĐIỀU KIỆN"
706,số tự động Word,Thioethylene glycol,Thioethylene glycol,60-24-2,60-24-2,,C2H6OS,,,,,II,"1. Chất sản xuất, kinh doanh có điều kiện","DANH MỤC HÓA CHẤT SẢN XUẤT, KINH DOANH CÓ ĐIỀU KIỆN"
707,số tự động Word,Thioglycolic acid,Axit thioglycolic,68-11-1,68-11-1,,C2H4O2S,,,,,II,"1. Chất sản xuất, kinh doanh có điều kiện","DANH MỤC HÓA CHẤT SẢN XUẤT, KINH DOANH CÓ ĐIỀU KIỆN"
708,số tự động Word,Thiophene,Thiophen,110-02-1,110-02-1,,C4H4S,,,,,II,"1. Chất sản xuất, kinh doanh có điều kiện","DANH MỤC HÓA CHẤT SẢN XUẤT, KINH DOANH CÓ ĐIỀU KIỆN"
709,số tự động Word,Thiourea,Thiourea,62-56-6,62-56-6,,CH4N2S,,,,,II,"1. Chất sản xuất, kinh doanh có điều kiện","DANH MỤC HÓA CHẤT SẢN XUẤT, KINH DOANH CÓ ĐIỀU KIỆN"
710,số tự động Word,Thiourea dioxide,Thiourea dioxit,1758-73-2,1758-73-2,,CH4O2N2S,,,,,II,"1. Chất sản xuất, kinh doanh có điều kiện","DANH MỤC HÓA CHẤT SẢN XUẤT, KINH DOANH CÓ ĐIỀU KIỆN"
711,số tự động Word,Thorine sodium,Thorin natri,132-33-2,132-33-2,,C16H11AsN2Na3O10S2,,,,,II,"1. Chất sản xuất, kinh doanh có điều kiện","DANH MỤC HÓA CHẤT SẢN XUẤT, KINH DOANH CÓ ĐIỀU KIỆN"
712,số tự động Word,Thorium nitrate,Thori nitrat,13823-29-5,13823-29-5,,Th(NO3)4,,,,,II,"1. Chất sản xuất, kinh doanh có điều kiện","DANH MỤC HÓA CHẤT SẢN XUẤT, KINH DOANH CÓ ĐIỀU KIỆN"
713,số tự động Word,Thymol,Thymol,89-83-8,89-83-8,,C10H14O,,,,,II,"1. Chất sản xuất, kinh doanh có điều kiện","DANH MỤC HÓA CHẤT SẢN XUẤT, KINH DOANH CÓ ĐIỀU KIỆN"
714,số tự động Word,Triallylamine,Triallyl amin,102-70-5,102-70-5,,C9H15N,,,,,II,"1. Chất sản xuất, kinh doanh có điều kiện","DANH MỤC HÓA CHẤT SẢN XUẤT, KINH DOANH CÓ ĐIỀU KIỆN"
715,số tự động Word,Tributyl tin acetate,Tributyl axetat thiếc,56-36-0,56-36-0,,C14H30O2Sn,,,,,II,"1. Chất sản xuất, kinh doanh có điều kiện","DANH MỤC HÓA CHẤT SẢN XUẤT, KINH DOANH CÓ ĐIỀU KIỆN"
716,số tự động Word,Tributyl tin laurate,Tributyl laurat thiếc,3090-36-6,3090-36-6,,C24H50O2Sn,,,,,II,"1. Chất sản xuất, kinh doanh có điều kiện","DANH MỤC HÓA CHẤT SẢN XUẤT, KINH DOANH CÓ ĐIỀU KIỆN"
717,số tự động Word,Tricyclazole,Tricyclazol,41814-78-2,41814-78-2,,C9H7N3S,,,,,II,"1. Chất sản xuất, kinh doanh có điều kiện","DANH MỤC HÓA CHẤT SẢN XUẤT, KINH DOANH CÓ ĐIỀU KIỆN"
718,số tự động Word,"1-Tricyclohexylstannyl-1,2,4-triazol","1-Trixyclo hexylstannyl-1,2,4-triazol",41083-11-8,41083-11-8,,C20H35N3Sn,,,,,II,"1. Chất sản xuất, kinh doanh có điều kiện","DANH MỤC HÓA CHẤT SẢN XUẤT, KINH DOANH CÓ ĐIỀU KIỆN"
719,số tự động Word,"1,2,3-Trichlorbenzene","1,2,3-Triclo benzen",87-61-6,87-61-6,,C6H3Cl3,,,,,II,"1. Chất sản xuất, kinh doanh có điều kiện","DANH MỤC HÓA CHẤT SẢN XUẤT, KINH DOANH CÓ ĐIỀU KIỆN"
720,số tự động Word,"1,2,4-Trichlorbenzene","1,2,4-Triclo benzen",120-82-1,120-82-1,,C6H3Cl3,,,,,II,"1. Chất sản xuất, kinh doanh có điều kiện","DANH MỤC HÓA CHẤT SẢN XUẤT, KINH DOANH CÓ ĐIỀU KIỆN"
721,số tự động Word,"1,3,5-Trichlorbenzene","1,3,5-Triclo benzen",108-70-3,108-70-3,,C6H3Cl3,,,,,II,"1. Chất sản xuất, kinh doanh có điều kiện","DANH MỤC HÓA CHẤT SẢN XUẤT, KINH DOANH CÓ ĐIỀU KIỆN"
722,số tự động Word,Trichlorfon,Triclofon,52-68-6,52-68-6,,C4H8Cl3O4P,,,,,II,"1. Chất sản xuất, kinh doanh có điều kiện","DANH MỤC HÓA CHẤT SẢN XUẤT, KINH DOANH CÓ ĐIỀU KIỆN"
723,số tự động Word,Trichloro isocyanuric acid,Axit triclo isoxyanuric,87-90-1,87-90-1,,C3Cl3N3O3,,,,,II,"1. Chất sản xuất, kinh doanh có điều kiện","DANH MỤC HÓA CHẤT SẢN XUẤT, KINH DOANH CÓ ĐIỀU KIỆN"
724,số tự động Word,Trichloroacetic acid,Axit triclo axetic,76-03-9,76-03-9,,C2HCl3O2,,,,,II,"1. Chất sản xuất, kinh doanh có điều kiện","DANH MỤC HÓA CHẤT SẢN XUẤT, KINH DOANH CÓ ĐIỀU KIỆN"
725,số tự động Word,Trichlorobutene,Triclobuten,2431-50-7,2431-50-7,,C4H5Cl3,,,,,II,"1. Chất sản xuất, kinh doanh có điều kiện","DANH MỤC HÓA CHẤT SẢN XUẤT, KINH DOANH CÓ ĐIỀU KIỆN"
726,số tự động Word,"1,1,1-Trichloroethane","1,1,1-Triclo etan",71-55-6,71-55-6,,C2H3Cl3,,,,,II,"1. Chất sản xuất, kinh doanh có điều kiện","DANH MỤC HÓA CHẤT SẢN XUẤT, KINH DOANH CÓ ĐIỀU KIỆN"
727,số tự động Word,"2,4,6-Trichlorophenol","2,4,6-Triclophenol",88-06-2,88-06-2,,C6H3Cl3O,,,,,II,"1. Chất sản xuất, kinh doanh có điều kiện","DANH MỤC HÓA CHẤT SẢN XUẤT, KINH DOANH CÓ ĐIỀU KIỆN"
728,số tự động Word,Triethyl borate,Trietyl borat,150-46-9,150-46-9,,C6H15BO3,,,,,II,"1. Chất sản xuất, kinh doanh có điều kiện","DANH MỤC HÓA CHẤT SẢN XUẤT, KINH DOANH CÓ ĐIỀU KIỆN"
729,số tự động Word,Triethyl tin sulfate,Trietyl thiếc sunphat,57-52-3,57-52-3,,C12H30O4SSn2,,,,,II,"1. Chất sản xuất, kinh doanh có điều kiện","DANH MỤC HÓA CHẤT SẢN XUẤT, KINH DOANH CÓ ĐIỀU KIỆN"
730,số tự động Word,Triethylamine,Triethyl amin,121-44-8,121-44-8,,C6H15N,,,,,II,"1. Chất sản xuất, kinh doanh có điều kiện","DANH MỤC HÓA CHẤT SẢN XUẤT, KINH DOANH CÓ ĐIỀU KIỆN"
731,số tự động Word,Triethylenetetramine,Trietyl enetetramin,112-24-3,112-24-3,,C6H18N4,,,,,II,"1. Chất sản xuất, kinh doanh có điều kiện","DANH MỤC HÓA CHẤT SẢN XUẤT, KINH DOANH CÓ ĐIỀU KIỆN"
732,số tự động Word,Trifluoroacetic acid,Axit triflo axetic,76-05-1,76-05-1,,C2HF3O2,,,,,II,"1. Chất sản xuất, kinh doanh có điều kiện","DANH MỤC HÓA CHẤT SẢN XUẤT, KINH DOANH CÓ ĐIỀU KIỆN"
733,số tự động Word,Trifluoromethane (Fluoroform),Triflo metan (Floform),75-46-7,75-46-7,,CHF3,,,,,II,"1. Chất sản xuất, kinh doanh có điều kiện","DANH MỤC HÓA CHẤT SẢN XUẤT, KINH DOANH CÓ ĐIỀU KIỆN"
734,số tự động Word,Trifluralin,Trifluralin,1582-09-8,1582-09-8,,C13H16F3N3O4,,,,,II,"1. Chất sản xuất, kinh doanh có điều kiện","DANH MỤC HÓA CHẤT SẢN XUẤT, KINH DOANH CÓ ĐIỀU KIỆN"
735,số tự động Word,Triisobutylene,Triisobutylen,7756-94-7,7756-94-7,,C12H24,,,,,II,"1. Chất sản xuất, kinh doanh có điều kiện","DANH MỤC HÓA CHẤT SẢN XUẤT, KINH DOANH CÓ ĐIỀU KIỆN"
736,số tự động Word,Triisopropyl borate,Triisopropyl borat,5419-55-6,5419-55-6,,C9H21BO3,,,,,II,"1. Chất sản xuất, kinh doanh có điều kiện","DANH MỤC HÓA CHẤT SẢN XUẤT, KINH DOANH CÓ ĐIỀU KIỆN"
737,số tự động Word,"1,3,5-Trimetyl benzene","1,3,5- Trimetyl benzen",108-67-8,108-67-8,,C9H12,,,,,II,"1. Chất sản xuất, kinh doanh có điều kiện","DANH MỤC HÓA CHẤT SẢN XUẤT, KINH DOANH CÓ ĐIỀU KIỆN"
738,số tự động Word,Trimethyl borate,Trimetyl borat,121-43-7,121-43-7,,C3H9BO3,,,,,II,"1. Chất sản xuất, kinh doanh có điều kiện","DANH MỤC HÓA CHẤT SẢN XUẤT, KINH DOANH CÓ ĐIỀU KIỆN"
739,số tự động Word,"3,3,5-Trimethyl cyclohexylamine","3,3,5-Trimetyl xyclohexyl amin",15901-42-5,15901-42-5,,C9H19N,,,,,II,"1. Chất sản xuất, kinh doanh có điều kiện","DANH MỤC HÓA CHẤT SẢN XUẤT, KINH DOANH CÓ ĐIỀU KIỆN"
740,số tự động Word,Trimethylacetyl chloride,Trimetyl axetyl chlorit,3282-30-2,3282-30-2,,C5H9ClO,,,,,II,"1. Chất sản xuất, kinh doanh có điều kiện","DANH MỤC HÓA CHẤT SẢN XUẤT, KINH DOANH CÓ ĐIỀU KIỆN"
741,số tự động Word,Triorganostannic compounds other than tributyltin compounds,Hợp chất Triorganostannic khác với tributyl thiếc,---,,,---,,,,,II,"1. Chất sản xuất, kinh doanh có điều kiện","DANH MỤC HÓA CHẤT SẢN XUẤT, KINH DOANH CÓ ĐIỀU KIỆN"
742,số tự động Word,Tripropylamine,Tripropyl amin,102-69-2,102-69-2,,C9H21N,,,,,II,"1. Chất sản xuất, kinh doanh có điều kiện","DANH MỤC HÓA CHẤT SẢN XUẤT, KINH DOANH CÓ ĐIỀU KIỆN"
743,số tự động Word,Tripropylene,Tripropylen,13987-01-4,13987-01-4,,C9H18,,,,,II,"1. Chất sản xuất, kinh doanh có điều kiện","DANH MỤC HÓA CHẤT SẢN XUẤT, KINH DOANH CÓ ĐIỀU KIỆN"
744,số tự động Word,Triphenyltin acetate,Triphenyltin acetate,900-95-8,900-95-8,,C20H18O2Sn,,,,,II,"1. Chất sản xuất, kinh doanh có điều kiện","DANH MỤC HÓA CHẤT SẢN XUẤT, KINH DOANH CÓ ĐIỀU KIỆN"
745,số tự động Word,Triphenyltin hydroxide,Triphenyltin hydroxit,76-87-9,76-87-9,,C18H16OSn,,,,,II,"1. Chất sản xuất, kinh doanh có điều kiện","DANH MỤC HÓA CHẤT SẢN XUẤT, KINH DOANH CÓ ĐIỀU KIỆN"
746,số tự động Word,Undecane,Undecan,1120-21-4,1120-21-4,,C11H24,,,,,II,"1. Chất sản xuất, kinh doanh có điều kiện","DANH MỤC HÓA CHẤT SẢN XUẤT, KINH DOANH CÓ ĐIỀU KIỆN"
747,số tự động Word,Urea hydrogen peroxide,Urea hydro peroxit,124-43-6,124-43-6,,CH6N2O3,,,,,II,"1. Chất sản xuất, kinh doanh có điều kiện","DANH MỤC HÓA CHẤT SẢN XUẤT, KINH DOANH CÓ ĐIỀU KIỆN"
748,số tự động Word,Valeryl chloride,Valeryl clo,638-29-9,638-29-9,,C5H9ClO,,,,,II,"1. Chất sản xuất, kinh doanh có điều kiện","DANH MỤC HÓA CHẤT SẢN XUẤT, KINH DOANH CÓ ĐIỀU KIỆN"
749,số tự động Word,Vanadyl sulfate,Vanadyl sunphat,27774-13-6,27774-13-6,,VO(SO4),,,,,II,"1. Chất sản xuất, kinh doanh có điều kiện","DANH MỤC HÓA CHẤT SẢN XUẤT, KINH DOANH CÓ ĐIỀU KIỆN"
750,số tự động Word,Vinyl bromide,Vinyl bromua,593-60-2,593-60-2,,C2H3Br,,,,,II,"1. Chất sản xuất, kinh doanh có điều kiện","DANH MỤC HÓA CHẤT SẢN XUẤT, KINH DOANH CÓ ĐIỀU KIỆN"
751,số tự động Word,Vinyl butyrate,Vinyl butyrat,123-20-6,123-20-6,,C6H10O2,,,,,II,"1. Chất sản xuất, kinh doanh có điều kiện","DANH MỤC HÓA CHẤT SẢN XUẤT, KINH DOANH CÓ ĐIỀU KIỆN"
752,số tự động Word,Vinyl isobutyl ether,Vinyl isobutyl ete,109-53-5,109-53-5,,C6H12O,,,,,II,"1. Chất sản xuất, kinh doanh có điều kiện","DANH MỤC HÓA CHẤT SẢN XUẤT, KINH DOANH CÓ ĐIỀU KIỆN"
753,số tự động Word,Vinyltoluene,Vinyl toluen,25013-15-4,25013-15-4,,C9H10,,,,,II,"1. Chất sản xuất, kinh doanh có điều kiện","DANH MỤC HÓA CHẤT SẢN XUẤT, KINH DOANH CÓ ĐIỀU KIỆN"
754,số tự động Word,Vinyltrichlorosilane,Vinyl triclo silan,75-94-5,75-94-5,,C2H3Cl3Si,,,,,II,"1. Chất sản xuất, kinh doanh có điều kiện","DANH MỤC HÓA CHẤT SẢN XUẤT, KINH DOANH CÓ ĐIỀU KIỆN"
755,số tự động Word,m-Xylene,m-Xylen,108-38-3,108-38-3,,C8H10,,,,,II,"1. Chất sản xuất, kinh doanh có điều kiện","DANH MỤC HÓA CHẤT SẢN XUẤT, KINH DOANH CÓ ĐIỀU KIỆN"
756,số tự động Word,o-Xylene,o-Xylen,95-47-6,95-47-6,,C8H10,,,,,II,"1. Chất sản xuất, kinh doanh có điều kiện","DANH MỤC HÓA CHẤT SẢN XUẤT, KINH DOANH CÓ ĐIỀU KIỆN"
757,số tự động Word,p-Xylene,p-Xylen,106-42-3,106-42-3,,C8H10,,,,,II,"1. Chất sản xuất, kinh doanh có điều kiện","DANH MỤC HÓA CHẤT SẢN XUẤT, KINH DOANH CÓ ĐIỀU KIỆN"
758,số tự động Word,"2,3-Xylenol","2,3-Xylenol",526-75-0,526-75-0,,C8H10O,,,,,II,"1. Chất sản xuất, kinh doanh có điều kiện","DANH MỤC HÓA CHẤT SẢN XUẤT, KINH DOANH CÓ ĐIỀU KIỆN"
759,số tự động Word,"2,4-Xylenol","2,4-Xylenol",105-67-9,105-67-9,,C8H10O,,,,,II,"1. Chất sản xuất, kinh doanh có điều kiện","DANH MỤC HÓA CHẤT SẢN XUẤT, KINH DOANH CÓ ĐIỀU KIỆN"
760,số tự động Word,"2,5-Xylenol","2,5-Xylenol",95-87-4,95-87-4,,C8H10O,,,,,II,"1. Chất sản xuất, kinh doanh có điều kiện","DANH MỤC HÓA CHẤT SẢN XUẤT, KINH DOANH CÓ ĐIỀU KIỆN"
761,số tự động Word,"2,6-Xylenol","2,6-Xylenol",576-26-1,576-26-1,,C8H10O,,,,,II,"1. Chất sản xuất, kinh doanh có điều kiện","DANH MỤC HÓA CHẤT SẢN XUẤT, KINH DOANH CÓ ĐIỀU KIỆN"
762,số tự động Word,"3,4-Xylenol","3,4-Xylenol",95-65-8,95-65-8,,C8H10O,,,,,II,"1. Chất sản xuất, kinh doanh có điều kiện","DANH MỤC HÓA CHẤT SẢN XUẤT, KINH DOANH CÓ ĐIỀU KIỆN"
763,số tự động Word,"3,5-Xylenol","3,5-Xylenol",108-68-9,108-68-9,,C8H10O,,,,,II,"1. Chất sản xuất, kinh doanh có điều kiện","DANH MỤC HÓA CHẤT SẢN XUẤT, KINH DOANH CÓ ĐIỀU KIỆN"
764,số tự động Word,"2,4-Xylidine","2,4-Xylidin",95-68-1,95-68-1,,C8H11N,,,,,II,"1. Chất sản xuất, kinh doanh có điều kiện","DANH MỤC HÓA CHẤT SẢN XUẤT, KINH DOANH CÓ ĐIỀU KIỆN"
765,số tự động Word,"2,6-Xylidine","2,6-Xylidin",87-62-7,87-62-7,,C8H11N,,,,,II,"1. Chất sản xuất, kinh doanh có điều kiện","DANH MỤC HÓA CHẤT SẢN XUẤT, KINH DOANH CÓ ĐIỀU KIỆN"
766,số tự động Word,Xylidine,Xylidin,1300-73-8,1300-73-8,,C8H11N,,,,,II,"1. Chất sản xuất, kinh doanh có điều kiện","DANH MỤC HÓA CHẤT SẢN XUẤT, KINH DOANH CÓ ĐIỀU KIỆN"
767,số tự động Word,Zinc ashe,Tro kẽm,7440-66-6,7440-66-6,,Zn,,,,,II,"1. Chất sản xuất, kinh doanh có điều kiện","DANH MỤC HÓA CHẤT SẢN XUẤT, KINH DOANH CÓ ĐIỀU KIỆN"
768,số tự động Word,Zinc chloride,Kẽm clorua,7646-85-7,7646-85-7,,ZnCl2,,,,,II,"1. Chất sản xuất, kinh doanh có điều kiện","DANH MỤC HÓA CHẤT SẢN XUẤT, KINH DOANH CÓ ĐIỀU KIỆN"
769,số tự động Word,Zinc fluorosilicate,Kẽm fluorosilicate,16871-71-9,16871-71-9,,ZnSiF6,,,,,II,"1. Chất sản xuất, kinh doanh có điều kiện","DANH MỤC HÓA CHẤT SẢN XUẤT, KINH DOANH CÓ ĐIỀU KIỆN"
770,số tự động Word,Zinc nitrate,Kẽm nitrat,7779-88-6,7779-88-6,,Zn(NO3)2,,,,,II,"1. Chất sản xuất, kinh doanh có điều kiện","DANH MỤC HÓA CHẤT SẢN XUẤT, KINH DOANH CÓ ĐIỀU KIỆN"
771,số tự động Word,Zinc permanganate,Kẽm permanganat,23414-72-4,23414-72-4,,Zn(MnO4)2,,,,,II,"1. Chất sản xuất, kinh doanh có điều kiện","DANH MỤC HÓA CHẤT SẢN XUẤT, KINH DOANH CÓ ĐIỀU KIỆN"
772,số tự động Word,Zinc peroxide,Kẽm peroxit,1314-22-3,1314-22-3,,ZnO2,,,,,II,"1. Chất sản xuất, kinh doanh có điều kiện","DANH MỤC HÓA CHẤT SẢN XUẤT, KINH DOANH CÓ ĐIỀU KIỆN"
773,số tự động Word,Zinc phosphide,Kẽm photphua,1314-84-7,1314-84-7,,Zn3P3,,,,,II,"1. Chất sản xuất, kinh doanh có điều kiện","DANH MỤC HÓA CHẤT SẢN XUẤT, KINH DOANH CÓ ĐIỀU KIỆN"
774,số tự động Word,Zirconium,Zirconi,7440-67-7,7440-67-7,,Zr,,,,,II,"1. Chất sản xuất, kinh doanh có điều kiện","DANH MỤC HÓA CHẤT SẢN XUẤT, KINH DOANH CÓ ĐIỀU KIỆN"
775,số tự động Word,Zirconium (IV) chloride,Zirconi (IV) chlorit,10026-11-6,10026-11-6,,ZrCl4,,,,,II,"1. Chất sản xuất, kinh doanh có điều kiện","DANH MỤC HÓA CHẤT SẢN XUẤT, KINH DOANH CÓ ĐIỀU KIỆN"
776,số tự động Word,Zirconium nitrate,Ziriconi nitrat,13746-89-9,13746-89-9,,Zr(NO3)4,,,,,II,"1. Chất sản xuất, kinh doanh có điều kiện","DANH MỤC HÓA CHẤT SẢN XUẤT, KINH DOANH CÓ ĐIỀU KIỆN"
777,số tự động Word,Zirconium (II) hydride,Kẽm hydrua,7704-99-6,7704-99-6,,ZrH2,,,,,II,"1. Chất sản xuất, kinh doanh có điều kiện","DANH MỤC HÓA CHẤT SẢN XUẤT, KINH DOANH CÓ ĐIỀU KIỆN"
778,số tự động Word,"(E)-β-((Dichlorphenyl)methylen)-α-(1,1-dimethyl-ethyl)-1H-1,2,4-triazol-1-ethanol","(E)-β-((Diclophenyl) metylen)-α-(1,1-dimetyl-etyl)-1H-1,2,4-triazol-1-ethanol",83657-18-5,83657-18-5,,C15H17Cl2N3O,,,,,II,"1. Chất sản xuất, kinh doanh có điều kiện","DANH MỤC HÓA CHẤT SẢN XUẤT, KINH DOANH CÓ ĐIỀU KIỆN"
779,số tự động Word,---,"Các hợp chất của Niken dạng bột có thể phát tán rộng trong không khí (niken monoxit, niken dioxit, niken sulphit, triniken, disulphit, diniken trioxit)",---,,,---,,,,,II,"1. Chất sản xuất, kinh doanh có điều kiện","DANH MỤC HÓA CHẤT SẢN XUẤT, KINH DOANH CÓ ĐIỀU KIỆN"
780,số tự động Word,"1-(2,4-Dichloranilinocarbonyl)cyclopropan carbonsaure","1-(2,4-Diclo anilino cacbonyl) xyclopropan cacbonsaure",113136-77-9,113136-77-9,,C11H9Cl2NO3,,,,,II,"1. Chất sản xuất, kinh doanh có điều kiện","DANH MỤC HÓA CHẤT SẢN XUẤT, KINH DOANH CÓ ĐIỀU KIỆN"
781,số tự động Word,"3-(3,5-dichloro phenyl)-1,5-dimethyl-3-azabicyclo[3.1.0] hexane-2,4-dione","3-(3,5-diclo phenyl)-1,5-dimetyl-3-azabicyclo[3.1.0] hexan-2,4-dion",32809-16-8,32809-16-8,,C13H11Cl2NO2,,,,,II,"1. Chất sản xuất, kinh doanh có điều kiện","DANH MỤC HÓA CHẤT SẢN XUẤT, KINH DOANH CÓ ĐIỀU KIỆN"
782,số tự động Word,2-(4-tert-butylphenoxy)cyclohexyl prop-2-yne-1-sulfonate,2-(4-tert-butyl phenoxy) xyclohexyl prop-2-yne-1-sunfonat,2312-35-8,2312-35-8,,C19H26O4S,,,,,II,"1. Chất sản xuất, kinh doanh có điều kiện","DANH MỤC HÓA CHẤT SẢN XUẤT, KINH DOANH CÓ ĐIỀU KIỆN"
783,số tự động Word,3-(Methylmercapto) propionaldehyde,3-(Methylmercapto) propionaldehyde,3268-49-3,3268-49-3,,C4H8OS,,,,,II,"1. Chất sản xuất, kinh doanh có điều kiện","DANH MỤC HÓA CHẤT SẢN XUẤT, KINH DOANH CÓ ĐIỀU KIỆN"
784,số tự động Word,3-(Trifluoromethyl) phenyl isocyanate,3-(Trifluoromethyl) phenyl isocyanat,329-01-1,329-01-1,,C8H4F3NO,,,,,II,"1. Chất sản xuất, kinh doanh có điều kiện","DANH MỤC HÓA CHẤT SẢN XUẤT, KINH DOANH CÓ ĐIỀU KIỆN"
785,số tự động Word,"(1RS,2RS;1RS,2SR)-1-(Biphenyl-4-yloxy)-3,3-dimethyl-1-(1H-1,2,4-triazol-1-yl) butan-2-ol","(1RS,2RS;1RS,2SR)-1-(Biphenyl-4-yloxy)-3,3-dimetyl-1-(1H-1,2,4-triazol-1-yl) butan-2-ol",55179-31-2,55179-31-2,,C20H23N3O2,,,,,II,"1. Chất sản xuất, kinh doanh có điều kiện","DANH MỤC HÓA CHẤT SẢN XUẤT, KINH DOANH CÓ ĐIỀU KIỆN"
786,số tự động Word,"(RS)-2-Chloro-N-(2,4-dimethyl-3-thienyl)-N-(2-methoxy-1-methylethyl) acetamide","(RS)-2-Clo-N-(2,4-dimetyl-3-thienyl)-N-(2-methoxy-1-metyl ethyl) acetamit",87674-68-8,87674-68-8,,C12H18ClNO2S,,,,,II,"1. Chất sản xuất, kinh doanh có điều kiện","DANH MỤC HÓA CHẤT SẢN XUẤT, KINH DOANH CÓ ĐIỀU KIỆN"
1,số tự động Word,Phenylacetone,1 - phenyl - 2 - propanone (P2P),103-79-7,103-79-7,,C9H10O,,,A. CÁC TIỀN CHẤT CÔNG NGHIỆP,"Nhóm 1 (IVB): Các tiền chất thiết yếu, tham gia vào cấu trúc chất ma túy, có ứng dụng hợp pháp trong y học và đời sống xã hội. Danh mục này bao gồm các chất và muối, ester, đồng phân, muối của đồng phân có thể tồn tại của các chất sau:",III,1.1. Nhóm 1,DANH MỤC HÓA CHẤT CẦN KIỂM SOÁT ĐẶC BIỆT
2,số tự động Word,Acetic oxide,Acetic anhydride (AA),108-24-7,108-24-7,,C4H6O3,,,A. CÁC TIỀN CHẤT CÔNG NGHIỆP,"Nhóm 1 (IVB): Các tiền chất thiết yếu, tham gia vào cấu trúc chất ma túy, có ứng dụng hợp pháp trong y học và đời sống xã hội. Danh mục này bao gồm các chất và muối, ester, đồng phân, muối của đồng phân có thể tồn tại của các chất sau:",III,1.1. Nhóm 1,DANH MỤC HÓA CHẤT CẦN KIỂM SOÁT ĐẶC BIỆT
3,số tự động Word,3-oxo-2-phenylbutanenitrile,Alpha-phenyl acetoacetonitrile (APAAN),4468-48-8,4468-48-8,,C10H9NO,,,A. CÁC TIỀN CHẤT CÔNG NGHIỆP,"Nhóm 1 (IVB): Các tiền chất thiết yếu, tham gia vào cấu trúc chất ma túy, có ứng dụng hợp pháp trong y học và đời sống xã hội. Danh mục này bao gồm các chất và muối, ester, đồng phân, muối của đồng phân có thể tồn tại của các chất sau:",III,1.1. Nhóm 1,DANH MỤC HÓA CHẤT CẦN KIỂM SOÁT ĐẶC BIỆT
4,số tự động Word,2 - Aminobenzoic acid,Anthranilic acid,118-92-3,118-92-3,,C7H7NO2,,,A. CÁC TIỀN CHẤT CÔNG NGHIỆP,"Nhóm 1 (IVB): Các tiền chất thiết yếu, tham gia vào cấu trúc chất ma túy, có ứng dụng hợp pháp trong y học và đời sống xã hội. Danh mục này bao gồm các chất và muối, ester, đồng phân, muối của đồng phân có thể tồn tại của các chất sau:",III,1.1. Nhóm 1,DANH MỤC HÓA CHẤT CẦN KIỂM SOÁT ĐẶC BIỆT
5,số tự động Word,Benzaldehyde,Benzoic aldehyde,100-52-7,100-52-7,,C7H6O,,,A. CÁC TIỀN CHẤT CÔNG NGHIỆP,"Nhóm 1 (IVB): Các tiền chất thiết yếu, tham gia vào cấu trúc chất ma túy, có ứng dụng hợp pháp trong y học và đời sống xã hội. Danh mục này bao gồm các chất và muối, ester, đồng phân, muối của đồng phân có thể tồn tại của các chất sau:",III,1.1. Nhóm 1,DANH MỤC HÓA CHẤT CẦN KIỂM SOÁT ĐẶC BIỆT
6,số tự động Word,2-Phenylacetonenitrile,Benzyl cyanide,140-29-4,140-29-4,,C8H7N,,,A. CÁC TIỀN CHẤT CÔNG NGHIỆP,"Nhóm 1 (IVB): Các tiền chất thiết yếu, tham gia vào cấu trúc chất ma túy, có ứng dụng hợp pháp trong y học và đời sống xã hội. Danh mục này bao gồm các chất và muối, ester, đồng phân, muối của đồng phân có thể tồn tại của các chất sau:",III,1.1. Nhóm 1,DANH MỤC HÓA CHẤT CẦN KIỂM SOÁT ĐẶC BIỆT
7,số tự động Word,2-Bromobenzonitrile,o-Bromo benzo nitrile,2042-37-7,2042-37-7,,C7H4BrN,,,A. CÁC TIỀN CHẤT CÔNG NGHIỆP,"Nhóm 1 (IVB): Các tiền chất thiết yếu, tham gia vào cấu trúc chất ma túy, có ứng dụng hợp pháp trong y học và đời sống xã hội. Danh mục này bao gồm các chất và muối, ester, đồng phân, muối của đồng phân có thể tồn tại của các chất sau:",III,1.1. Nhóm 1,DANH MỤC HÓA CHẤT CẦN KIỂM SOÁT ĐẶC BIỆT
8,số tự động Word,Bromocyclopentane,Cyclopentyl bromide,137-43-9,137-43-9,,C5H9Br,,,A. CÁC TIỀN CHẤT CÔNG NGHIỆP,"Nhóm 1 (IVB): Các tiền chất thiết yếu, tham gia vào cấu trúc chất ma túy, có ứng dụng hợp pháp trong y học và đời sống xã hội. Danh mục này bao gồm các chất và muối, ester, đồng phân, muối của đồng phân có thể tồn tại của các chất sau:",III,1.1. Nhóm 1,DANH MỤC HÓA CHẤT CẦN KIỂM SOÁT ĐẶC BIỆT
9,số tự động Word,"Butane-1,4-diol","1,4-Butanediol; BD; BDO",110-63-4,110-63-4,,C4H10O2,,,A. CÁC TIỀN CHẤT CÔNG NGHIỆP,"Nhóm 1 (IVB): Các tiền chất thiết yếu, tham gia vào cấu trúc chất ma túy, có ứng dụng hợp pháp trong y học và đời sống xã hội. Danh mục này bao gồm các chất và muối, ester, đồng phân, muối của đồng phân có thể tồn tại của các chất sau:",III,1.1. Nhóm 1,DANH MỤC HÓA CHẤT CẦN KIỂM SOÁT ĐẶC BIỆT
10,số tự động Word,Chlorocyclopentane,Cyclopentyl cloride,930-28-9,930-28-9,,C5H9Cl,,,A. CÁC TIỀN CHẤT CÔNG NGHIỆP,"Nhóm 1 (IVB): Các tiền chất thiết yếu, tham gia vào cấu trúc chất ma túy, có ứng dụng hợp pháp trong y học và đời sống xã hội. Danh mục này bao gồm các chất và muối, ester, đồng phân, muối của đồng phân có thể tồn tại của các chất sau:",III,1.1. Nhóm 1,DANH MỤC HÓA CHẤT CẦN KIỂM SOÁT ĐẶC BIỆT
11,số tự động Word,Cyclopentyl magnesium bromide,Cyclopentyl magnesium bromide,33240-34-5,33240-34-5,,C5H9BrMg,,,A. CÁC TIỀN CHẤT CÔNG NGHIỆP,"Nhóm 1 (IVB): Các tiền chất thiết yếu, tham gia vào cấu trúc chất ma túy, có ứng dụng hợp pháp trong y học và đời sống xã hội. Danh mục này bao gồm các chất và muối, ester, đồng phân, muối của đồng phân có thể tồn tại của các chất sau:",III,1.1. Nhóm 1,DANH MỤC HÓA CHẤT CẦN KIỂM SOÁT ĐẶC BIỆT
12,số tự động Word,2-Chlorobenzonitrile,o-chloro benzo nitrile,873-32-5,873-32-5,,C7H4ClN,,,A. CÁC TIỀN CHẤT CÔNG NGHIỆP,"Nhóm 1 (IVB): Các tiền chất thiết yếu, tham gia vào cấu trúc chất ma túy, có ứng dụng hợp pháp trong y học và đời sống xã hội. Danh mục này bao gồm các chất và muối, ester, đồng phân, muối của đồng phân có thể tồn tại của các chất sau:",III,1.1. Nhóm 1,DANH MỤC HÓA CHẤT CẦN KIỂM SOÁT ĐẶC BIỆT
13,số tự động Word,"1,3 - Benzodioxole - 5 - (1 - propenyl)",Isosafrole,120-58-1,120-58-1,,C10H10O2,,,A. CÁC TIỀN CHẤT CÔNG NGHIỆP,"Nhóm 1 (IVB): Các tiền chất thiết yếu, tham gia vào cấu trúc chất ma túy, có ứng dụng hợp pháp trong y học và đời sống xã hội. Danh mục này bao gồm các chất và muối, ester, đồng phân, muối của đồng phân có thể tồn tại của các chất sau:",III,1.1. Nhóm 1,DANH MỤC HÓA CHẤT CẦN KIỂM SOÁT ĐẶC BIỆT
14,số tự động Word,Dihydrofuran-2(3H)-one,Gamma-butyro lactone (GBL),96-48-0,96-48-0,,C4H6O2,,,A. CÁC TIỀN CHẤT CÔNG NGHIỆP,"Nhóm 1 (IVB): Các tiền chất thiết yếu, tham gia vào cấu trúc chất ma túy, có ứng dụng hợp pháp trong y học và đời sống xã hội. Danh mục này bao gồm các chất và muối, ester, đồng phân, muối của đồng phân có thể tồn tại của các chất sau:",III,1.1. Nhóm 1,DANH MỤC HÓA CHẤT CẦN KIỂM SOÁT ĐẶC BIỆT
15,số tự động Word,"(8β) - 9,10 - didehydro - 6 - methylergolin - 8 - carboxylic acid",Lysergic acid,82-58-6,82-58-6,,C16H16N2O2,,,A. CÁC TIỀN CHẤT CÔNG NGHIỆP,"Nhóm 1 (IVB): Các tiền chất thiết yếu, tham gia vào cấu trúc chất ma túy, có ứng dụng hợp pháp trong y học và đời sống xã hội. Danh mục này bao gồm các chất và muối, ester, đồng phân, muối của đồng phân có thể tồn tại của các chất sau:",III,1.1. Nhóm 1,DANH MỤC HÓA CHẤT CẦN KIỂM SOÁT ĐẶC BIỆT
16,số tự động Word,1 - Acetylamino - 2 - carboxybenzene,N - acetylanthranilic acid,89-52-1,89-52-1,,C9H9NO3,,,A. CÁC TIỀN CHẤT CÔNG NGHIỆP,"Nhóm 1 (IVB): Các tiền chất thiết yếu, tham gia vào cấu trúc chất ma túy, có ứng dụng hợp pháp trong y học và đời sống xã hội. Danh mục này bao gồm các chất và muối, ester, đồng phân, muối của đồng phân có thể tồn tại của các chất sau:",III,1.1. Nhóm 1,DANH MỤC HÓA CHẤT CẦN KIỂM SOÁT ĐẶC BIỆT
17,số tự động Word,1-phenyl-1-propanone,Propiophenone (P1P),93-55-0,93-55-0,,C9H10O,,,A. CÁC TIỀN CHẤT CÔNG NGHIỆP,"Nhóm 1 (IVB): Các tiền chất thiết yếu, tham gia vào cấu trúc chất ma túy, có ứng dụng hợp pháp trong y học và đời sống xã hội. Danh mục này bao gồm các chất và muối, ester, đồng phân, muối của đồng phân có thể tồn tại của các chất sau:",III,1.1. Nhóm 1,DANH MỤC HÓA CHẤT CẦN KIỂM SOÁT ĐẶC BIỆT
18,số tự động Word,Piperidine,Piperidine,110-89-4,110-89-4,,C5H11N,,,A. CÁC TIỀN CHẤT CÔNG NGHIỆP,"Nhóm 1 (IVB): Các tiền chất thiết yếu, tham gia vào cấu trúc chất ma túy, có ứng dụng hợp pháp trong y học và đời sống xã hội. Danh mục này bao gồm các chất và muối, ester, đồng phân, muối của đồng phân có thể tồn tại của các chất sau:",III,1.1. Nhóm 1,DANH MỤC HÓA CHẤT CẦN KIỂM SOÁT ĐẶC BIỆT
19,số tự động Word,"1,3 - Benzodioxole, 5 - carboxaldehyde",Piperonal,120-57-0,120-57-0,,C8H6O3,,,A. CÁC TIỀN CHẤT CÔNG NGHIỆP,"Nhóm 1 (IVB): Các tiền chất thiết yếu, tham gia vào cấu trúc chất ma túy, có ứng dụng hợp pháp trong y học và đời sống xã hội. Danh mục này bao gồm các chất và muối, ester, đồng phân, muối của đồng phân có thể tồn tại của các chất sau:",III,1.1. Nhóm 1,DANH MỤC HÓA CHẤT CẦN KIỂM SOÁT ĐẶC BIỆT
20,số tự động Word,"3,4 - methylenedioxypheny - 2 - propanone",Piperonyl methyl ketone (PMK),4676-39-5,4676-39-5,,C10H10O3,,,A. CÁC TIỀN CHẤT CÔNG NGHIỆP,"Nhóm 1 (IVB): Các tiền chất thiết yếu, tham gia vào cấu trúc chất ma túy, có ứng dụng hợp pháp trong y học và đời sống xã hội. Danh mục này bao gồm các chất và muối, ester, đồng phân, muối của đồng phân có thể tồn tại của các chất sau:",III,1.1. Nhóm 1,DANH MỤC HÓA CHẤT CẦN KIỂM SOÁT ĐẶC BIỆT
21,số tự động Word,Benzeneacetic acid,Phenylacetic acid,103-82-2,103-82-2,,C8H8O2,,,A. CÁC TIỀN CHẤT CÔNG NGHIỆP,"Nhóm 1 (IVB): Các tiền chất thiết yếu, tham gia vào cấu trúc chất ma túy, có ứng dụng hợp pháp trong y học và đời sống xã hội. Danh mục này bao gồm các chất và muối, ester, đồng phân, muối của đồng phân có thể tồn tại của các chất sau:",III,1.1. Nhóm 1,DANH MỤC HÓA CHẤT CẦN KIỂM SOÁT ĐẶC BIỆT
22,số tự động Word,"1,3 - Benzodioxole, 5 - (2 -propenyl)",Safrole,94-59-7,94-59-7,,C10H10O2,,,A. CÁC TIỀN CHẤT CÔNG NGHIỆP,"Nhóm 1 (IVB): Các tiền chất thiết yếu, tham gia vào cấu trúc chất ma túy, có ứng dụng hợp pháp trong y học và đời sống xã hội. Danh mục này bao gồm các chất và muối, ester, đồng phân, muối của đồng phân có thể tồn tại của các chất sau:",III,1.1. Nhóm 1,DANH MỤC HÓA CHẤT CẦN KIỂM SOÁT ĐẶC BIỆT
23,số tự động Word,"Amiton: O, O-Diethyl S-[2-(diethylamino)ethyl] phosphorothiolate and corresponding alkylated or protonated salts","Amiton: (O, O-Diethyl-S-(2-diethylaminoethyl) thiophosphate) và các muối alkyl hóa hoặc proton hóa tương ứng",78-53-5,78-53-5,,C10H24NO3PS,,,"B. HÓA CHẤT THUỘC CÔNG ƯỚC CẤM PHÁT TRIỂN, SẢN XUẤT, TÀNG TRỮ, SỬ DỤNG VÀ PHÁ HỦY VŨ KHÍ HÓA HỌC.",2A. Các hóa chất độc,III,1.1. Nhóm 1,DANH MỤC HÓA CHẤT CẦN KIỂM SOÁT ĐẶC BIỆT
24,số tự động Word,"PFIB: 1,1,3,3,3-Pentafluoro-2-(trifluoromethyl)-1-propene","PFIB: 1,1,3,3,3-Pentafluoro-2-(trifluoromethyl)-1-propene",382-21-8,382-21-8,,C4F8,,,"B. HÓA CHẤT THUỘC CÔNG ƯỚC CẤM PHÁT TRIỂN, SẢN XUẤT, TÀNG TRỮ, SỬ DỤNG VÀ PHÁ HỦY VŨ KHÍ HÓA HỌC.",2A. Các hóa chất độc,III,1.1. Nhóm 1,DANH MỤC HÓA CHẤT CẦN KIỂM SOÁT ĐẶC BIỆT
25,số tự động Word,BZ: 3-Quinuclidinyl benzilate (*),BZ: 3-Quinuclidinyl benzilate (*),6581-06-2,6581-06-2,,C21H23NO3,,,"B. HÓA CHẤT THUỘC CÔNG ƯỚC CẤM PHÁT TRIỂN, SẢN XUẤT, TÀNG TRỮ, SỬ DỤNG VÀ PHÁ HỦY VŨ KHÍ HÓA HỌC.",2A*,III,1.1. Nhóm 1,DANH MỤC HÓA CHẤT CẦN KIỂM SOÁT ĐẶC BIỆT
26,số tự động Word,"Chemicals, except for those listed in Schedule 1, containing a phosphorus atom to which is bonded one methyl, ethyl or propyl (normal or iso) group but not further carbon atoms","Các hóa chất, trừ các chất đã được liệt kê tại Bảng 1, chứa 1 nguyên tử phospho liên kết với một nhóm methyl, ethyl hoặc propyl (mạch thẳng hoặc nhánh) nhưng không liên kết thêm với các nguyên tử các bon khác",,,,,,,"B. HÓA CHẤT THUỘC CÔNG ƯỚC CẤM PHÁT TRIỂN, SẢN XUẤT, TÀNG TRỮ, SỬ DỤNG VÀ PHÁ HỦY VŨ KHÍ HÓA HỌC.",2B. Các tiền chất,III,1.1. Nhóm 1,DANH MỤC HÓA CHẤT CẦN KIỂM SOÁT ĐẶC BIỆT
27,số tự động Word,E.g,Ví dụ,,,,,,,"B. HÓA CHẤT THUỘC CÔNG ƯỚC CẤM PHÁT TRIỂN, SẢN XUẤT, TÀNG TRỮ, SỬ DỤNG VÀ PHÁ HỦY VŨ KHÍ HÓA HỌC.",2B. Các tiền chất,III,1.1. Nhóm 1,DANH MỤC HÓA CHẤT CẦN KIỂM SOÁT ĐẶC BIỆT
28,số tự động Word,Methylphosphonyl dichloride,Methylphosphonyl dichloride,676-97-1,676-97-1,,CH3Cl2OP,,,"B. HÓA CHẤT THUỘC CÔNG ƯỚC CẤM PHÁT TRIỂN, SẢN XUẤT, TÀNG TRỮ, SỬ DỤNG VÀ PHÁ HỦY VŨ KHÍ HÓA HỌC.",2B. Các tiền chất,III,1.1. Nhóm 1,DANH MỤC HÓA CHẤT CẦN KIỂM SOÁT ĐẶC BIỆT
29,số tự động Word,Dimethyl methyl phosphonate,Dimethyl methyl phosphonate,756-79-6,756-79-6,,C3H9O3P,,,"B. HÓA CHẤT THUỘC CÔNG ƯỚC CẤM PHÁT TRIỂN, SẢN XUẤT, TÀNG TRỮ, SỬ DỤNG VÀ PHÁ HỦY VŨ KHÍ HÓA HỌC.",2B. Các tiền chất,III,1.1. Nhóm 1,DANH MỤC HÓA CHẤT CẦN KIỂM SOÁT ĐẶC BIỆT
30,số tự động Word,Exemption: Fonofos:,Ngoại trừ: Fonofos:,,,,,,,"B. HÓA CHẤT THUỘC CÔNG ƯỚC CẤM PHÁT TRIỂN, SẢN XUẤT, TÀNG TRỮ, SỬ DỤNG VÀ PHÁ HỦY VŨ KHÍ HÓA HỌC.",2B. Các tiền chất,III,1.1. Nhóm 1,DANH MỤC HÓA CHẤT CẦN KIỂM SOÁT ĐẶC BIỆT
31,số tự động Word,O-Ethyl S-phenyl ethylphosphonothiolothionate,O-Ethyl S-phenyl ethylphosphonothiolothionate,944-22-9,944-22-9,,C10H15OPS2,,,"B. HÓA CHẤT THUỘC CÔNG ƯỚC CẤM PHÁT TRIỂN, SẢN XUẤT, TÀNG TRỮ, SỬ DỤNG VÀ PHÁ HỦY VŨ KHÍ HÓA HỌC.",2B. Các tiền chất,III,1.1. Nhóm 1,DANH MỤC HÓA CHẤT CẦN KIỂM SOÁT ĐẶC BIỆT
32,số tự động Word,"Các hợp chất N,N-Dialkyl (Me, Et, n-Pr hoặc i-Pr) phosphoramidic dihalide","N,N-Dialkyl (Me, Et, n-Pr or i-Pr) phosphoramidic dihalides",,,,,,,"B. HÓA CHẤT THUỘC CÔNG ƯỚC CẤM PHÁT TRIỂN, SẢN XUẤT, TÀNG TRỮ, SỬ DỤNG VÀ PHÁ HỦY VŨ KHÍ HÓA HỌC.",2B. Các tiền chất,III,1.1. Nhóm 1,DANH MỤC HÓA CHẤT CẦN KIỂM SOÁT ĐẶC BIỆT
33,số tự động Word,"Dialkyl (Me, Et, n-Pr or i-Pr) N,N-dialkyl (Me, Et, n-Pr or i-Pr)-phosphoramidates","Các hợp chất Dialkyl (Me, Et, n-Pr hoặc i-Pr) N,N-dialkyl (Me, Et, n-Pr hoặc i-Pr)-phosphoramidate",,,,,,,"B. HÓA CHẤT THUỘC CÔNG ƯỚC CẤM PHÁT TRIỂN, SẢN XUẤT, TÀNG TRỮ, SỬ DỤNG VÀ PHÁ HỦY VŨ KHÍ HÓA HỌC.",2B. Các tiền chất,III,1.1. Nhóm 1,DANH MỤC HÓA CHẤT CẦN KIỂM SOÁT ĐẶC BIỆT
34,số tự động Word,Arsenic trichloride,Arsenic trichloride,7784-34-1,7784-34-1,,AsCl3,,,"B. HÓA CHẤT THUỘC CÔNG ƯỚC CẤM PHÁT TRIỂN, SẢN XUẤT, TÀNG TRỮ, SỬ DỤNG VÀ PHÁ HỦY VŨ KHÍ HÓA HỌC.",2B. Các tiền chất,III,1.1. Nhóm 1,DANH MỤC HÓA CHẤT CẦN KIỂM SOÁT ĐẶC BIỆT
35,số tự động Word,"2,2-Diphenyl-2-hydroxyacetic acid","2,2-Diphenyl-2-hydroxyacetic acid",76-93-7,76-93-7,,C14H12O3,,,"B. HÓA CHẤT THUỘC CÔNG ƯỚC CẤM PHÁT TRIỂN, SẢN XUẤT, TÀNG TRỮ, SỬ DỤNG VÀ PHÁ HỦY VŨ KHÍ HÓA HỌC.",2B. Các tiền chất,III,1.1. Nhóm 1,DANH MỤC HÓA CHẤT CẦN KIỂM SOÁT ĐẶC BIỆT
36,số tự động Word,Quinuclidin-3-ol,Quinuclidin-3-ol,1619-34-7,1619-34-7,,C7H13NO,,,"B. HÓA CHẤT THUỘC CÔNG ƯỚC CẤM PHÁT TRIỂN, SẢN XUẤT, TÀNG TRỮ, SỬ DỤNG VÀ PHÁ HỦY VŨ KHÍ HÓA HỌC.",2B. Các tiền chất,III,1.1. Nhóm 1,DANH MỤC HÓA CHẤT CẦN KIỂM SOÁT ĐẶC BIỆT
37,số tự động Word,"N,N-Dialkyl (Me, Et, n-Pr or i-Pr) aminoethyl-2-chlorides","Các hợp chất N,N-Dialkyl (Me, Et, n-Pr hoặc i-Pr) aminoethyl-2-chloride",,,,,,,"B. HÓA CHẤT THUỘC CÔNG ƯỚC CẤM PHÁT TRIỂN, SẢN XUẤT, TÀNG TRỮ, SỬ DỤNG VÀ PHÁ HỦY VŨ KHÍ HÓA HỌC.",2B. Các tiền chất,III,1.1. Nhóm 1,DANH MỤC HÓA CHẤT CẦN KIỂM SOÁT ĐẶC BIỆT
38,số tự động Word,and corresponding protonated salts,và các muối proton hóa tương ứng,,,,,,,"B. HÓA CHẤT THUỘC CÔNG ƯỚC CẤM PHÁT TRIỂN, SẢN XUẤT, TÀNG TRỮ, SỬ DỤNG VÀ PHÁ HỦY VŨ KHÍ HÓA HỌC.",2B. Các tiền chất,III,1.1. Nhóm 1,DANH MỤC HÓA CHẤT CẦN KIỂM SOÁT ĐẶC BIỆT
39,số tự động Word,"N,N-Dialkyl (Me, Et, n-Pr or i-Pr) aminoethane-2-ols","Các hợp chất N,N-Dialkyl (Me, Et, n-Pr hoặc i-Pr) aminoethane-2-ol",,,,,,,"B. HÓA CHẤT THUỘC CÔNG ƯỚC CẤM PHÁT TRIỂN, SẢN XUẤT, TÀNG TRỮ, SỬ DỤNG VÀ PHÁ HỦY VŨ KHÍ HÓA HỌC.",2B. Các tiền chất,III,1.1. Nhóm 1,DANH MỤC HÓA CHẤT CẦN KIỂM SOÁT ĐẶC BIỆT
40,số tự động Word,and corresponding protonated salts,và các muối proton hóa tương ứng,,,,,,,"B. HÓA CHẤT THUỘC CÔNG ƯỚC CẤM PHÁT TRIỂN, SẢN XUẤT, TÀNG TRỮ, SỬ DỤNG VÀ PHÁ HỦY VŨ KHÍ HÓA HỌC.",2B. Các tiền chất,III,1.1. Nhóm 1,DANH MỤC HÓA CHẤT CẦN KIỂM SOÁT ĐẶC BIỆT
41,số tự động Word,Exemptions:,Ngoại trừ:,,,,,,,"B. HÓA CHẤT THUỘC CÔNG ƯỚC CẤM PHÁT TRIỂN, SẢN XUẤT, TÀNG TRỮ, SỬ DỤNG VÀ PHÁ HỦY VŨ KHÍ HÓA HỌC.",2B. Các tiền chất,III,1.1. Nhóm 1,DANH MỤC HÓA CHẤT CẦN KIỂM SOÁT ĐẶC BIỆT
42,số tự động Word,"N, N-Dimethylaminoethanol","N, N-Dimethylaminoethanol",108-01-0,108-01-0,,C4H11NO,,,"B. HÓA CHẤT THUỘC CÔNG ƯỚC CẤM PHÁT TRIỂN, SẢN XUẤT, TÀNG TRỮ, SỬ DỤNG VÀ PHÁ HỦY VŨ KHÍ HÓA HỌC.",2B. Các tiền chất,III,1.1. Nhóm 1,DANH MỤC HÓA CHẤT CẦN KIỂM SOÁT ĐẶC BIỆT
43,số tự động Word,and corresponding protonated salts,và các muối proton hóa tương ứng,,,,,,,"B. HÓA CHẤT THUỘC CÔNG ƯỚC CẤM PHÁT TRIỂN, SẢN XUẤT, TÀNG TRỮ, SỬ DỤNG VÀ PHÁ HỦY VŨ KHÍ HÓA HỌC.",2B. Các tiền chất,III,1.1. Nhóm 1,DANH MỤC HÓA CHẤT CẦN KIỂM SOÁT ĐẶC BIỆT
44,số tự động Word,"N, N-Diethylaminoethanol","N, N-Diethylaminoethanol",100-37-8,100-37-8,,C6H15NO,,,"B. HÓA CHẤT THUỘC CÔNG ƯỚC CẤM PHÁT TRIỂN, SẢN XUẤT, TÀNG TRỮ, SỬ DỤNG VÀ PHÁ HỦY VŨ KHÍ HÓA HỌC.",2B. Các tiền chất,III,1.1. Nhóm 1,DANH MỤC HÓA CHẤT CẦN KIỂM SOÁT ĐẶC BIỆT
45,số tự động Word,and corresponding protonated salts,và các muối proton hóa tương ứng,,,,,,,"B. HÓA CHẤT THUỘC CÔNG ƯỚC CẤM PHÁT TRIỂN, SẢN XUẤT, TÀNG TRỮ, SỬ DỤNG VÀ PHÁ HỦY VŨ KHÍ HÓA HỌC.",2B. Các tiền chất,III,1.1. Nhóm 1,DANH MỤC HÓA CHẤT CẦN KIỂM SOÁT ĐẶC BIỆT
46,số tự động Word,"N, N-Dialkyl (Me, Et, n-Pr or i-Pr) aminoethane-2-thiols and corresponding protonated salts","Các hợp chất N,N-Dialkyl (Me, Et, n-Pr or i-Pr) aminoethane-2-thiol và các muối proton hóa tương ứng",,,,,,,"B. HÓA CHẤT THUỘC CÔNG ƯỚC CẤM PHÁT TRIỂN, SẢN XUẤT, TÀNG TRỮ, SỬ DỤNG VÀ PHÁ HỦY VŨ KHÍ HÓA HỌC.",2B. Các tiền chất,III,1.1. Nhóm 1,DANH MỤC HÓA CHẤT CẦN KIỂM SOÁT ĐẶC BIỆT
47,số tự động Word,Thiodiglycol: Bis(2-hydroxyethyl)sulfide,Thiodiglycol: Bis(2-hydroxyethyl) sulfide,111-48-8,111-48-8,,C4H10O2S,,,"B. HÓA CHẤT THUỘC CÔNG ƯỚC CẤM PHÁT TRIỂN, SẢN XUẤT, TÀNG TRỮ, SỬ DỤNG VÀ PHÁ HỦY VŨ KHÍ HÓA HỌC.",2B. Các tiền chất,III,1.1. Nhóm 1,DANH MỤC HÓA CHẤT CẦN KIỂM SOÁT ĐẶC BIỆT
48,số tự động Word,"Pinacolyl alcohol: 3,3-Dimethylbutan-2-ol","Pinacolyl alcohol: 3,3-Dimethyl butan-2-ol",464-07-3,464-07-3,,C6H14O,,,"B. HÓA CHẤT THUỘC CÔNG ƯỚC CẤM PHÁT TRIỂN, SẢN XUẤT, TÀNG TRỮ, SỬ DỤNG VÀ PHÁ HỦY VŨ KHÍ HÓA HỌC.",2B. Các tiền chất,III,1.1. Nhóm 1,DANH MỤC HÓA CHẤT CẦN KIỂM SOÁT ĐẶC BIỆT
49,số tự động Word,Arsenic and arsenic compounds,Asen và các hợp chất của asen,---,,,---,,,"B. HÓA CHẤT THUỘC CÔNG ƯỚC CẤM PHÁT TRIỂN, SẢN XUẤT, TÀNG TRỮ, SỬ DỤNG VÀ PHÁ HỦY VŨ KHÍ HÓA HỌC.",Hóa chất khác,III,1.1. Nhóm 1,DANH MỤC HÓA CHẤT CẦN KIỂM SOÁT ĐẶC BIỆT
50,số tự động Word,The compounds of chromium (VI),Các hợp chất của Cr6+,---,,,---,,,"B. HÓA CHẤT THUỘC CÔNG ƯỚC CẤM PHÁT TRIỂN, SẢN XUẤT, TÀNG TRỮ, SỬ DỤNG VÀ PHÁ HỦY VŨ KHÍ HÓA HỌC.",Hóa chất khác,III,1.1. Nhóm 1,DANH MỤC HÓA CHẤT CẦN KIỂM SOÁT ĐẶC BIỆT
51,số tự động Word,Mercury and mercury compounds,Thủy ngân và các hợp chất của thủy ngân,---,,,---,,,"B. HÓA CHẤT THUỘC CÔNG ƯỚC CẤM PHÁT TRIỂN, SẢN XUẤT, TÀNG TRỮ, SỬ DỤNG VÀ PHÁ HỦY VŨ KHÍ HÓA HỌC.",Hóa chất khác,III,1.1. Nhóm 1,DANH MỤC HÓA CHẤT CẦN KIỂM SOÁT ĐẶC BIỆT
52,số tự động Word,The cyanide compound,Các hợp chất xyanua,---,,,---,,,"B. HÓA CHẤT THUỘC CÔNG ƯỚC CẤM PHÁT TRIỂN, SẢN XUẤT, TÀNG TRỮ, SỬ DỤNG VÀ PHÁ HỦY VŨ KHÍ HÓA HỌC.",Hóa chất khác,III,1.1. Nhóm 1,DANH MỤC HÓA CHẤT CẦN KIỂM SOÁT ĐẶC BIỆT
53,số tự động Word,Lead and lead compounds,Chì và các hợp chất của chì,---,,,---,,,"B. HÓA CHẤT THUỘC CÔNG ƯỚC CẤM PHÁT TRIỂN, SẢN XUẤT, TÀNG TRỮ, SỬ DỤNG VÀ PHÁ HỦY VŨ KHÍ HÓA HỌC.",Hóa chất khác,III,1.1. Nhóm 1,DANH MỤC HÓA CHẤT CẦN KIỂM SOÁT ĐẶC BIỆT
54,số tự động Word,Methoxy acetic acid,Axit methoxy axetic,625-45-6,625-45-6,,C3H6O3,,,"B. HÓA CHẤT THUỘC CÔNG ƯỚC CẤM PHÁT TRIỂN, SẢN XUẤT, TÀNG TRỮ, SỬ DỤNG VÀ PHÁ HỦY VŨ KHÍ HÓA HỌC.",Hóa chất khác,III,1.1. Nhóm 1,DANH MỤC HÓA CHẤT CẦN KIỂM SOÁT ĐẶC BIỆT
55,số tự động Word,Benzal chloride,Benzal clorua,98-87-3,98-87-3,,C7H6Cl2,,,"B. HÓA CHẤT THUỘC CÔNG ƯỚC CẤM PHÁT TRIỂN, SẢN XUẤT, TÀNG TRỮ, SỬ DỤNG VÀ PHÁ HỦY VŨ KHÍ HÓA HỌC.",Hóa chất khác,III,1.1. Nhóm 1,DANH MỤC HÓA CHẤT CẦN KIỂM SOÁT ĐẶC BIỆT
56,số tự động Word,Benzene,Benzen,71-43-2,71-43-2,,C6H6,,,"B. HÓA CHẤT THUỘC CÔNG ƯỚC CẤM PHÁT TRIỂN, SẢN XUẤT, TÀNG TRỮ, SỬ DỤNG VÀ PHÁ HỦY VŨ KHÍ HÓA HỌC.",Hóa chất khác,III,1.1. Nhóm 1,DANH MỤC HÓA CHẤT CẦN KIỂM SOÁT ĐẶC BIỆT
57,số tự động Word,"Benzidine ((1,1’-Biphenyl)-4,4'-diamine)",Benzidin,92-87-5,92-87-5,,C12H12N2,,,"B. HÓA CHẤT THUỘC CÔNG ƯỚC CẤM PHÁT TRIỂN, SẢN XUẤT, TÀNG TRỮ, SỬ DỤNG VÀ PHÁ HỦY VŨ KHÍ HÓA HỌC.",Hóa chất khác,III,1.1. Nhóm 1,DANH MỤC HÓA CHẤT CẦN KIỂM SOÁT ĐẶC BIỆT
58,số tự động Word,Benzyl butyl phthalate,Benzyl butyl phthalat,85-68-7,85-68-7,,C19H20O4,,,"B. HÓA CHẤT THUỘC CÔNG ƯỚC CẤM PHÁT TRIỂN, SẢN XUẤT, TÀNG TRỮ, SỬ DỤNG VÀ PHÁ HỦY VŨ KHÍ HÓA HỌC.",Hóa chất khác,III,1.1. Nhóm 1,DANH MỤC HÓA CHẤT CẦN KIỂM SOÁT ĐẶC BIỆT
59,số tự động Word,Benzyl chloride,Benzyl clorua,100-44-7,100-44-7,,C7H7Cl,,,"B. HÓA CHẤT THUỘC CÔNG ƯỚC CẤM PHÁT TRIỂN, SẢN XUẤT, TÀNG TRỮ, SỬ DỤNG VÀ PHÁ HỦY VŨ KHÍ HÓA HỌC.",Hóa chất khác,III,1.1. Nhóm 1,DANH MỤC HÓA CHẤT CẦN KIỂM SOÁT ĐẶC BIỆT
60,số tự động Word,Beryllium nitrate,Beri nitrat,13597-99-4,13597-99-4,,Be(NO3)2,,,"B. HÓA CHẤT THUỘC CÔNG ƯỚC CẤM PHÁT TRIỂN, SẢN XUẤT, TÀNG TRỮ, SỬ DỤNG VÀ PHÁ HỦY VŨ KHÍ HÓA HỌC.",Hóa chất khác,III,1.1. Nhóm 1,DANH MỤC HÓA CHẤT CẦN KIỂM SOÁT ĐẶC BIỆT
61,số tự động Word,Bis (2-ethyl hexyl) phthalate (DEHP),Bis (2-etyl hexyl) phthalat (DEHP),117-81-7,117-81-7,,C24H38O4,,,"B. HÓA CHẤT THUỘC CÔNG ƯỚC CẤM PHÁT TRIỂN, SẢN XUẤT, TÀNG TRỮ, SỬ DỤNG VÀ PHÁ HỦY VŨ KHÍ HÓA HỌC.",Hóa chất khác,III,1.1. Nhóm 1,DANH MỤC HÓA CHẤT CẦN KIỂM SOÁT ĐẶC BIỆT
62,số tự động Word,Bis (2-methoxy ethyl) ether (diglyme),Bis (2-methoxy etyl) ete (diglyme),111-96-6,111-96-6,,C6H14O3,,,"B. HÓA CHẤT THUỘC CÔNG ƯỚC CẤM PHÁT TRIỂN, SẢN XUẤT, TÀNG TRỮ, SỬ DỤNG VÀ PHÁ HỦY VŨ KHÍ HÓA HỌC.",Hóa chất khác,III,1.1. Nhóm 1,DANH MỤC HÓA CHẤT CẦN KIỂM SOÁT ĐẶC BIỆT
63,số tự động Word,Bis (2-methoxyethyl) phthalate,Bis (2-methoxy etyl) phthalat,117-82-8,117-82-8,,C14H18O6,,,"B. HÓA CHẤT THUỘC CÔNG ƯỚC CẤM PHÁT TRIỂN, SẢN XUẤT, TÀNG TRỮ, SỬ DỤNG VÀ PHÁ HỦY VŨ KHÍ HÓA HỌC.",Hóa chất khác,III,1.1. Nhóm 1,DANH MỤC HÓA CHẤT CẦN KIỂM SOÁT ĐẶC BIỆT
64,số tự động Word,"1,2-bis (2-methoxy ethoxy) ethane (TEGDME, triglyme)","1,2-Bis (2-methoxy ethoxy) etan (TEGDME, triglym)",112-49-2,112-49-2,,C8H18O4,,,"B. HÓA CHẤT THUỘC CÔNG ƯỚC CẤM PHÁT TRIỂN, SẢN XUẤT, TÀNG TRỮ, SỬ DỤNG VÀ PHÁ HỦY VŨ KHÍ HÓA HỌC.",Hóa chất khác,III,1.1. Nhóm 1,DANH MỤC HÓA CHẤT CẦN KIỂM SOÁT ĐẶC BIỆT
65,số tự động Word,Butyltoluene (p-tert-Butyl toluene),Butyl toluen,98-51-1,98-51-1,,C11H16,,,"B. HÓA CHẤT THUỘC CÔNG ƯỚC CẤM PHÁT TRIỂN, SẢN XUẤT, TÀNG TRỮ, SỬ DỤNG VÀ PHÁ HỦY VŨ KHÍ HÓA HỌC.",Hóa chất khác,III,1.1. Nhóm 1,DANH MỤC HÓA CHẤT CẦN KIỂM SOÁT ĐẶC BIỆT
66,số tự động Word,Carbon disulfide,Cacbon disunfua,75-15-0,75-15-0,,CS2,,,"B. HÓA CHẤT THUỘC CÔNG ƯỚC CẤM PHÁT TRIỂN, SẢN XUẤT, TÀNG TRỮ, SỬ DỤNG VÀ PHÁ HỦY VŨ KHÍ HÓA HỌC.",Hóa chất khác,III,1.1. Nhóm 1,DANH MỤC HÓA CHẤT CẦN KIỂM SOÁT ĐẶC BIỆT
67,số tự động Word,Carbon monoxide,Cacbon monoxit,630-08-0,630-08-0,,CO,,,"B. HÓA CHẤT THUỘC CÔNG ƯỚC CẤM PHÁT TRIỂN, SẢN XUẤT, TÀNG TRỮ, SỬ DỤNG VÀ PHÁ HỦY VŨ KHÍ HÓA HỌC.",Hóa chất khác,III,1.1. Nhóm 1,DANH MỤC HÓA CHẤT CẦN KIỂM SOÁT ĐẶC BIỆT
68,số tự động Word,Cadmium,Cadimi,7440-43-9,7440-43-9,,Cd,,,"B. HÓA CHẤT THUỘC CÔNG ƯỚC CẤM PHÁT TRIỂN, SẢN XUẤT, TÀNG TRỮ, SỬ DỤNG VÀ PHÁ HỦY VŨ KHÍ HÓA HỌC.",Hóa chất khác,III,1.1. Nhóm 1,DANH MỤC HÓA CHẤT CẦN KIỂM SOÁT ĐẶC BIỆT
69,số tự động Word,Cadmium chloride,Cadimi clorua,10108-64-2,10108-64-2,,CdCl2,,,"B. HÓA CHẤT THUỘC CÔNG ƯỚC CẤM PHÁT TRIỂN, SẢN XUẤT, TÀNG TRỮ, SỬ DỤNG VÀ PHÁ HỦY VŨ KHÍ HÓA HỌC.",Hóa chất khác,III,1.1. Nhóm 1,DANH MỤC HÓA CHẤT CẦN KIỂM SOÁT ĐẶC BIỆT
70,số tự động Word,Cadmiumfluoride,Cadimi florua,7790-79-6,7790-79-6,,CdF2,,,"B. HÓA CHẤT THUỘC CÔNG ƯỚC CẤM PHÁT TRIỂN, SẢN XUẤT, TÀNG TRỮ, SỬ DỤNG VÀ PHÁ HỦY VŨ KHÍ HÓA HỌC.",Hóa chất khác,III,1.1. Nhóm 1,DANH MỤC HÓA CHẤT CẦN KIỂM SOÁT ĐẶC BIỆT
71,số tự động Word,Cadmium oxide,Cadimi oxit,1306-19-0,1306-19-0,,CdO,,,"B. HÓA CHẤT THUỘC CÔNG ƯỚC CẤM PHÁT TRIỂN, SẢN XUẤT, TÀNG TRỮ, SỬ DỤNG VÀ PHÁ HỦY VŨ KHÍ HÓA HỌC.",Hóa chất khác,III,1.1. Nhóm 1,DANH MỤC HÓA CHẤT CẦN KIỂM SOÁT ĐẶC BIỆT
72,số tự động Word,Cadmium sulfide,Cadimi sulfua,1306-23-6,1306-23-6,,CdS,,,"B. HÓA CHẤT THUỘC CÔNG ƯỚC CẤM PHÁT TRIỂN, SẢN XUẤT, TÀNG TRỮ, SỬ DỤNG VÀ PHÁ HỦY VŨ KHÍ HÓA HỌC.",Hóa chất khác,III,1.1. Nhóm 1,DANH MỤC HÓA CHẤT CẦN KIỂM SOÁT ĐẶC BIỆT
73,số tự động Word,Cesium hydroxide,Cesium hydroxit,21351-79-1,21351-79-1,,CsOH,,,"B. HÓA CHẤT THUỘC CÔNG ƯỚC CẤM PHÁT TRIỂN, SẢN XUẤT, TÀNG TRỮ, SỬ DỤNG VÀ PHÁ HỦY VŨ KHÍ HÓA HỌC.",Hóa chất khác,III,1.1. Nhóm 1,DANH MỤC HÓA CHẤT CẦN KIỂM SOÁT ĐẶC BIỆT
74,số tự động Word,Chloro difluoro methane (R-22),Clo diflo metan (R-22),75-45-6,75-45-6,,CHF2Cl,,,"B. HÓA CHẤT THUỘC CÔNG ƯỚC CẤM PHÁT TRIỂN, SẢN XUẤT, TÀNG TRỮ, SỬ DỤNG VÀ PHÁ HỦY VŨ KHÍ HÓA HỌC.",Hóa chất khác,III,1.1. Nhóm 1,DANH MỤC HÓA CHẤT CẦN KIỂM SOÁT ĐẶC BIỆT
75,số tự động Word,Chloro ethanol,Clo etanol,107-07-3,107-07-3,,C2H5ClO,,,"B. HÓA CHẤT THUỘC CÔNG ƯỚC CẤM PHÁT TRIỂN, SẢN XUẤT, TÀNG TRỮ, SỬ DỤNG VÀ PHÁ HỦY VŨ KHÍ HÓA HỌC.",Hóa chất khác,III,1.1. Nhóm 1,DANH MỤC HÓA CHẤT CẦN KIỂM SOÁT ĐẶC BIỆT
76,số tự động Word,Chloral hydrate,Cloral hydrat,302-17-0,302-17-0,,C2H3Cl3O2,,,"B. HÓA CHẤT THUỘC CÔNG ƯỚC CẤM PHÁT TRIỂN, SẢN XUẤT, TÀNG TRỮ, SỬ DỤNG VÀ PHÁ HỦY VŨ KHÍ HÓA HỌC.",Hóa chất khác,III,1.1. Nhóm 1,DANH MỤC HÓA CHẤT CẦN KIỂM SOÁT ĐẶC BIỆT
77,số tự động Word,2-Chloro phenol,Clo phenol,95-57-8,95-57-8,,C6H5ClO,,,"B. HÓA CHẤT THUỘC CÔNG ƯỚC CẤM PHÁT TRIỂN, SẢN XUẤT, TÀNG TRỮ, SỬ DỤNG VÀ PHÁ HỦY VŨ KHÍ HÓA HỌC.",Hóa chất khác,III,1.1. Nhóm 1,DANH MỤC HÓA CHẤT CẦN KIỂM SOÁT ĐẶC BIỆT
78,số tự động Word,5-Chloro-o-toluidine,5-Clo-o-toluidine,95-79-4,95-79-4,,C7H8ClN,,,"B. HÓA CHẤT THUỘC CÔNG ƯỚC CẤM PHÁT TRIỂN, SẢN XUẤT, TÀNG TRỮ, SỬ DỤNG VÀ PHÁ HỦY VŨ KHÍ HÓA HỌC.",Hóa chất khác,III,1.1. Nhóm 1,DANH MỤC HÓA CHẤT CẦN KIỂM SOÁT ĐẶC BIỆT
79,số tự động Word,4-Chloro-o-toluidine,4-Clo-o-toluidine,95-69-2,95-69-2,,C7H8ClN,,,"B. HÓA CHẤT THUỘC CÔNG ƯỚC CẤM PHÁT TRIỂN, SẢN XUẤT, TÀNG TRỮ, SỬ DỤNG VÀ PHÁ HỦY VŨ KHÍ HÓA HỌC.",Hóa chất khác,III,1.1. Nhóm 1,DANH MỤC HÓA CHẤT CẦN KIỂM SOÁT ĐẶC BIỆT
80,số tự động Word,Cobalt dichloride,Coban diclorua,7646-79-9,7646-79-9,,CoCl2,,,"B. HÓA CHẤT THUỘC CÔNG ƯỚC CẤM PHÁT TRIỂN, SẢN XUẤT, TÀNG TRỮ, SỬ DỤNG VÀ PHÁ HỦY VŨ KHÍ HÓA HỌC.",Hóa chất khác,III,1.1. Nhóm 1,DANH MỤC HÓA CHẤT CẦN KIỂM SOÁT ĐẶC BIỆT
81,số tự động Word,"4,4’-Methylene dianiline","4,4’-Diamino diphenyl metan",101-77-9,101-77-9,,C13H14N2,,,"B. HÓA CHẤT THUỘC CÔNG ƯỚC CẤM PHÁT TRIỂN, SẢN XUẤT, TÀNG TRỮ, SỬ DỤNG VÀ PHÁ HỦY VŨ KHÍ HÓA HỌC.",Hóa chất khác,III,1.1. Nhóm 1,DANH MỤC HÓA CHẤT CẦN KIỂM SOÁT ĐẶC BIỆT
82,số tự động Word,"2,4-Diamino toluene","2,4-Diamino toluen",95-80-7,95-80-7,,C7H10N2,,,"B. HÓA CHẤT THUỘC CÔNG ƯỚC CẤM PHÁT TRIỂN, SẢN XUẤT, TÀNG TRỮ, SỬ DỤNG VÀ PHÁ HỦY VŨ KHÍ HÓA HỌC.",Hóa chất khác,III,1.1. Nhóm 1,DANH MỤC HÓA CHẤT CẦN KIỂM SOÁT ĐẶC BIỆT
83,số tự động Word,Dibutyl phthalate,Dibutyl phthalat,84-74-2,84-74-2,,C16H22O4,,,"B. HÓA CHẤT THUỘC CÔNG ƯỚC CẤM PHÁT TRIỂN, SẢN XUẤT, TÀNG TRỮ, SỬ DỤNG VÀ PHÁ HỦY VŨ KHÍ HÓA HỌC.",Hóa chất khác,III,1.1. Nhóm 1,DANH MỤC HÓA CHẤT CẦN KIỂM SOÁT ĐẶC BIỆT
84,số tự động Word,"2,2′-dichloro-4,4′- methylene dianiline (MOCA)","2,2’-Dichloro-4,4′- metylen dianilin (MOCA)",101-14-4,101-14-4,,C13H12Cl2N2,,,"B. HÓA CHẤT THUỘC CÔNG ƯỚC CẤM PHÁT TRIỂN, SẢN XUẤT, TÀNG TRỮ, SỬ DỤNG VÀ PHÁ HỦY VŨ KHÍ HÓA HỌC.",Hóa chất khác,III,1.1. Nhóm 1,DANH MỤC HÓA CHẤT CẦN KIỂM SOÁT ĐẶC BIỆT
85,số tự động Word,"1,3-Dichloro acetone",1.3-Diclo axeton,534-07-6,534-07-6,,C3H4Cl2O,,,"B. HÓA CHẤT THUỘC CÔNG ƯỚC CẤM PHÁT TRIỂN, SẢN XUẤT, TÀNG TRỮ, SỬ DỤNG VÀ PHÁ HỦY VŨ KHÍ HÓA HỌC.",Hóa chất khác,III,1.1. Nhóm 1,DANH MỤC HÓA CHẤT CẦN KIỂM SOÁT ĐẶC BIỆT
86,số tự động Word,"3,3’-Dichloro benzidine","3,3’-Diclo benzidin",91-94-1,91-94-1,,C12H10Cl2N2,,,"B. HÓA CHẤT THUỘC CÔNG ƯỚC CẤM PHÁT TRIỂN, SẢN XUẤT, TÀNG TRỮ, SỬ DỤNG VÀ PHÁ HỦY VŨ KHÍ HÓA HỌC.",Hóa chất khác,III,1.1. Nhóm 1,DANH MỤC HÓA CHẤT CẦN KIỂM SOÁT ĐẶC BIỆT
87,số tự động Word,"2,2'-Dichloro diethyl ether","2,2’-Diclo dietyl ete",111-44-4,111-44-4,,C4H8Cl2O,,,"B. HÓA CHẤT THUỘC CÔNG ƯỚC CẤM PHÁT TRIỂN, SẢN XUẤT, TÀNG TRỮ, SỬ DỤNG VÀ PHÁ HỦY VŨ KHÍ HÓA HỌC.",Hóa chất khác,III,1.1. Nhóm 1,DANH MỤC HÓA CHẤT CẦN KIỂM SOÁT ĐẶC BIỆT
88,số tự động Word,"2,6-Dichlor-4-nitroanilin",Dicloran,99-30-9,99-30-9,,C6H4Cl2N2O2,,,"B. HÓA CHẤT THUỘC CÔNG ƯỚC CẤM PHÁT TRIỂN, SẢN XUẤT, TÀNG TRỮ, SỬ DỤNG VÀ PHÁ HỦY VŨ KHÍ HÓA HỌC.",Hóa chất khác,III,1.1. Nhóm 1,DANH MỤC HÓA CHẤT CẦN KIỂM SOÁT ĐẶC BIỆT
89,số tự động Word,"2,2,2-trichloro-1,1-bis (4-chloro phenyl) ethanol",Dicofol,115-32-2,115-32-2,,C14H9Cl5O,,,"B. HÓA CHẤT THUỘC CÔNG ƯỚC CẤM PHÁT TRIỂN, SẢN XUẤT, TÀNG TRỮ, SỬ DỤNG VÀ PHÁ HỦY VŨ KHÍ HÓA HỌC.",Hóa chất khác,III,1.1. Nhóm 1,DANH MỤC HÓA CHẤT CẦN KIỂM SOÁT ĐẶC BIỆT
90,số tự động Word,"Dibenz (a, h) anthracene","Dibenz (a, h) anthracen",53-70-3,53-70-3,,C22H14,,,"B. HÓA CHẤT THUỘC CÔNG ƯỚC CẤM PHÁT TRIỂN, SẢN XUẤT, TÀNG TRỮ, SỬ DỤNG VÀ PHÁ HỦY VŨ KHÍ HÓA HỌC.",Hóa chất khác,III,1.1. Nhóm 1,DANH MỤC HÓA CHẤT CẦN KIỂM SOÁT ĐẶC BIỆT
91,số tự động Word,Diboron trioxide,Diboron trioxist,1303-86-2,1303-86-2,,B2O3,,,"B. HÓA CHẤT THUỘC CÔNG ƯỚC CẤM PHÁT TRIỂN, SẢN XUẤT, TÀNG TRỮ, SỬ DỤNG VÀ PHÁ HỦY VŨ KHÍ HÓA HỌC.",Hóa chất khác,III,1.1. Nhóm 1,DANH MỤC HÓA CHẤT CẦN KIỂM SOÁT ĐẶC BIỆT
92,số tự động Word,Dietyl sulfate,Dietyl sunfat,64-67-5,64-67-5,,C4H10O4S,,,"B. HÓA CHẤT THUỘC CÔNG ƯỚC CẤM PHÁT TRIỂN, SẢN XUẤT, TÀNG TRỮ, SỬ DỤNG VÀ PHÁ HỦY VŨ KHÍ HÓA HỌC.",Hóa chất khác,III,1.1. Nhóm 1,DANH MỤC HÓA CHẤT CẦN KIỂM SOÁT ĐẶC BIỆT
93,số tự động Word,Diisobutyl phthalate (DIBP),Diisobutyl phthalat (DIBP),84-69-5,84-69-5,,C16H22O4,,,"B. HÓA CHẤT THUỘC CÔNG ƯỚC CẤM PHÁT TRIỂN, SẢN XUẤT, TÀNG TRỮ, SỬ DỤNG VÀ PHÁ HỦY VŨ KHÍ HÓA HỌC.",Hóa chất khác,III,1.1. Nhóm 1,DANH MỤC HÓA CHẤT CẦN KIỂM SOÁT ĐẶC BIỆT
94,số tự động Word,"1,2-dimethoxy ethane, ethylene glycol dimethyl ether (EGDME)","1,2-Dimethoxy etan, etylen glycol dimethyl ete (EGDME)",110-71-4,110-71-4,,C4H10O2,,,"B. HÓA CHẤT THUỘC CÔNG ƯỚC CẤM PHÁT TRIỂN, SẢN XUẤT, TÀNG TRỮ, SỬ DỤNG VÀ PHÁ HỦY VŨ KHÍ HÓA HỌC.",Hóa chất khác,III,1.1. Nhóm 1,DANH MỤC HÓA CHẤT CẦN KIỂM SOÁT ĐẶC BIỆT
95,số tự động Word,"N, N-dimethyl acetamide","N, N-Dimetyl axetamit",127-19-5,127-19-5,,C4H9NO,,,"B. HÓA CHẤT THUỘC CÔNG ƯỚC CẤM PHÁT TRIỂN, SẢN XUẤT, TÀNG TRỮ, SỬ DỤNG VÀ PHÁ HỦY VŨ KHÍ HÓA HỌC.",Hóa chất khác,III,1.1. Nhóm 1,DANH MỤC HÓA CHẤT CẦN KIỂM SOÁT ĐẶC BIỆT
96,số tự động Word,Nitrous oxide,Dinitơ monoxit,10024-97-2,10024-97-2,,N2O,,,"B. HÓA CHẤT THUỘC CÔNG ƯỚC CẤM PHÁT TRIỂN, SẢN XUẤT, TÀNG TRỮ, SỬ DỤNG VÀ PHÁ HỦY VŨ KHÍ HÓA HỌC.",Hóa chất khác,III,1.1. Nhóm 1,DANH MỤC HÓA CHẤT CẦN KIỂM SOÁT ĐẶC BIỆT
97,số tự động Word,"2,4-dinitrophenol, salts","2,4-Dinitrophenol và các muối",51-28-5,51-28-5,,C6H4N2O5,,,"B. HÓA CHẤT THUỘC CÔNG ƯỚC CẤM PHÁT TRIỂN, SẢN XUẤT, TÀNG TRỮ, SỬ DỤNG VÀ PHÁ HỦY VŨ KHÍ HÓA HỌC.",Hóa chất khác,III,1.1. Nhóm 1,DANH MỤC HÓA CHẤT CẦN KIỂM SOÁT ĐẶC BIỆT
98,số tự động Word,Diisobutyl amine,Diisobutyl amin,110-96-3,110-96-3,,C8H19N,,,"B. HÓA CHẤT THUỘC CÔNG ƯỚC CẤM PHÁT TRIỂN, SẢN XUẤT, TÀNG TRỮ, SỬ DỤNG VÀ PHÁ HỦY VŨ KHÍ HÓA HỌC.",Hóa chất khác,III,1.1. Nhóm 1,DANH MỤC HÓA CHẤT CẦN KIỂM SOÁT ĐẶC BIỆT
99,số tự động Word,"2,3-Epoxy-1-propanol (Glycidol)","2,3-Epoxy-1-propanol",556-52-5,556-52-5,,C3H6O2,,,"B. HÓA CHẤT THUỘC CÔNG ƯỚC CẤM PHÁT TRIỂN, SẢN XUẤT, TÀNG TRỮ, SỬ DỤNG VÀ PHÁ HỦY VŨ KHÍ HÓA HỌC.",Hóa chất khác,III,1.1. Nhóm 1,DANH MỤC HÓA CHẤT CẦN KIỂM SOÁT ĐẶC BIỆT
100,số tự động Word,Ethyl benzene,Etyl benzen,100-41-4,100-41-4,,C8H10,,,"B. HÓA CHẤT THUỘC CÔNG ƯỚC CẤM PHÁT TRIỂN, SẢN XUẤT, TÀNG TRỮ, SỬ DỤNG VÀ PHÁ HỦY VŨ KHÍ HÓA HỌC.",Hóa chất khác,III,1.1. Nhóm 1,DANH MỤC HÓA CHẤT CẦN KIỂM SOÁT ĐẶC BIỆT
101,số tự động Word,Ethyl chloro formate,Etyl clo format,541-41-3,541-41-3,,C3H5ClO2,,,"B. HÓA CHẤT THUỘC CÔNG ƯỚC CẤM PHÁT TRIỂN, SẢN XUẤT, TÀNG TRỮ, SỬ DỤNG VÀ PHÁ HỦY VŨ KHÍ HÓA HỌC.",Hóa chất khác,III,1.1. Nhóm 1,DANH MỤC HÓA CHẤT CẦN KIỂM SOÁT ĐẶC BIỆT
102,số tự động Word,Fluorine,Flo,7782-41-4,7782-41-4,,F2,,,"B. HÓA CHẤT THUỘC CÔNG ƯỚC CẤM PHÁT TRIỂN, SẢN XUẤT, TÀNG TRỮ, SỬ DỤNG VÀ PHÁ HỦY VŨ KHÍ HÓA HỌC.",Hóa chất khác,III,1.1. Nhóm 1,DANH MỤC HÓA CHẤT CẦN KIỂM SOÁT ĐẶC BIỆT
103,số tự động Word,Formaldehyde,Formaldehit,50-00-0,50-00-0,,CH2O,,,"B. HÓA CHẤT THUỘC CÔNG ƯỚC CẤM PHÁT TRIỂN, SẢN XUẤT, TÀNG TRỮ, SỬ DỤNG VÀ PHÁ HỦY VŨ KHÍ HÓA HỌC.",Hóa chất khác,III,1.1. Nhóm 1,DANH MỤC HÓA CHẤT CẦN KIỂM SOÁT ĐẶC BIỆT
104,số tự động Word,Furan,Furan,110-00-9,110-00-9,,C4H4O,,,"B. HÓA CHẤT THUỘC CÔNG ƯỚC CẤM PHÁT TRIỂN, SẢN XUẤT, TÀNG TRỮ, SỬ DỤNG VÀ PHÁ HỦY VŨ KHÍ HÓA HỌC.",Hóa chất khác,III,1.1. Nhóm 1,DANH MỤC HÓA CHẤT CẦN KIỂM SOÁT ĐẶC BIỆT
105,số tự động Word,"Hexamethylene diisocyanate (1,6-HexamethyIene diisocyanate)",Hexametylen diisoxyanat,822-06-0,822-06-0,,C8H12N2O2,,,"B. HÓA CHẤT THUỘC CÔNG ƯỚC CẤM PHÁT TRIỂN, SẢN XUẤT, TÀNG TRỮ, SỬ DỤNG VÀ PHÁ HỦY VŨ KHÍ HÓA HỌC.",Hóa chất khác,III,1.1. Nhóm 1,DANH MỤC HÓA CHẤT CẦN KIỂM SOÁT ĐẶC BIỆT
106,số tự động Word,Hydrazine and hydrated,Hydrazin và các dạng ngậm nước,302-01-2,302-01-2,,N2H4,,,"B. HÓA CHẤT THUỘC CÔNG ƯỚC CẤM PHÁT TRIỂN, SẢN XUẤT, TÀNG TRỮ, SỬ DỤNG VÀ PHÁ HỦY VŨ KHÍ HÓA HỌC.",Hóa chất khác,III,1.1. Nhóm 1,DANH MỤC HÓA CHẤT CẦN KIỂM SOÁT ĐẶC BIỆT
107,số tự động Word,Hydroquinone,Hydroquinon,123-31-9,123-31-9,,C6H6O2,,,"B. HÓA CHẤT THUỘC CÔNG ƯỚC CẤM PHÁT TRIỂN, SẢN XUẤT, TÀNG TRỮ, SỬ DỤNG VÀ PHÁ HỦY VŨ KHÍ HÓA HỌC.",Hóa chất khác,III,1.1. Nhóm 1,DANH MỤC HÓA CHẤT CẦN KIỂM SOÁT ĐẶC BIỆT
108,số tự động Word,Indomethacine,Indomethacin,53-86-1,53-86-1,,C19H16ClNO4,,,"B. HÓA CHẤT THUỘC CÔNG ƯỚC CẤM PHÁT TRIỂN, SẢN XUẤT, TÀNG TRỮ, SỬ DỤNG VÀ PHÁ HỦY VŨ KHÍ HÓA HỌC.",Hóa chất khác,III,1.1. Nhóm 1,DANH MỤC HÓA CHẤT CẦN KIỂM SOÁT ĐẶC BIỆT
109,số tự động Word,Isophorone diisocyanate,Isophoron diisoxyanat,4098-71-9,4098-71-9,,C12H18N2O2,,,"B. HÓA CHẤT THUỘC CÔNG ƯỚC CẤM PHÁT TRIỂN, SẢN XUẤT, TÀNG TRỮ, SỬ DỤNG VÀ PHÁ HỦY VŨ KHÍ HÓA HỌC.",Hóa chất khác,III,1.1. Nhóm 1,DANH MỤC HÓA CHẤT CẦN KIỂM SOÁT ĐẶC BIỆT
110,số tự động Word,Isopropyl isocyanate,Isopropyl isocyanat,1795-48-8,1795-48-8,,C4H7NO,,,"B. HÓA CHẤT THUỘC CÔNG ƯỚC CẤM PHÁT TRIỂN, SẢN XUẤT, TÀNG TRỮ, SỬ DỤNG VÀ PHÁ HỦY VŨ KHÍ HÓA HỌC.",Hóa chất khác,III,1.1. Nhóm 1,DANH MỤC HÓA CHẤT CẦN KIỂM SOÁT ĐẶC BIỆT
111,số tự động Word,Potassium sulfide,Kali sulfua,1312-73-8,1312-73-8,,K2S,,,"B. HÓA CHẤT THUỘC CÔNG ƯỚC CẤM PHÁT TRIỂN, SẢN XUẤT, TÀNG TRỮ, SỬ DỤNG VÀ PHÁ HỦY VŨ KHÍ HÓA HỌC.",Hóa chất khác,III,1.1. Nhóm 1,DANH MỤC HÓA CHẤT CẦN KIỂM SOÁT ĐẶC BIỆT
112,số tự động Word,Lithium hydroxide,Liti hydroxit,1310-65-2,1310-65-2,,LiOH,,,"B. HÓA CHẤT THUỘC CÔNG ƯỚC CẤM PHÁT TRIỂN, SẢN XUẤT, TÀNG TRỮ, SỬ DỤNG VÀ PHÁ HỦY VŨ KHÍ HÓA HỌC.",Hóa chất khác,III,1.1. Nhóm 1,DANH MỤC HÓA CHẤT CẦN KIỂM SOÁT ĐẶC BIỆT
113,số tự động Word,Lithium hydride,Liti hydrit,7580-67-8,7580-67-8,,LiH,,,"B. HÓA CHẤT THUỘC CÔNG ƯỚC CẤM PHÁT TRIỂN, SẢN XUẤT, TÀNG TRỮ, SỬ DỤNG VÀ PHÁ HỦY VŨ KHÍ HÓA HỌC.",Hóa chất khác,III,1.1. Nhóm 1,DANH MỤC HÓA CHẤT CẦN KIỂM SOÁT ĐẶC BIỆT
114,số tự động Word,Magnesium phosphide,Magie phốtphua,12057-74-8,12057-74-8,,Mg3P2,,,"B. HÓA CHẤT THUỘC CÔNG ƯỚC CẤM PHÁT TRIỂN, SẢN XUẤT, TÀNG TRỮ, SỬ DỤNG VÀ PHÁ HỦY VŨ KHÍ HÓA HỌC.",Hóa chất khác,III,1.1. Nhóm 1,DANH MỤC HÓA CHẤT CẦN KIỂM SOÁT ĐẶC BIỆT
115,số tự động Word,Maleic anhydride,Maleic anhydrit,108-31-6,108-31-6,,C4H2O3,,,"B. HÓA CHẤT THUỘC CÔNG ƯỚC CẤM PHÁT TRIỂN, SẢN XUẤT, TÀNG TRỮ, SỬ DỤNG VÀ PHÁ HỦY VŨ KHÍ HÓA HỌC.",Hóa chất khác,III,1.1. Nhóm 1,DANH MỤC HÓA CHẤT CẦN KIỂM SOÁT ĐẶC BIỆT
116,số tự động Word,Malono nitril,Malono nitril,109-77-3,109-77-3,,C3H2N2,,,"B. HÓA CHẤT THUỘC CÔNG ƯỚC CẤM PHÁT TRIỂN, SẢN XUẤT, TÀNG TRỮ, SỬ DỤNG VÀ PHÁ HỦY VŨ KHÍ HÓA HỌC.",Hóa chất khác,III,1.1. Nhóm 1,DANH MỤC HÓA CHẤT CẦN KIỂM SOÁT ĐẶC BIỆT
117,số tự động Word,Methane sulfonyl chloride,Metan sunphonyl clorit,124-63-0,124-63-0,,CH3ClO2S,,,"B. HÓA CHẤT THUỘC CÔNG ƯỚC CẤM PHÁT TRIỂN, SẢN XUẤT, TÀNG TRỮ, SỬ DỤNG VÀ PHÁ HỦY VŨ KHÍ HÓA HỌC.",Hóa chất khác,III,1.1. Nhóm 1,DANH MỤC HÓA CHẤT CẦN KIỂM SOÁT ĐẶC BIỆT
118,số tự động Word,Methyl oxirane (Propylene oxide),Metyl oxiran (Propylen oxit),75-56-9,75-56-9,,C3H6O,,,"B. HÓA CHẤT THUỘC CÔNG ƯỚC CẤM PHÁT TRIỂN, SẢN XUẤT, TÀNG TRỮ, SỬ DỤNG VÀ PHÁ HỦY VŨ KHÍ HÓA HỌC.",Hóa chất khác,III,1.1. Nhóm 1,DANH MỤC HÓA CHẤT CẦN KIỂM SOÁT ĐẶC BIỆT
119,số tự động Word,"Methyl chloride (Methane, chloro-)",Clorua metyl,74-87-3,74-87-3,,CH3Cl,,,"B. HÓA CHẤT THUỘC CÔNG ƯỚC CẤM PHÁT TRIỂN, SẢN XUẤT, TÀNG TRỮ, SỬ DỤNG VÀ PHÁ HỦY VŨ KHÍ HÓA HỌC.",Hóa chất khác,III,1.1. Nhóm 1,DANH MỤC HÓA CHẤT CẦN KIỂM SOÁT ĐẶC BIỆT
120,số tự động Word,Methanol,Metanol,67-56-1,67-56-1,,CH4O,,,"B. HÓA CHẤT THUỘC CÔNG ƯỚC CẤM PHÁT TRIỂN, SẢN XUẤT, TÀNG TRỮ, SỬ DỤNG VÀ PHÁ HỦY VŨ KHÍ HÓA HỌC.",Hóa chất khác,III,1.1. Nhóm 1,DANH MỤC HÓA CHẤT CẦN KIỂM SOÁT ĐẶC BIỆT
121,số tự động Word,Methyl isothiocyanate,Metyl isothioxyanat,556-61-6,556-61-6,,C2H3NS,,,"B. HÓA CHẤT THUỘC CÔNG ƯỚC CẤM PHÁT TRIỂN, SẢN XUẤT, TÀNG TRỮ, SỬ DỤNG VÀ PHÁ HỦY VŨ KHÍ HÓA HỌC.",Hóa chất khác,III,1.1. Nhóm 1,DANH MỤC HÓA CHẤT CẦN KIỂM SOÁT ĐẶC BIỆT
122,số tự động Word,Methyl isocyanate,Metyl isoxyanat,624-83-9,624-83-9,,C2H3NO,,,"B. HÓA CHẤT THUỘC CÔNG ƯỚC CẤM PHÁT TRIỂN, SẢN XUẤT, TÀNG TRỮ, SỬ DỤNG VÀ PHÁ HỦY VŨ KHÍ HÓA HỌC.",Hóa chất khác,III,1.1. Nhóm 1,DANH MỤC HÓA CHẤT CẦN KIỂM SOÁT ĐẶC BIỆT
123,số tự động Word,Methyl orthosilicate,Metyl orthosilicat (Tetramethoxy silan),681-84-5,681-84-5,,C4H12O4Si,,,"B. HÓA CHẤT THUỘC CÔNG ƯỚC CẤM PHÁT TRIỂN, SẢN XUẤT, TÀNG TRỮ, SỬ DỤNG VÀ PHÁ HỦY VŨ KHÍ HÓA HỌC.",Hóa chất khác,III,1.1. Nhóm 1,DANH MỤC HÓA CHẤT CẦN KIỂM SOÁT ĐẶC BIỆT
124,số tự động Word,Methyl vinyl ketone,Metyl vinyl keton,78-94-4,78-94-4,,C4H6O,,,"B. HÓA CHẤT THUỘC CÔNG ƯỚC CẤM PHÁT TRIỂN, SẢN XUẤT, TÀNG TRỮ, SỬ DỤNG VÀ PHÁ HỦY VŨ KHÍ HÓA HỌC.",Hóa chất khác,III,1.1. Nhóm 1,DANH MỤC HÓA CHẤT CẦN KIỂM SOÁT ĐẶC BIỆT
125,số tự động Word,2-naphthyl amine,2-Naphtyl amin,91-59-8,91-59-8,,C10H9N,,,"B. HÓA CHẤT THUỘC CÔNG ƯỚC CẤM PHÁT TRIỂN, SẢN XUẤT, TÀNG TRỮ, SỬ DỤNG VÀ PHÁ HỦY VŨ KHÍ HÓA HỌC.",Hóa chất khác,III,1.1. Nhóm 1,DANH MỤC HÓA CHẤT CẦN KIỂM SOÁT ĐẶC BIỆT
126,số tự động Word,Sodium azide,Natri azid,26628-22-8,26628-22-8,,NaN3,,,"B. HÓA CHẤT THUỘC CÔNG ƯỚC CẤM PHÁT TRIỂN, SẢN XUẤT, TÀNG TRỮ, SỬ DỤNG VÀ PHÁ HỦY VŨ KHÍ HÓA HỌC.",Hóa chất khác,III,1.1. Nhóm 1,DANH MỤC HÓA CHẤT CẦN KIỂM SOÁT ĐẶC BIỆT
127,số tự động Word,Sodium fluoro acetate,Natri flo axetat,62-74-8,62-74-8,,C2H3FNaO2,,,"B. HÓA CHẤT THUỘC CÔNG ƯỚC CẤM PHÁT TRIỂN, SẢN XUẤT, TÀNG TRỮ, SỬ DỤNG VÀ PHÁ HỦY VŨ KHÍ HÓA HỌC.",Hóa chất khác,III,1.1. Nhóm 1,DANH MỤC HÓA CHẤT CẦN KIỂM SOÁT ĐẶC BIỆT
128,số tự động Word,N-Butyl isocyanate,N-Butyl isoxyanat,111-36-4,111-36-4,,C5H9NO,,,"B. HÓA CHẤT THUỘC CÔNG ƯỚC CẤM PHÁT TRIỂN, SẢN XUẤT, TÀNG TRỮ, SỬ DỤNG VÀ PHÁ HỦY VŨ KHÍ HÓA HỌC.",Hóa chất khác,III,1.1. Nhóm 1,DANH MỤC HÓA CHẤT CẦN KIỂM SOÁT ĐẶC BIỆT
129,số tự động Word,Nicotine (3-(1-Methyl-2-pyrrolidinyl) pyridine),Nicotin,54-11-5,54-11-5,,C10H14N2,,,"B. HÓA CHẤT THUỘC CÔNG ƯỚC CẤM PHÁT TRIỂN, SẢN XUẤT, TÀNG TRỮ, SỬ DỤNG VÀ PHÁ HỦY VŨ KHÍ HÓA HỌC.",Hóa chất khác,III,1.1. Nhóm 1,DANH MỤC HÓA CHẤT CẦN KIỂM SOÁT ĐẶC BIỆT
130,số tự động Word,Nicotine tartrate,Nicotin tartrat,65-31-6,65-31-6,,C18H26N2O12,,,"B. HÓA CHẤT THUỘC CÔNG ƯỚC CẤM PHÁT TRIỂN, SẢN XUẤT, TÀNG TRỮ, SỬ DỤNG VÀ PHÁ HỦY VŨ KHÍ HÓA HỌC.",Hóa chất khác,III,1.1. Nhóm 1,DANH MỤC HÓA CHẤT CẦN KIỂM SOÁT ĐẶC BIỆT
131,số tự động Word,Nickel (II) nitrate,Niken nitrat,13138-45-9,13138-45-9,,Ni(NO3)2,,,"B. HÓA CHẤT THUỘC CÔNG ƯỚC CẤM PHÁT TRIỂN, SẢN XUẤT, TÀNG TRỮ, SỬ DỤNG VÀ PHÁ HỦY VŨ KHÍ HÓA HỌC.",Hóa chất khác,III,1.1. Nhóm 1,DANH MỤC HÓA CHẤT CẦN KIỂM SOÁT ĐẶC BIỆT
132,số tự động Word,Nickel tetra carbonyle,Niken tetra carbonyl,13463-39-3,13463-39-3,,Ni(CO)4,,,"B. HÓA CHẤT THUỘC CÔNG ƯỚC CẤM PHÁT TRIỂN, SẢN XUẤT, TÀNG TRỮ, SỬ DỤNG VÀ PHÁ HỦY VŨ KHÍ HÓA HỌC.",Hóa chất khác,III,1.1. Nhóm 1,DANH MỤC HÓA CHẤT CẦN KIỂM SOÁT ĐẶC BIỆT
133,số tự động Word,4-Nitro biphenyl,4-Nitro biphenyl,92-93-3,92-93-3,,C12H9NO2,,,"B. HÓA CHẤT THUỘC CÔNG ƯỚC CẤM PHÁT TRIỂN, SẢN XUẤT, TÀNG TRỮ, SỬ DỤNG VÀ PHÁ HỦY VŨ KHÍ HÓA HỌC.",Hóa chất khác,III,1.1. Nhóm 1,DANH MỤC HÓA CHẤT CẦN KIỂM SOÁT ĐẶC BIỆT
134,số tự động Word,o-nitrotoluene,Nitrotoluen,88-72-2,88-72-2,,C7H7NO3,,,"B. HÓA CHẤT THUỘC CÔNG ƯỚC CẤM PHÁT TRIỂN, SẢN XUẤT, TÀNG TRỮ, SỬ DỤNG VÀ PHÁ HỦY VŨ KHÍ HÓA HỌC.",Hóa chất khác,III,1.1. Nhóm 1,DANH MỤC HÓA CHẤT CẦN KIỂM SOÁT ĐẶC BIỆT
135,số tự động Word,Osmium tetroxide,Osmium tetroxit,20816-12-0,20816-12-0,,OsO4,,,"B. HÓA CHẤT THUỘC CÔNG ƯỚC CẤM PHÁT TRIỂN, SẢN XUẤT, TÀNG TRỮ, SỬ DỤNG VÀ PHÁ HỦY VŨ KHÍ HÓA HỌC.",Hóa chất khác,III,1.1. Nhóm 1,DANH MỤC HÓA CHẤT CẦN KIỂM SOÁT ĐẶC BIỆT
136,số tự động Word,Paraquate,Paraquat,1910-42-5,1910-42-5,,C12H14Cl2N2,,,"B. HÓA CHẤT THUỘC CÔNG ƯỚC CẤM PHÁT TRIỂN, SẢN XUẤT, TÀNG TRỮ, SỬ DỤNG VÀ PHÁ HỦY VŨ KHÍ HÓA HỌC.",Hóa chất khác,III,1.1. Nhóm 1,DANH MỤC HÓA CHẤT CẦN KIỂM SOÁT ĐẶC BIỆT
137,số tự động Word,Phenyl chloro formate,Phenyl clo fomat,1885-14-9,1885-14-9,,C7H5ClO2,,,"B. HÓA CHẤT THUỘC CÔNG ƯỚC CẤM PHÁT TRIỂN, SẢN XUẤT, TÀNG TRỮ, SỬ DỤNG VÀ PHÁ HỦY VŨ KHÍ HÓA HỌC.",Hóa chất khác,III,1.1. Nhóm 1,DANH MỤC HÓA CHẤT CẦN KIỂM SOÁT ĐẶC BIỆT
138,số tự động Word,Phenyl isocyanate,Phenyl isoxyanat,103-71-9,103-71-9,,C7H5NO,,,"B. HÓA CHẤT THUỘC CÔNG ƯỚC CẤM PHÁT TRIỂN, SẢN XUẤT, TÀNG TRỮ, SỬ DỤNG VÀ PHÁ HỦY VŨ KHÍ HÓA HỌC.",Hóa chất khác,III,1.1. Nhóm 1,DANH MỤC HÓA CHẤT CẦN KIỂM SOÁT ĐẶC BIỆT
139,số tự động Word,Phenol,Phenol,108-95-2,108-95-2,,C6H6O,,,"B. HÓA CHẤT THUỘC CÔNG ƯỚC CẤM PHÁT TRIỂN, SẢN XUẤT, TÀNG TRỮ, SỬ DỤNG VÀ PHÁ HỦY VŨ KHÍ HÓA HỌC.",Hóa chất khác,III,1.1. Nhóm 1,DANH MỤC HÓA CHẤT CẦN KIỂM SOÁT ĐẶC BIỆT
140,số tự động Word,Phenol phthalein,Phenol phthalein,77-09-8,77-09-8,,C20H14O4,,,"B. HÓA CHẤT THUỘC CÔNG ƯỚC CẤM PHÁT TRIỂN, SẢN XUẤT, TÀNG TRỮ, SỬ DỤNG VÀ PHÁ HỦY VŨ KHÍ HÓA HỌC.",Hóa chất khác,III,1.1. Nhóm 1,DANH MỤC HÓA CHẤT CẦN KIỂM SOÁT ĐẶC BIỆT
141,số tự động Word,Phenyl mercaptan (Thiophenol),Phenyl mercaptan,108-98-5,108-98-5,,C6H6S,,,"B. HÓA CHẤT THUỘC CÔNG ƯỚC CẤM PHÁT TRIỂN, SẢN XUẤT, TÀNG TRỮ, SỬ DỤNG VÀ PHÁ HỦY VŨ KHÍ HÓA HỌC.",Hóa chất khác,III,1.1. Nhóm 1,DANH MỤC HÓA CHẤT CẦN KIỂM SOÁT ĐẶC BIỆT
142,số tự động Word,2- Propen amit,2-Propen amit,79-06-1,79-06-1,,C3H5NO,,,"B. HÓA CHẤT THUỘC CÔNG ƯỚC CẤM PHÁT TRIỂN, SẢN XUẤT, TÀNG TRỮ, SỬ DỤNG VÀ PHÁ HỦY VŨ KHÍ HÓA HỌC.",Hóa chất khác,III,1.1. Nhóm 1,DANH MỤC HÓA CHẤT CẦN KIỂM SOÁT ĐẶC BIỆT
143,số tự động Word,Propoxure,Propoxur,114-26-1,114-26-1,,C11H15NO3,,,"B. HÓA CHẤT THUỘC CÔNG ƯỚC CẤM PHÁT TRIỂN, SẢN XUẤT, TÀNG TRỮ, SỬ DỤNG VÀ PHÁ HỦY VŨ KHÍ HÓA HỌC.",Hóa chất khác,III,1.1. Nhóm 1,DANH MỤC HÓA CHẤT CẦN KIỂM SOÁT ĐẶC BIỆT
144,số tự động Word,Acrylyl chloride,Acrylyl clorit,814-68-6,814-68-6,,C3H3CIO,,,"B. HÓA CHẤT THUỘC CÔNG ƯỚC CẤM PHÁT TRIỂN, SẢN XUẤT, TÀNG TRỮ, SỬ DỤNG VÀ PHÁ HỦY VŨ KHÍ HÓA HỌC.",Hóa chất khác,III,1.1. Nhóm 1,DANH MỤC HÓA CHẤT CẦN KIỂM SOÁT ĐẶC BIỆT
145,số tự động Word,Propargyl alcohol,Rượu propargyl,107-19-7,107-19-7,,C3H4O,,,"B. HÓA CHẤT THUỘC CÔNG ƯỚC CẤM PHÁT TRIỂN, SẢN XUẤT, TÀNG TRỮ, SỬ DỤNG VÀ PHÁ HỦY VŨ KHÍ HÓA HỌC.",Hóa chất khác,III,1.1. Nhóm 1,DANH MỤC HÓA CHẤT CẦN KIỂM SOÁT ĐẶC BIỆT
146,số tự động Word,Allyl alcohol (2-Propen-l-ol),Rượu allyl,107-18-6,107-18-6,,C3H6O,,,"B. HÓA CHẤT THUỘC CÔNG ƯỚC CẤM PHÁT TRIỂN, SẢN XUẤT, TÀNG TRỮ, SỬ DỤNG VÀ PHÁ HỦY VŨ KHÍ HÓA HỌC.",Hóa chất khác,III,1.1. Nhóm 1,DANH MỤC HÓA CHẤT CẦN KIỂM SOÁT ĐẶC BIỆT
147,số tự động Word,Antimony pentachloride,Stibi pentaclorua,7647-18-9,7647-18-9,,SbCl5,,,"B. HÓA CHẤT THUỘC CÔNG ƯỚC CẤM PHÁT TRIỂN, SẢN XUẤT, TÀNG TRỮ, SỬ DỤNG VÀ PHÁ HỦY VŨ KHÍ HÓA HỌC.",Hóa chất khác,III,1.1. Nhóm 1,DANH MỤC HÓA CHẤT CẦN KIỂM SOÁT ĐẶC BIỆT
148,số tự động Word,Strychnine,Strychnin,57-24-9,57-24-9,,C21H22N2O2,,,"B. HÓA CHẤT THUỘC CÔNG ƯỚC CẤM PHÁT TRIỂN, SẢN XUẤT, TÀNG TRỮ, SỬ DỤNG VÀ PHÁ HỦY VŨ KHÍ HÓA HỌC.",Hóa chất khác,III,1.1. Nhóm 1,DANH MỤC HÓA CHẤT CẦN KIỂM SOÁT ĐẶC BIỆT
149,số tự động Word,Thallium,Tali,7440-28-0,7440-28-0,,Tl,,,"B. HÓA CHẤT THUỘC CÔNG ƯỚC CẤM PHÁT TRIỂN, SẢN XUẤT, TÀNG TRỮ, SỬ DỤNG VÀ PHÁ HỦY VŨ KHÍ HÓA HỌC.",Hóa chất khác,III,1.1. Nhóm 1,DANH MỤC HÓA CHẤT CẦN KIỂM SOÁT ĐẶC BIỆT
150,số tự động Word,Thalidomide,Thalidomit,50-35-1,50-35-1,,C13H10N2O4,,,"B. HÓA CHẤT THUỘC CÔNG ƯỚC CẤM PHÁT TRIỂN, SẢN XUẤT, TÀNG TRỮ, SỬ DỤNG VÀ PHÁ HỦY VŨ KHÍ HÓA HỌC.",Hóa chất khác,III,1.1. Nhóm 1,DANH MỤC HÓA CHẤT CẦN KIỂM SOÁT ĐẶC BIỆT
151,số tự động Word,Thiabendazole,Thiabendazol,148-79-8,148-79-8,,C10H7N3S,,,"B. HÓA CHẤT THUỘC CÔNG ƯỚC CẤM PHÁT TRIỂN, SẢN XUẤT, TÀNG TRỮ, SỬ DỤNG VÀ PHÁ HỦY VŨ KHÍ HÓA HỌC.",Hóa chất khác,III,1.1. Nhóm 1,DANH MỤC HÓA CHẤT CẦN KIỂM SOÁT ĐẶC BIỆT
152,số tự động Word,Thiodicarb,Thiodicarb,59669-26-0,59669-26-0,,C10H18N4O4S3,,,"B. HÓA CHẤT THUỘC CÔNG ƯỚC CẤM PHÁT TRIỂN, SẢN XUẤT, TÀNG TRỮ, SỬ DỤNG VÀ PHÁ HỦY VŨ KHÍ HÓA HỌC.",Hóa chất khác,III,1.1. Nhóm 1,DANH MỤC HÓA CHẤT CẦN KIỂM SOÁT ĐẶC BIỆT
153,số tự động Word,Thiram,Thiram,137-26-8,137-26-8,,C6H12N2S4,,,"B. HÓA CHẤT THUỘC CÔNG ƯỚC CẤM PHÁT TRIỂN, SẢN XUẤT, TÀNG TRỮ, SỬ DỤNG VÀ PHÁ HỦY VŨ KHÍ HÓA HỌC.",Hóa chất khác,III,1.1. Nhóm 1,DANH MỤC HÓA CHẤT CẦN KIỂM SOÁT ĐẶC BIỆT
154,số tự động Word,Stannic tetrachloride,Thiếc (IV) clorua,7646-78-8,7646-78-8,,SnCl4,,,"B. HÓA CHẤT THUỘC CÔNG ƯỚC CẤM PHÁT TRIỂN, SẢN XUẤT, TÀNG TRỮ, SỬ DỤNG VÀ PHÁ HỦY VŨ KHÍ HÓA HỌC.",Hóa chất khác,III,1.1. Nhóm 1,DANH MỤC HÓA CHẤT CẦN KIỂM SOÁT ĐẶC BIỆT
155,số tự động Word,Toluidine,Toluidin,95-53-4,95-53-4,,C7H9N,,,"B. HÓA CHẤT THUỘC CÔNG ƯỚC CẤM PHÁT TRIỂN, SẢN XUẤT, TÀNG TRỮ, SỬ DỤNG VÀ PHÁ HỦY VŨ KHÍ HÓA HỌC.",Hóa chất khác,III,1.1. Nhóm 1,DANH MỤC HÓA CHẤT CẦN KIỂM SOÁT ĐẶC BIỆT
156,số tự động Word,Toluidine,Toluidin,108-44-1,108-44-1,,C7H9N,,,"B. HÓA CHẤT THUỘC CÔNG ƯỚC CẤM PHÁT TRIỂN, SẢN XUẤT, TÀNG TRỮ, SỬ DỤNG VÀ PHÁ HỦY VŨ KHÍ HÓA HỌC.",Hóa chất khác,III,1.1. Nhóm 1,DANH MỤC HÓA CHẤT CẦN KIỂM SOÁT ĐẶC BIỆT
157,số tự động Word,Toluidine,Toluidin,106-49-0,106-49-0,,C7H9N,,,"B. HÓA CHẤT THUỘC CÔNG ƯỚC CẤM PHÁT TRIỂN, SẢN XUẤT, TÀNG TRỮ, SỬ DỤNG VÀ PHÁ HỦY VŨ KHÍ HÓA HỌC.",Hóa chất khác,III,1.1. Nhóm 1,DANH MỤC HÓA CHẤT CẦN KIỂM SOÁT ĐẶC BIỆT
158,số tự động Word,Tributyl amine,Tributyl amin,102-82-9,102-82-9,,C12H27N,,,"B. HÓA CHẤT THUỘC CÔNG ƯỚC CẤM PHÁT TRIỂN, SẢN XUẤT, TÀNG TRỮ, SỬ DỤNG VÀ PHÁ HỦY VŨ KHÍ HÓA HỌC.",Hóa chất khác,III,1.1. Nhóm 1,DANH MỤC HÓA CHẤT CẦN KIỂM SOÁT ĐẶC BIỆT
159,số tự động Word,Trichloro acetyl chloride,Triclo axetyl clorua,76-02-8,76-02-8,,C2Cl4O,,,"B. HÓA CHẤT THUỘC CÔNG ƯỚC CẤM PHÁT TRIỂN, SẢN XUẤT, TÀNG TRỮ, SỬ DỤNG VÀ PHÁ HỦY VŨ KHÍ HÓA HỌC.",Hóa chất khác,III,1.1. Nhóm 1,DANH MỤC HÓA CHẤT CẦN KIỂM SOÁT ĐẶC BIỆT
160,số tự động Word,Trichloro ethylene,Triclo etylen,79-01-6,79-01-6,,C2HCl3,,,"B. HÓA CHẤT THUỘC CÔNG ƯỚC CẤM PHÁT TRIỂN, SẢN XUẤT, TÀNG TRỮ, SỬ DỤNG VÀ PHÁ HỦY VŨ KHÍ HÓA HỌC.",Hóa chất khác,III,1.1. Nhóm 1,DANH MỤC HÓA CHẤT CẦN KIỂM SOÁT ĐẶC BIỆT
161,số tự động Word,Tricresyl phosphate,Tricresyl photphat,1330-78-5,1330-78-5,,C21H21O4P,,,"B. HÓA CHẤT THUỘC CÔNG ƯỚC CẤM PHÁT TRIỂN, SẢN XUẤT, TÀNG TRỮ, SỬ DỤNG VÀ PHÁ HỦY VŨ KHÍ HÓA HỌC.",Hóa chất khác,III,1.1. Nhóm 1,DANH MỤC HÓA CHẤT CẦN KIỂM SOÁT ĐẶC BIỆT
162,số tự động Word,Tris (2-chloro ethyl) phosphate,Tris (2-clo etyl) photphat,115-96-8,115-96-8,,C6H12Cl3O4P,,,"B. HÓA CHẤT THUỘC CÔNG ƯỚC CẤM PHÁT TRIỂN, SẢN XUẤT, TÀNG TRỮ, SỬ DỤNG VÀ PHÁ HỦY VŨ KHÍ HÓA HỌC.",Hóa chất khác,III,1.1. Nhóm 1,DANH MỤC HÓA CHẤT CẦN KIỂM SOÁT ĐẶC BIỆT
163,số tự động Word,Vanadium pentoxide,Vanadi pentoxit,1314-62-1,1314-62-1,,V2O5,,,"B. HÓA CHẤT THUỘC CÔNG ƯỚC CẤM PHÁT TRIỂN, SẢN XUẤT, TÀNG TRỮ, SỬ DỤNG VÀ PHÁ HỦY VŨ KHÍ HÓA HỌC.",Hóa chất khác,III,1.1. Nhóm 1,DANH MỤC HÓA CHẤT CẦN KIỂM SOÁT ĐẶC BIỆT
164,số tự động Word,Vinyl benzene (styrene),Vinyl benzen,100-42-5,100-42-5,,C8H8,,,"B. HÓA CHẤT THUỘC CÔNG ƯỚC CẤM PHÁT TRIỂN, SẢN XUẤT, TÀNG TRỮ, SỬ DỤNG VÀ PHÁ HỦY VŨ KHÍ HÓA HỌC.",Hóa chất khác,III,1.1. Nhóm 1,DANH MỤC HÓA CHẤT CẦN KIỂM SOÁT ĐẶC BIỆT
165,số tự động Word,Vinyl chloride,Vinyl clorua,75-01-4,75-01-4,,C2H3Cl,,,"B. HÓA CHẤT THUỘC CÔNG ƯỚC CẤM PHÁT TRIỂN, SẢN XUẤT, TÀNG TRỮ, SỬ DỤNG VÀ PHÁ HỦY VŨ KHÍ HÓA HỌC.",Hóa chất khác,III,1.1. Nhóm 1,DANH MỤC HÓA CHẤT CẦN KIỂM SOÁT ĐẶC BIỆT
166,số tự động Word,Cyclohexyl amine,Xyclohexyl amin,108-91-8,108-91-8,,C6H13N,,,"B. HÓA CHẤT THUỘC CÔNG ƯỚC CẤM PHÁT TRIỂN, SẢN XUẤT, TÀNG TRỮ, SỬ DỤNG VÀ PHÁ HỦY VŨ KHÍ HÓA HỌC.",Hóa chất khác,III,1.1. Nhóm 1,DANH MỤC HÓA CHẤT CẦN KIỂM SOÁT ĐẶC BIỆT
1,số tự động Word,Ethanoic acid,Acetic acid (GAA),64-19-7,64-19-7,,C2H4O2,,,A. CÁC TIỀN CHẤT CÔNG NGHIỆP,"Nhóm 2 (IVC): Các tiền chất là hóa chất, dung môi, chất xúc tác dùng trong quá trình sản xuất chất ma túy.",III,1.2. Nhóm 2,DANH MỤC HÓA CHẤT CẦN KIỂM SOÁT ĐẶC BIỆT
2,số tự động Word,2 - Propanone,Acetone,67-64-1,67-64-1,,C3H6O,,,A. CÁC TIỀN CHẤT CÔNG NGHIỆP,"Nhóm 2 (IVC): Các tiền chất là hóa chất, dung môi, chất xúc tác dùng trong quá trình sản xuất chất ma túy.",III,1.2. Nhóm 2,DANH MỤC HÓA CHẤT CẦN KIỂM SOÁT ĐẶC BIỆT
3,số tự động Word,Acetyl chloride,Acetyl chloride,75-36-5,75-36-5,,C2H3ClO,,,A. CÁC TIỀN CHẤT CÔNG NGHIỆP,"Nhóm 2 (IVC): Các tiền chất là hóa chất, dung môi, chất xúc tác dùng trong quá trình sản xuất chất ma túy.",III,1.2. Nhóm 2,DANH MỤC HÓA CHẤT CẦN KIỂM SOÁT ĐẶC BIỆT
4,số tự động Word,Formic acid ammonium salt,Ammonium formate,540-69-2,540-69-2,,CH5NO2,,,A. CÁC TIỀN CHẤT CÔNG NGHIỆP,"Nhóm 2 (IVC): Các tiền chất là hóa chất, dung môi, chất xúc tác dùng trong quá trình sản xuất chất ma túy.",III,1.2. Nhóm 2,DANH MỤC HÓA CHẤT CẦN KIỂM SOÁT ĐẶC BIỆT
5,số tự động Word,N-Ethylethanamine,Diethylamine,109-89-7,109-89-7,,C4H11N,,,A. CÁC TIỀN CHẤT CÔNG NGHIỆP,"Nhóm 2 (IVC): Các tiền chất là hóa chất, dung môi, chất xúc tác dùng trong quá trình sản xuất chất ma túy.",III,1.2. Nhóm 2,DANH MỤC HÓA CHẤT CẦN KIỂM SOÁT ĐẶC BIỆT
6,số tự động Word,1 - 1 - Oxybisethane Diethyl ether,Ethyl ether (Diethyl ether) Ethyl ether,60-29-7,60-29-7,,C4H10O,,,A. CÁC TIỀN CHẤT CÔNG NGHIỆP,"Nhóm 2 (IVC): Các tiền chất là hóa chất, dung môi, chất xúc tác dùng trong quá trình sản xuất chất ma túy.",III,1.2. Nhóm 2,DANH MỤC HÓA CHẤT CẦN KIỂM SOÁT ĐẶC BIỆT
7,số tự động Word,"1,2-Ethanediol diacetate",Ethylene diacetate,111-55-7,111-55-7,,C6H10O4,,,A. CÁC TIỀN CHẤT CÔNG NGHIỆP,"Nhóm 2 (IVC): Các tiền chất là hóa chất, dung môi, chất xúc tác dùng trong quá trình sản xuất chất ma túy.",III,1.2. Nhóm 2,DANH MỤC HÓA CHẤT CẦN KIỂM SOÁT ĐẶC BIỆT
8,số tự động Word,Methanamide; Carbamaldehyde,Formamide,75-12-7,75-12-7,,CH3NO,,,A. CÁC TIỀN CHẤT CÔNG NGHIỆP,"Nhóm 2 (IVC): Các tiền chất là hóa chất, dung môi, chất xúc tác dùng trong quá trình sản xuất chất ma túy.",III,1.2. Nhóm 2,DANH MỤC HÓA CHẤT CẦN KIỂM SOÁT ĐẶC BIỆT
9,số tự động Word,Methanoic acid,Axit Formic,64-18-6,64-18-6,,CH2O2,,,A. CÁC TIỀN CHẤT CÔNG NGHIỆP,"Nhóm 2 (IVC): Các tiền chất là hóa chất, dung môi, chất xúc tác dùng trong quá trình sản xuất chất ma túy.",III,1.2. Nhóm 2,DANH MỤC HÓA CHẤT CẦN KIỂM SOÁT ĐẶC BIỆT
10,số tự động Word,Hydrochloric acid,Axit Hydrochloric,7647-01-0,7647-01-0,,HCl,,,A. CÁC TIỀN CHẤT CÔNG NGHIỆP,"Nhóm 2 (IVC): Các tiền chất là hóa chất, dung môi, chất xúc tác dùng trong quá trình sản xuất chất ma túy.",III,1.2. Nhóm 2,DANH MỤC HÓA CHẤT CẦN KIỂM SOÁT ĐẶC BIỆT
11,số tự động Word,2-Butanone,Methyl ethyl ketone (MEK),78-93-3,78-93-3,,C4H8O,,,A. CÁC TIỀN CHẤT CÔNG NGHIỆP,"Nhóm 2 (IVC): Các tiền chất là hóa chất, dung môi, chất xúc tác dùng trong quá trình sản xuất chất ma túy.",III,1.2. Nhóm 2,DANH MỤC HÓA CHẤT CẦN KIỂM SOÁT ĐẶC BIỆT
12,số tự động Word,Aminomethane,Methylamine,74-89-5,74-89-5,,CH5N,,,A. CÁC TIỀN CHẤT CÔNG NGHIỆP,"Nhóm 2 (IVC): Các tiền chất là hóa chất, dung môi, chất xúc tác dùng trong quá trình sản xuất chất ma túy.",III,1.2. Nhóm 2,DANH MỤC HÓA CHẤT CẦN KIỂM SOÁT ĐẶC BIỆT
13,số tự động Word,Nitroethane,Nitroethane,79-24-3,79-24-3,,C2H5NO2,,,A. CÁC TIỀN CHẤT CÔNG NGHIỆP,"Nhóm 2 (IVC): Các tiền chất là hóa chất, dung môi, chất xúc tác dùng trong quá trình sản xuất chất ma túy.",III,1.2. Nhóm 2,DANH MỤC HÓA CHẤT CẦN KIỂM SOÁT ĐẶC BIỆT
14,số tự động Word,Potassium permanganate,Kali permanganat,7722-64-7,7722-64-7,,KMnO4,,,A. CÁC TIỀN CHẤT CÔNG NGHIỆP,"Nhóm 2 (IVC): Các tiền chất là hóa chất, dung môi, chất xúc tác dùng trong quá trình sản xuất chất ma túy.",III,1.2. Nhóm 2,DANH MỤC HÓA CHẤT CẦN KIỂM SOÁT ĐẶC BIỆT
15,số tự động Word,Sulfuric acid,Axit Sulfuric,7664-93-9,7664-93-9,,H2SO4,,,A. CÁC TIỀN CHẤT CÔNG NGHIỆP,"Nhóm 2 (IVC): Các tiền chất là hóa chất, dung môi, chất xúc tác dùng trong quá trình sản xuất chất ma túy.",III,1.2. Nhóm 2,DANH MỤC HÓA CHẤT CẦN KIỂM SOÁT ĐẶC BIỆT
16,số tự động Word,"2,3 - Dihydroxy butanedioic acid",Tartaric acid và đồng phân,526-83-0 87-69-4 133-37-9,526-83-0; 87-69-4; 133-37-9,,C4H6O6,,,A. CÁC TIỀN CHẤT CÔNG NGHIỆP,"Nhóm 2 (IVC): Các tiền chất là hóa chất, dung môi, chất xúc tác dùng trong quá trình sản xuất chất ma túy.",III,1.2. Nhóm 2,DANH MỤC HÓA CHẤT CẦN KIỂM SOÁT ĐẶC BIỆT
17,số tự động Word,Methyl benzene,Toluene,108-88-3,108-88-3,,C7H8,,,A. CÁC TIỀN CHẤT CÔNG NGHIỆP,"Nhóm 2 (IVC): Các tiền chất là hóa chất, dung môi, chất xúc tác dùng trong quá trình sản xuất chất ma túy.",III,1.2. Nhóm 2,DANH MỤC HÓA CHẤT CẦN KIỂM SOÁT ĐẶC BIỆT
18,số tự động Word,Thionyl chloride,Thionyl chloride,7719-09-7,7719-09-7,,Cl2OS,,,A. CÁC TIỀN CHẤT CÔNG NGHIỆP,"Nhóm 2 (IVC): Các tiền chất là hóa chất, dung môi, chất xúc tác dùng trong quá trình sản xuất chất ma túy.",III,1.2. Nhóm 2,DANH MỤC HÓA CHẤT CẦN KIỂM SOÁT ĐẶC BIỆT
19,số tự động Word,Chloropicrin: Trichloronitromethane,Chloropicrin: Trichloronitromethane,76-06-2,76-06-2,,CCl3NO2,,,"B. HÓA CHẤT THUỘC CÔNG ƯỚC CẤM PHÁT TRIỂN, SẢN XUẤT, TÀNG TRỮ, SỬ DỤNG VÀ PHÁ HỦY VŨ KHÍ HÓA HỌC.",3A. Các hóa chất độc,III,1.2. Nhóm 2,DANH MỤC HÓA CHẤT CẦN KIỂM SOÁT ĐẶC BIỆT
20,số tự động Word,Cyanogen chloride,Cyanogen chloride,506-77-4,506-77-4,,CClN,,,"B. HÓA CHẤT THUỘC CÔNG ƯỚC CẤM PHÁT TRIỂN, SẢN XUẤT, TÀNG TRỮ, SỬ DỤNG VÀ PHÁ HỦY VŨ KHÍ HÓA HỌC.",3A. Các hóa chất độc,III,1.2. Nhóm 2,DANH MỤC HÓA CHẤT CẦN KIỂM SOÁT ĐẶC BIỆT
21,số tự động Word,Hydrogen cyanide,Hydrogen cyanide,74-90-8,74-90-8,,HCN,,,"B. HÓA CHẤT THUỘC CÔNG ƯỚC CẤM PHÁT TRIỂN, SẢN XUẤT, TÀNG TRỮ, SỬ DỤNG VÀ PHÁ HỦY VŨ KHÍ HÓA HỌC.",3A. Các hóa chất độc,III,1.2. Nhóm 2,DANH MỤC HÓA CHẤT CẦN KIỂM SOÁT ĐẶC BIỆT
22,số tự động Word,Phosgene: Carbonyl dichloride,Phosgene: Carbonyl dichloride,75-44-5,75-44-5,,CCl2O,,,"B. HÓA CHẤT THUỘC CÔNG ƯỚC CẤM PHÁT TRIỂN, SẢN XUẤT, TÀNG TRỮ, SỬ DỤNG VÀ PHÁ HỦY VŨ KHÍ HÓA HỌC.",3A. Các hóa chất độc,III,1.2. Nhóm 2,DANH MỤC HÓA CHẤT CẦN KIỂM SOÁT ĐẶC BIỆT
23,số tự động Word,Dimethyl phosphite,Dimethyl phosphite,868-85-9,868-85-9,,C2H7O3P,,,"B. HÓA CHẤT THUỘC CÔNG ƯỚC CẤM PHÁT TRIỂN, SẢN XUẤT, TÀNG TRỮ, SỬ DỤNG VÀ PHÁ HỦY VŨ KHÍ HÓA HỌC.",3B. Các tiền chất,III,1.2. Nhóm 2,DANH MỤC HÓA CHẤT CẦN KIỂM SOÁT ĐẶC BIỆT
24,số tự động Word,Diethyl phosphite,Diethyl phosphite,762-04-9,762-04-9,,C4H11O3P,,,"B. HÓA CHẤT THUỘC CÔNG ƯỚC CẤM PHÁT TRIỂN, SẢN XUẤT, TÀNG TRỮ, SỬ DỤNG VÀ PHÁ HỦY VŨ KHÍ HÓA HỌC.",3B. Các tiền chất,III,1.2. Nhóm 2,DANH MỤC HÓA CHẤT CẦN KIỂM SOÁT ĐẶC BIỆT
25,số tự động Word,Ethyldiethanolamine,Ethyldiethanolamine,139-87-7,139-87-7,,C6H15NO2,,,"B. HÓA CHẤT THUỘC CÔNG ƯỚC CẤM PHÁT TRIỂN, SẢN XUẤT, TÀNG TRỮ, SỬ DỤNG VÀ PHÁ HỦY VŨ KHÍ HÓA HỌC.",3B. Các tiền chất,III,1.2. Nhóm 2,DANH MỤC HÓA CHẤT CẦN KIỂM SOÁT ĐẶC BIỆT
26,số tự động Word,Methyldiethanolamine,Methyldiethanolamine,105-59-9,105-59-9,,C5H13NO2,,,"B. HÓA CHẤT THUỘC CÔNG ƯỚC CẤM PHÁT TRIỂN, SẢN XUẤT, TÀNG TRỮ, SỬ DỤNG VÀ PHÁ HỦY VŨ KHÍ HÓA HỌC.",3B. Các tiền chất,III,1.2. Nhóm 2,DANH MỤC HÓA CHẤT CẦN KIỂM SOÁT ĐẶC BIỆT
27,số tự động Word,Phosphorus oxychloride,Phosphorus oxychloride,10025-87-3,10025-87-3,,Cl3OP,,,"B. HÓA CHẤT THUỘC CÔNG ƯỚC CẤM PHÁT TRIỂN, SẢN XUẤT, TÀNG TRỮ, SỬ DỤNG VÀ PHÁ HỦY VŨ KHÍ HÓA HỌC.",3B. Các tiền chất,III,1.2. Nhóm 2,DANH MỤC HÓA CHẤT CẦN KIỂM SOÁT ĐẶC BIỆT
28,số tự động Word,Phosphorus trichloride,Phosphorus trichloride,7719-12-2,7719-12-2,,Cl3P,,,"B. HÓA CHẤT THUỘC CÔNG ƯỚC CẤM PHÁT TRIỂN, SẢN XUẤT, TÀNG TRỮ, SỬ DỤNG VÀ PHÁ HỦY VŨ KHÍ HÓA HỌC.",3B. Các tiền chất,III,1.2. Nhóm 2,DANH MỤC HÓA CHẤT CẦN KIỂM SOÁT ĐẶC BIỆT
29,số tự động Word,Phosphorus pentachloride,Phosphorus pentachloride,10026-13-8,10026-13-8,,PCl5,,,"B. HÓA CHẤT THUỘC CÔNG ƯỚC CẤM PHÁT TRIỂN, SẢN XUẤT, TÀNG TRỮ, SỬ DỤNG VÀ PHÁ HỦY VŨ KHÍ HÓA HỌC.",3B. Các tiền chất,III,1.2. Nhóm 2,DANH MỤC HÓA CHẤT CẦN KIỂM SOÁT ĐẶC BIỆT
30,số tự động Word,Sulfur monochloride,Sulfur monochloride,10025-67-9,10025-67-9,,Cl2S2,,,"B. HÓA CHẤT THUỘC CÔNG ƯỚC CẤM PHÁT TRIỂN, SẢN XUẤT, TÀNG TRỮ, SỬ DỤNG VÀ PHÁ HỦY VŨ KHÍ HÓA HỌC.",3B. Các tiền chất,III,1.2. Nhóm 2,DANH MỤC HÓA CHẤT CẦN KIỂM SOÁT ĐẶC BIỆT
31,số tự động Word,Sulfur dichloride,Sulfur dichloride,10545-99-0,10545-99-0,,Cl2S,,,"B. HÓA CHẤT THUỘC CÔNG ƯỚC CẤM PHÁT TRIỂN, SẢN XUẤT, TÀNG TRỮ, SỬ DỤNG VÀ PHÁ HỦY VŨ KHÍ HÓA HỌC.",3B. Các tiền chất,III,1.2. Nhóm 2,DANH MỤC HÓA CHẤT CẦN KIỂM SOÁT ĐẶC BIỆT
32,số tự động Word,Trimethyl phosphite,Trimethyl phosphite,121-45-9,121-45-9,,C3H9O3P,,,"B. HÓA CHẤT THUỘC CÔNG ƯỚC CẤM PHÁT TRIỂN, SẢN XUẤT, TÀNG TRỮ, SỬ DỤNG VÀ PHÁ HỦY VŨ KHÍ HÓA HỌC.",3B. Các tiền chất,III,1.2. Nhóm 2,DANH MỤC HÓA CHẤT CẦN KIỂM SOÁT ĐẶC BIỆT
33,số tự động Word,Triethyl phosphite,Triethyl phosphite,122-52-1,122-52-1,,C6H15O3P,,,"B. HÓA CHẤT THUỘC CÔNG ƯỚC CẤM PHÁT TRIỂN, SẢN XUẤT, TÀNG TRỮ, SỬ DỤNG VÀ PHÁ HỦY VŨ KHÍ HÓA HỌC.",3B. Các tiền chất,III,1.2. Nhóm 2,DANH MỤC HÓA CHẤT CẦN KIỂM SOÁT ĐẶC BIỆT
34,số tự động Word,Thionyl chloride,Thionyl chloride,7719-09-7,7719-09-7,,Cl2OS,,,"B. HÓA CHẤT THUỘC CÔNG ƯỚC CẤM PHÁT TRIỂN, SẢN XUẤT, TÀNG TRỮ, SỬ DỤNG VÀ PHÁ HỦY VŨ KHÍ HÓA HỌC.",3B. Các tiền chất,III,1.2. Nhóm 2,DANH MỤC HÓA CHẤT CẦN KIỂM SOÁT ĐẶC BIỆT
35,số tự động Word,Triethanolamine,Triethanol amine,102-71-6,102-71-6,,C6H15NO3,,,"B. HÓA CHẤT THUỘC CÔNG ƯỚC CẤM PHÁT TRIỂN, SẢN XUẤT, TÀNG TRỮ, SỬ DỤNG VÀ PHÁ HỦY VŨ KHÍ HÓA HỌC.",3B. Các tiền chất,III,1.2. Nhóm 2,DANH MỤC HÓA CHẤT CẦN KIỂM SOÁT ĐẶC BIỆT
36,số tự động Word,Aldicarb,Aldicarb,116-06-3,116-06-3,,C7H14N2O2S,,,C. HÓA CHẤT THUỘC CÁC CÔNG ƯỚC QUỐC TẾ VỀ HÓA CHẤT,Hóa chất thuộc Công ước Rotterdam và Công ước Stockholm (*),III,1.2. Nhóm 2,DANH MỤC HÓA CHẤT CẦN KIỂM SOÁT ĐẶC BIỆT
37,số tự động Word,Alachlor,Alachlor,15972-60-8,15972-60-8,,C14H20ClNO2,,,C. HÓA CHẤT THUỘC CÁC CÔNG ƯỚC QUỐC TẾ VỀ HÓA CHẤT,Hóa chất thuộc Công ước Rotterdam và Công ước Stockholm (*),III,1.2. Nhóm 2,DANH MỤC HÓA CHẤT CẦN KIỂM SOÁT ĐẶC BIỆT
38,số tự động Word,Aldrin,Aldrin,309-00-2,309-00-2,,C12H8C16,,,C. HÓA CHẤT THUỘC CÁC CÔNG ƯỚC QUỐC TẾ VỀ HÓA CHẤT,Hóa chất thuộc Công ước Rotterdam và Công ước Stockholm (*),III,1.2. Nhóm 2,DANH MỤC HÓA CHẤT CẦN KIỂM SOÁT ĐẶC BIỆT
39,số tự động Word,"Alkanes, C10-13, chloro (Short Chain Chlorinated Paraffins)","Ankan, C10-13, chloro (Paraffin mạch ngắn được clo hóa)",85535-84-8 68920-70-7 71011-12-6 85536-22-7 85681-73-8 108171-26-2,85535-84-8; 68920-70-7; 71011-12-6; 85536-22-7; 85681-73-8; 108171-26-2,,----,,,C. HÓA CHẤT THUỘC CÁC CÔNG ƯỚC QUỐC TẾ VỀ HÓA CHẤT,Hóa chất thuộc Công ước Rotterdam và Công ước Stockholm (*),III,1.2. Nhóm 2,DANH MỤC HÓA CHẤT CẦN KIỂM SOÁT ĐẶC BIỆT
40,số tự động Word,"Perfluorohexane sulfonic acid (PFHxS), its salts and PFHxS - related compounds","Axit perflo hexan sulfonic (PFHxS), các muối của chúng và các hợp chất liên quan đến PFHxS",355-46-4,355-46-4,,---,,,C. HÓA CHẤT THUỘC CÁC CÔNG ƯỚC QUỐC TẾ VỀ HÓA CHẤT,Hóa chất thuộc Công ước Rotterdam và Công ước Stockholm (*),III,1.2. Nhóm 2,DANH MỤC HÓA CHẤT CẦN KIỂM SOÁT ĐẶC BIỆT
41,số tự động Word,Perfluorooctanoic acid (PFOA) and its salts and PFOA - related compounds,"Axit perflo-octanoic (PFOA), các muối của chúng và các hợp chất liên quan đến PFOA",335-67-1,335-67-1,,---,,,C. HÓA CHẤT THUỘC CÁC CÔNG ƯỚC QUỐC TẾ VỀ HÓA CHẤT,Hóa chất thuộc Công ước Rotterdam và Công ước Stockholm (*),III,1.2. Nhóm 2,DANH MỤC HÓA CHẤT CẦN KIỂM SOÁT ĐẶC BIỆT
42,số tự động Word,"(2,4,5-Trichloro phenoxy) acetic acid (2,4,5-T and its salts and esters)","Axit (2,4,5-triclo phenoxy) axetic",93-76-5,93-76-5,,C8H5Cl3O3,,,C. HÓA CHẤT THUỘC CÁC CÔNG ƯỚC QUỐC TẾ VỀ HÓA CHẤT,Hóa chất thuộc Công ước Rotterdam và Công ước Stockholm (*),III,1.2. Nhóm 2,DANH MỤC HÓA CHẤT CẦN KIỂM SOÁT ĐẶC BIỆT
43,số tự động Word,Azinphos-methyl,Azinphos-metyl,86-50-0,86-50-0,,C10H12N3O3PS2,,,C. HÓA CHẤT THUỘC CÁC CÔNG ƯỚC QUỐC TẾ VỀ HÓA CHẤT,Hóa chất thuộc Công ước Rotterdam và Công ước Stockholm (*),III,1.2. Nhóm 2,DANH MỤC HÓA CHẤT CẦN KIỂM SOÁT ĐẶC BIỆT
44,số tự động Word,Binapacryl,Binapacryl,485-31-4,485-31-4,,C15H18N2O6,,,C. HÓA CHẤT THUỘC CÁC CÔNG ƯỚC QUỐC TẾ VỀ HÓA CHẤT,Hóa chất thuộc Công ước Rotterdam và Công ước Stockholm (*),III,1.2. Nhóm 2,DANH MỤC HÓA CHẤT CẦN KIỂM SOÁT ĐẶC BIỆT
45,số tự động Word,Biphenyl (PCB),Biphenyl (PCB),---,,,---,,,C. HÓA CHẤT THUỘC CÁC CÔNG ƯỚC QUỐC TẾ VỀ HÓA CHẤT,Hóa chất thuộc Công ước Rotterdam và Công ước Stockholm (*),III,1.2. Nhóm 2,DANH MỤC HÓA CHẤT CẦN KIỂM SOÁT ĐẶC BIỆT
46,số tự động Word,Polybrominated biphenyls (PBBs),Biphenyls Brom hóa (PBBs),13654-09-6 27858-07-7 36355-01-8,13654-09-6; 27858-07-7; 36355-01-8,,---,,,C. HÓA CHẤT THUỘC CÁC CÔNG ƯỚC QUỐC TẾ VỀ HÓA CHẤT,Hóa chất thuộc Công ước Rotterdam và Công ước Stockholm (*),III,1.2. Nhóm 2,DANH MỤC HÓA CHẤT CẦN KIỂM SOÁT ĐẶC BIỆT
47,số tự động Word,Polychlorinated biphenyls (PCBs),Biphenyls Clo hóa (PCBs),1336-36-3,1336-36-3,,---,,,C. HÓA CHẤT THUỘC CÁC CÔNG ƯỚC QUỐC TẾ VỀ HÓA CHẤT,Hóa chất thuộc Công ước Rotterdam và Công ước Stockholm (*),III,1.2. Nhóm 2,DANH MỤC HÓA CHẤT CẦN KIỂM SOÁT ĐẶC BIỆT
48,số tự động Word,"Dustable powder formulations containing a combination of benomyl at or above 7%, carbofuran at or above 10% and thiram at or above 15%","Bột dustable chứa một sự kết hợp của benomyl tại hoặc cao hơn 7%, carbofuran tại hoặc cao hơn 10% và thiram tại hoặc cao hơn 15%",1563-66-2 17804-35-2,1563-66-2; 17804-35-2,,---,,,C. HÓA CHẤT THUỘC CÁC CÔNG ƯỚC QUỐC TẾ VỀ HÓA CHẤT,Hóa chất thuộc Công ước Rotterdam và Công ước Stockholm (*),III,1.2. Nhóm 2,DANH MỤC HÓA CHẤT CẦN KIỂM SOÁT ĐẶC BIỆT
49,số tự động Word,Captafol,Captafol,2425-06-1,2425-06-1,,C10H9O2NCl4S,,,C. HÓA CHẤT THUỘC CÁC CÔNG ƯỚC QUỐC TẾ VỀ HÓA CHẤT,Hóa chất thuộc Công ước Rotterdam và Công ước Stockholm (*),III,1.2. Nhóm 2,DANH MỤC HÓA CHẤT CẦN KIỂM SOÁT ĐẶC BIỆT
50,số tự động Word,Chlordane,Chlordan,57-74-9,57-74-9,,C10H6Cl8,,,C. HÓA CHẤT THUỘC CÁC CÔNG ƯỚC QUỐC TẾ VỀ HÓA CHẤT,Hóa chất thuộc Công ước Rotterdam và Công ước Stockholm (*),III,1.2. Nhóm 2,DANH MỤC HÓA CHẤT CẦN KIỂM SOÁT ĐẶC BIỆT
51,số tự động Word,Chlordimeform,Chlordimeform,6164-98-3,6164-98-3,,C10H13ClN2,,,C. HÓA CHẤT THUỘC CÁC CÔNG ƯỚC QUỐC TẾ VỀ HÓA CHẤT,Hóa chất thuộc Công ước Rotterdam và Công ước Stockholm (*),III,1.2. Nhóm 2,DANH MỤC HÓA CHẤT CẦN KIỂM SOÁT ĐẶC BIỆT
52,số tự động Word,Chlorobenzilate,Chlorobenzilat,510-15-6,510-15-6,,C16H14Cl2O3,,,C. HÓA CHẤT THUỘC CÁC CÔNG ƯỚC QUỐC TẾ VỀ HÓA CHẤT,Hóa chất thuộc Công ước Rotterdam và Công ước Stockholm (*),III,1.2. Nhóm 2,DANH MỤC HÓA CHẤT CẦN KIỂM SOÁT ĐẶC BIỆT
53,số tự động Word,Decabromodiphenyl ether (DBDE),Decabromo diphenyl ete (DBDE),1163-19-5,1163-19-5,,C12Br10O,,,C. HÓA CHẤT THUỘC CÁC CÔNG ƯỚC QUỐC TẾ VỀ HÓA CHẤT,Hóa chất thuộc Công ước Rotterdam và Công ước Stockholm (*),III,1.2. Nhóm 2,DANH MỤC HÓA CHẤT CẦN KIỂM SOÁT ĐẶC BIỆT
54,số tự động Word,Dechlorane Plus,Dechlorane Plus,13560-89-9 135821-03-3 135821-74-8,13560-89-9; 135821-03-3; 135821-74-8,,---,,,C. HÓA CHẤT THUỘC CÁC CÔNG ƯỚC QUỐC TẾ VỀ HÓA CHẤT,Hóa chất thuộc Công ước Rotterdam và Công ước Stockholm (*),III,1.2. Nhóm 2,DANH MỤC HÓA CHẤT CẦN KIỂM SOÁT ĐẶC BIỆT
55,số tự động Word,Dieldrin,Dieldrin,60-57-1,60-57-1,,C16H14Cl2O3,,,C. HÓA CHẤT THUỘC CÁC CÔNG ƯỚC QUỐC TẾ VỀ HÓA CHẤT,Hóa chất thuộc Công ước Rotterdam và Công ước Stockholm (*),III,1.2. Nhóm 2,DANH MỤC HÓA CHẤT CẦN KIỂM SOÁT ĐẶC BIỆT
56,số tự động Word,Dinitro-o-cresol,Dinitro-o-cresol,534-52-1,534-52-1,,C7H6N2O5,,,C. HÓA CHẤT THUỘC CÁC CÔNG ƯỚC QUỐC TẾ VỀ HÓA CHẤT,Hóa chất thuộc Công ước Rotterdam và Công ước Stockholm (*),III,1.2. Nhóm 2,DANH MỤC HÓA CHẤT CẦN KIỂM SOÁT ĐẶC BIỆT
57,số tự động Word,"Dinoseb (6-sec-butyl-2,4-dinitro phenol)","Dinoseb (6-sec-butyl-2,4-dinitro phenol)",88-85-7,88-85-7,,C10H12N2O5,,,C. HÓA CHẤT THUỘC CÁC CÔNG ƯỚC QUỐC TẾ VỀ HÓA CHẤT,Hóa chất thuộc Công ước Rotterdam và Công ước Stockholm (*),III,1.2. Nhóm 2,DANH MỤC HÓA CHẤT CẦN KIỂM SOÁT ĐẶC BIỆT
58,số tự động Word,"1,2-dibromo ethane (ethylene dibromide)","1,2-Dibrom etan",106-93-4,106-93-4,,C2H4Br2,,,C. HÓA CHẤT THUỘC CÁC CÔNG ƯỚC QUỐC TẾ VỀ HÓA CHẤT,Hóa chất thuộc Công ước Rotterdam và Công ước Stockholm (*),III,1.2. Nhóm 2,DANH MỤC HÓA CHẤT CẦN KIỂM SOÁT ĐẶC BIỆT
59,số tự động Word,"1,2- dichloroethane (EDC)","1,2-Diclo etan (EDC)",107-06-2,107-06-2,,C2H4Cl2,,,C. HÓA CHẤT THUỘC CÁC CÔNG ƯỚC QUỐC TẾ VỀ HÓA CHẤT,Hóa chất thuộc Công ước Rotterdam và Công ước Stockholm (*),III,1.2. Nhóm 2,DANH MỤC HÓA CHẤT CẦN KIỂM SOÁT ĐẶC BIỆT
60,số tự động Word,Dodecachloropentacyclodecane (mirex),Dodecaclo pentaxyclodecan,2385-85-5,2385-85-5,,C10Cl12,,,C. HÓA CHẤT THUỘC CÁC CÔNG ƯỚC QUỐC TẾ VỀ HÓA CHẤT,Hóa chất thuộc Công ước Rotterdam và Công ước Stockholm (*),III,1.2. Nhóm 2,DANH MỤC HÓA CHẤT CẦN KIỂM SOÁT ĐẶC BIỆT
61,số tự động Word,Endosulfane,Endosulfan,115-29-7,115-29-7,,C25H6O3S,,,C. HÓA CHẤT THUỘC CÁC CÔNG ƯỚC QUỐC TẾ VỀ HÓA CHẤT,Hóa chất thuộc Công ước Rotterdam và Công ước Stockholm (*),III,1.2. Nhóm 2,DANH MỤC HÓA CHẤT CẦN KIỂM SOÁT ĐẶC BIỆT
62,số tự động Word,Endrine,Endrin,72-20-8,72-20-8,,C12H8Cl6O,,,C. HÓA CHẤT THUỘC CÁC CÔNG ƯỚC QUỐC TẾ VỀ HÓA CHẤT,Hóa chất thuộc Công ước Rotterdam và Công ước Stockholm (*),III,1.2. Nhóm 2,DANH MỤC HÓA CHẤT CẦN KIỂM SOÁT ĐẶC BIỆT
63,số tự động Word,Commercial octabromodiphenyl ether (including Hexabromodiphenyl ether and Heptabromodiphenyl ether),Ete octabrom diphenyl thương mại (bao gồm Hexabromodiphenyl ete và heptabromo diphenyl alkan),36483-60-0 68928-80-3,36483-60-0; 68928-80-3,,---,,,C. HÓA CHẤT THUỘC CÁC CÔNG ƯỚC QUỐC TẾ VỀ HÓA CHẤT,Hóa chất thuộc Công ước Rotterdam và Công ước Stockholm (*),III,1.2. Nhóm 2,DANH MỤC HÓA CHẤT CẦN KIỂM SOÁT ĐẶC BIỆT
64,số tự động Word,Ethylene oxide,Etylen oxit,75-21-8,75-21-8,,C2H4O,,,C. HÓA CHẤT THUỘC CÁC CÔNG ƯỚC QUỐC TẾ VỀ HÓA CHẤT,Hóa chất thuộc Công ước Rotterdam và Công ước Stockholm (*),III,1.2. Nhóm 2,DANH MỤC HÓA CHẤT CẦN KIỂM SOÁT ĐẶC BIỆT
65,số tự động Word,Fluoracetamide,Floraxetamit,640-19-7,640-19-7,,C2H4FNO,,,C. HÓA CHẤT THUỘC CÁC CÔNG ƯỚC QUỐC TẾ VỀ HÓA CHẤT,Hóa chất thuộc Công ước Rotterdam và Công ước Stockholm (*),III,1.2. Nhóm 2,DANH MỤC HÓA CHẤT CẦN KIỂM SOÁT ĐẶC BIỆT
66,số tự động Word,Hexachloro cyclohexane,Hexachloxyclohexan,608-73-1,608-73-1,,C6H6Cl6,,,C. HÓA CHẤT THUỘC CÁC CÔNG ƯỚC QUỐC TẾ VỀ HÓA CHẤT,Hóa chất thuộc Công ước Rotterdam và Công ước Stockholm (*),III,1.2. Nhóm 2,DANH MỤC HÓA CHẤT CẦN KIỂM SOÁT ĐẶC BIỆT
67,số tự động Word,Hepta chlorane,Hepta cloran,76-44-8,76-44-8,,C10H5Cl7,,,C. HÓA CHẤT THUỘC CÁC CÔNG ƯỚC QUỐC TẾ VỀ HÓA CHẤT,Hóa chất thuộc Công ước Rotterdam và Công ước Stockholm (*),III,1.2. Nhóm 2,DANH MỤC HÓA CHẤT CẦN KIỂM SOÁT ĐẶC BIỆT
68,số tự động Word,Hexachloro benzene,Hexaclo benzen,118-74-1,118-74-1,,C6Cl6,,,C. HÓA CHẤT THUỘC CÁC CÔNG ƯỚC QUỐC TẾ VỀ HÓA CHẤT,Hóa chất thuộc Công ước Rotterdam và Công ước Stockholm (*),III,1.2. Nhóm 2,DANH MỤC HÓA CHẤT CẦN KIỂM SOÁT ĐẶC BIỆT
69,số tự động Word,Hexabromocyclododecane (HBCD),Hexabrom cyclododecan (HBCD),25637-99-4 3194-55-6 134237-50-6 134237-51-7 134237-52-8,25637-99-4; 3194-55-6; 134237-50-6; 134237-51-7; 134237-52-8,,C12H18Br6,,,C. HÓA CHẤT THUỘC CÁC CÔNG ƯỚC QUỐC TẾ VỀ HÓA CHẤT,Hóa chất thuộc Công ước Rotterdam và Công ước Stockholm (*),III,1.2. Nhóm 2,DANH MỤC HÓA CHẤT CẦN KIỂM SOÁT ĐẶC BIỆT
70,số tự động Word,"Lindane (gamma-1,2,3,4,5,6-Hexachlorocyclohexane)","Lindan (gamma-1,2,3,4,5,6-Hexaclo xyclohexan)",58-89-9,58-89-9,,C6H6Cl6,,,C. HÓA CHẤT THUỘC CÁC CÔNG ƯỚC QUỐC TẾ VỀ HÓA CHẤT,Hóa chất thuộc Công ước Rotterdam và Công ước Stockholm (*),III,1.2. Nhóm 2,DANH MỤC HÓA CHẤT CẦN KIỂM SOÁT ĐẶC BIỆT
71,số tự động Word,Methamidophos,Methamidophos,10265-92-6,10265-92-6,,C2H8NO2SP,,,C. HÓA CHẤT THUỘC CÁC CÔNG ƯỚC QUỐC TẾ VỀ HÓA CHẤT,Hóa chất thuộc Công ước Rotterdam và Công ước Stockholm (*),III,1.2. Nhóm 2,DANH MỤC HÓA CHẤT CẦN KIỂM SOÁT ĐẶC BIỆT
72,số tự động Word,Methyl-parathion,Metyl-parathion,298-00-0,298-00-0,,C8H10NO5PS,,,C. HÓA CHẤT THUỘC CÁC CÔNG ƯỚC QUỐC TẾ VỀ HÓA CHẤT,Hóa chất thuộc Công ước Rotterdam và Công ước Stockholm (*),III,1.2. Nhóm 2,DANH MỤC HÓA CHẤT CẦN KIỂM SOÁT ĐẶC BIỆT
73,số tự động Word,Monocrotophos (Dimethyl (E)-1-methyl-2- (methyl carbamoyl) vinyl phosphate),Monocrotophos,6923-22-4,6923-22-4,,C7H14NO5P,,,C. HÓA CHẤT THUỘC CÁC CÔNG ƯỚC QUỐC TẾ VỀ HÓA CHẤT,Hóa chất thuộc Công ước Rotterdam và Công ước Stockholm (*),III,1.2. Nhóm 2,DANH MỤC HÓA CHẤT CẦN KIỂM SOÁT ĐẶC BIỆT
74,số tự động Word,Polychlorinated naphthalene (PCN),Naphtalen polyclo hóa (PCN),70776-03-3,70776-03-3,,---,,,C. HÓA CHẤT THUỘC CÁC CÔNG ƯỚC QUỐC TẾ VỀ HÓA CHẤT,Hóa chất thuộc Công ước Rotterdam và Công ước Stockholm (*),III,1.2. Nhóm 2,DANH MỤC HÓA CHẤT CẦN KIỂM SOÁT ĐẶC BIỆT
75,số tự động Word,Parathion,Parathion,56-38-2,56-38-2,,C10H14NO5PS,,,C. HÓA CHẤT THUỘC CÁC CÔNG ƯỚC QUỐC TẾ VỀ HÓA CHẤT,Hóa chất thuộc Công ước Rotterdam và Công ước Stockholm (*),III,1.2. Nhóm 2,DANH MỤC HÓA CHẤT CẦN KIỂM SOÁT ĐẶC BIỆT
76,số tự động Word,Pentachlorophenol and its salts and esters,Pentaclophenol và muối và este của nó,87-86-5,87-86-5,,C6HCl5O,,,C. HÓA CHẤT THUỘC CÁC CÔNG ƯỚC QUỐC TẾ VỀ HÓA CHẤT,Hóa chất thuộc Công ước Rotterdam và Công ước Stockholm (*),III,1.2. Nhóm 2,DANH MỤC HÓA CHẤT CẦN KIỂM SOÁT ĐẶC BIỆT
77,số tự động Word,Commercial pentabromodiphenyl ether (including tetrabromo diphenyl ether and pentabromo diphenyl ether),Pentabromdiphenyl ete (bao gồm Tetrabromdiphenyl ete và pentabromdiphenyl ete),32534-81-9 40088-47-9,32534-81-9; 40088-47-9,,---,,,C. HÓA CHẤT THUỘC CÁC CÔNG ƯỚC QUỐC TẾ VỀ HÓA CHẤT,Hóa chất thuộc Công ước Rotterdam và Công ước Stockholm (*),III,1.2. Nhóm 2,DANH MỤC HÓA CHẤT CẦN KIỂM SOÁT ĐẶC BIỆT
78,số tự động Word,"Perfluoro octane sulfonic acid, perfluoro octane sulfonates, perfluoro octane sulfo amides and perfluoro octane sulfonyls","Perflo octan sulfonic axit, perflo octan sulfonat, perflo octan sulfoamit và perflo octan sunfonyl",1691-99-2 1763-23-1 24448-09-7 251099-16-8 2795-39-3 29081-56-9 29457-72-5 307-35-7 31506-32-8 4151-50-2 56773-42-3 70225-14-8,1691-99-2; 1763-23-1; 24448-09-7; 251099-16-8; 2795-39-3; 29081-56-9; 29457-72-5; 307-35-7; 31506-32-8; 4151-50-2; 56773-42-3; 70225-14-8,,---,,,C. HÓA CHẤT THUỘC CÁC CÔNG ƯỚC QUỐC TẾ VỀ HÓA CHẤT,Hóa chất thuộc Công ước Rotterdam và Công ước Stockholm (*),III,1.2. Nhóm 2,DANH MỤC HÓA CHẤT CẦN KIỂM SOÁT ĐẶC BIỆT
79,số tự động Word,Pentachlorobenzene (PeCB),Pentaclo benzen (PeCB),608-93-5,608-93-5,,C₆HCl₅,,,C. HÓA CHẤT THUỘC CÁC CÔNG ƯỚC QUỐC TẾ VỀ HÓA CHẤT,Hóa chất thuộc Công ước Rotterdam và Công ước Stockholm (*),III,1.2. Nhóm 2,DANH MỤC HÓA CHẤT CẦN KIỂM SOÁT ĐẶC BIỆT
80,số tự động Word,Phosphamidon,Phosphamidon,13171-21-6,13171-21-6,,C10H19ClNO5P,,,C. HÓA CHẤT THUỘC CÁC CÔNG ƯỚC QUỐC TẾ VỀ HÓA CHẤT,Hóa chất thuộc Công ước Rotterdam và Công ước Stockholm (*),III,1.2. Nhóm 2,DANH MỤC HÓA CHẤT CẦN KIỂM SOÁT ĐẶC BIỆT
81,số tự động Word,Polychlorinated,Polychlorinated,---,,,---,,,C. HÓA CHẤT THUỘC CÁC CÔNG ƯỚC QUỐC TẾ VỀ HÓA CHẤT,Hóa chất thuộc Công ước Rotterdam và Công ước Stockholm (*),III,1.2. Nhóm 2,DANH MỤC HÓA CHẤT CẦN KIỂM SOÁT ĐẶC BIỆT
82,số tự động Word,Polychlorinated terphenyls (PCTs),Terphenyls clo hóa (PCTs),61788-33-8,61788-33-8,,C18H14-nCln (n=1-14),,,C. HÓA CHẤT THUỘC CÁC CÔNG ƯỚC QUỐC TẾ VỀ HÓA CHẤT,Hóa chất thuộc Công ước Rotterdam và Công ước Stockholm (*),III,1.2. Nhóm 2,DANH MỤC HÓA CHẤT CẦN KIỂM SOÁT ĐẶC BIỆT
83,số tự động Word,Tributyltin compounds,Tributyltin,1461-22-9 1983-10-4 2155-70-6 24124-25-2 4342-36-3 85409-17-2 56-35-9,1461-22-9; 1983-10-4; 2155-70-6; 24124-25-2; 4342-36-3; 85409-17-2; 56-35-9,,---,,,C. HÓA CHẤT THUỘC CÁC CÔNG ƯỚC QUỐC TẾ VỀ HÓA CHẤT,Hóa chất thuộc Công ước Rotterdam và Công ước Stockholm (*),III,1.2. Nhóm 2,DANH MỤC HÓA CHẤT CẦN KIỂM SOÁT ĐẶC BIỆT
84,số tự động Word,"1,1,1-Trichloro-2,2-bis(4-chlorophenyl) ethane","1,1,1-Triclo-2,2-bis (4-clophenyl) etan (D.D.T)",50-29-3,50-29-3,,C14H9Cl5,,,C. HÓA CHẤT THUỘC CÁC CÔNG ƯỚC QUỐC TẾ VỀ HÓA CHẤT,Hóa chất thuộc Công ước Rotterdam và Công ước Stockholm (*),III,1.2. Nhóm 2,DANH MỤC HÓA CHẤT CẦN KIỂM SOÁT ĐẶC BIỆT
85,số tự động Word,"Tris (2,3-dibromo propyl) phosphate","Tris (2,3-dibro propyl) photphat",126-72-7,126-72-7,,C9H15Br6PO4,,,C. HÓA CHẤT THUỘC CÁC CÔNG ƯỚC QUỐC TẾ VỀ HÓA CHẤT,Hóa chất thuộc Công ước Rotterdam và Công ước Stockholm (*),III,1.2. Nhóm 2,DANH MỤC HÓA CHẤT CẦN KIỂM SOÁT ĐẶC BIỆT
86,số tự động Word,Toxaphene (Camphechlor),Toxaphen (Camphechlor),8001-35-2,8001-35-2,,C10H10Cl8,,,C. HÓA CHẤT THUỘC CÁC CÔNG ƯỚC QUỐC TẾ VỀ HÓA CHẤT,Hóa chất thuộc Công ước Rotterdam và Công ước Stockholm (*),III,1.2. Nhóm 2,DANH MỤC HÓA CHẤT CẦN KIỂM SOÁT ĐẶC BIỆT
87,số tự động Word,"2-(2H-Benzotriazol-2-yl)-4,6-di-tert-pentylphenol",UV-328,25973-55-1,25973-55-1,,C22H29N3O,,,C. HÓA CHẤT THUỘC CÁC CÔNG ƯỚC QUỐC TẾ VỀ HÓA CHẤT,Hóa chất thuộc Công ước Rotterdam và Công ước Stockholm (*),III,1.2. Nhóm 2,DANH MỤC HÓA CHẤT CẦN KIỂM SOÁT ĐẶC BIỆT
1,văn bản,Acrolein (2-Propenal),Acrolein,107-02-8,107-02-8,,C3H4O,,5.000,,,IV,1. Bảng A,"DANH MỤC HOÁ CHẤT PHẢI XÂY DỰNG KẾ HOẠCH PHÒNG NGỪA, ỨNG PHÓ SỰ CỐ HOÁ CHẤT"
2,văn bản,Acrylonitrile,Acrylonitril,107-13-1,107-13-1,,C3H3N,,50.000,,,IV,1. Bảng A,"DANH MỤC HOÁ CHẤT PHẢI XÂY DỰNG KẾ HOẠCH PHÒNG NGỪA, ỨNG PHÓ SỰ CỐ HOÁ CHẤT"
3,văn bản,Acryloyl chloride (2- Propenoyl chloride),Acryloyl clorua,814-68-6,814-68-6,,C3H3ClO,,5.000,,,IV,1. Bảng A,"DANH MỤC HOÁ CHẤT PHẢI XÂY DỰNG KẾ HOẠCH PHÒNG NGỪA, ỨNG PHÓ SỰ CỐ HOÁ CHẤT"
4,văn bản,Aldicarb,Aldicarb,116-06-3,116-06-3,,C7H14N2O2S,,5.000,,,IV,1. Bảng A,"DANH MỤC HOÁ CHẤT PHẢI XÂY DỰNG KẾ HOẠCH PHÒNG NGỪA, ỨNG PHÓ SỰ CỐ HOÁ CHẤT"
5,văn bản,Allyl alcohol (2- Propen-1-ol),Rượu alyl (2- Propen-1-ol),107-18-6,107-18-6,,C3H6O,,5.000,,,IV,1. Bảng A,"DANH MỤC HOÁ CHẤT PHẢI XÂY DỰNG KẾ HOẠCH PHÒNG NGỪA, ỨNG PHÓ SỰ CỐ HOÁ CHẤT"
6,văn bản,Allylamine (2- Propen-1-amine),Alylamin (2- Propen-1-amin),107-11-9,107-11-9,,C3H7N,,5.000,,,IV,1. Bảng A,"DANH MỤC HOÁ CHẤT PHẢI XÂY DỰNG KẾ HOẠCH PHÒNG NGỪA, ỨNG PHÓ SỰ CỐ HOÁ CHẤT"
7,văn bản,Ammonia (anhydrous),Amoniac khan,7664-41-7,7664-41-7,,NH3,,50.000,,,IV,1. Bảng A,"DANH MỤC HOÁ CHẤT PHẢI XÂY DỰNG KẾ HOẠCH PHÒNG NGỪA, ỨNG PHÓ SỰ CỐ HOÁ CHẤT"
8,văn bản,Ammonium nitrate,Amoni nitrat,6484-52-2,6484-52-2,,NH4NO3,,,,,IV,1. Bảng A,"DANH MỤC HOÁ CHẤT PHẢI XÂY DỰNG KẾ HOẠCH PHÒNG NGỪA, ỨNG PHÓ SỰ CỐ HOÁ CHẤT"
8,văn bản,Ammonium nitrate,Hỗn hợp chứa Amoni nitrat ở thành phần khối lượng ≤ 70%,6484-52-2,6484-52-2,,NH4NO3,,5.000.000,,,IV,1. Bảng A,"DANH MỤC HOÁ CHẤT PHẢI XÂY DỰNG KẾ HOẠCH PHÒNG NGỪA, ỨNG PHÓ SỰ CỐ HOÁ CHẤT"
8,văn bản,Ammonium nitrate,Hỗn hợp chứa Amoni nitrat ở thành phần khối lượng >70% và ≤ 80%,6484-52-2,6484-52-2,,NH4NO3,,1.250.000,,,IV,1. Bảng A,"DANH MỤC HOÁ CHẤT PHẢI XÂY DỰNG KẾ HOẠCH PHÒNG NGỪA, ỨNG PHÓ SỰ CỐ HOÁ CHẤT"
8,văn bản,Ammonium nitrate,Hỗn hợp chứa Amoni nitrat ở thành phần khối lượng >80% và ≤98%,6484-52-2,6484-52-2,,NH4NO3,,350.000,,,IV,1. Bảng A,"DANH MỤC HOÁ CHẤT PHẢI XÂY DỰNG KẾ HOẠCH PHÒNG NGỪA, ỨNG PHÓ SỰ CỐ HOÁ CHẤT"
8,văn bản,Ammonium nitrate,Amoni nitrat và hỗn hợp chứa Amoni nitrat ở thành phần khối lượng ≥ 98%,6484-52-2,6484-52-2,,NH4NO3,,10.000,,,IV,1. Bảng A,"DANH MỤC HOÁ CHẤT PHẢI XÂY DỰNG KẾ HOẠCH PHÒNG NGỪA, ỨNG PHÓ SỰ CỐ HOÁ CHẤT"
9,văn bản,"Anabasine, (Pyridine,3-(2S)-2- piperidinyl-)","Anabasin (Pyridin,3-(2S)-2- piperidinyl)",494-52-0,494-52-0,,C10H14N2,,50.000,,,IV,1. Bảng A,"DANH MỤC HOÁ CHẤT PHẢI XÂY DỰNG KẾ HOẠCH PHÒNG NGỪA, ỨNG PHÓ SỰ CỐ HOÁ CHẤT"
10,văn bản,Arsen trihydride (arsine),Asen hydrua,7784-42-1,7784-42-1,,AsH3,,200,,,IV,1. Bảng A,"DANH MỤC HOÁ CHẤT PHẢI XÂY DỰNG KẾ HOẠCH PHÒNG NGỪA, ỨNG PHÓ SỰ CỐ HOÁ CHẤT"
11,văn bản,Arsenic (V) acid and/or salts,Axit asenic và hoặc các muối asenat,---,,,H3AsO4,,1.000,,,IV,1. Bảng A,"DANH MỤC HOÁ CHẤT PHẢI XÂY DỰNG KẾ HOẠCH PHÒNG NGỪA, ỨNG PHÓ SỰ CỐ HOÁ CHẤT"
12,văn bản,Arsenic pentoxide,Asen pentoxit,1303-28-2,1303-28-2,,As2O5,,1.000,,,IV,1. Bảng A,"DANH MỤC HOÁ CHẤT PHẢI XÂY DỰNG KẾ HOẠCH PHÒNG NGỪA, ỨNG PHÓ SỰ CỐ HOÁ CHẤT"
13,văn bản,Arsenic trioxide,Asen trioxit,1327-53-3,1327-53-3,,As2O3,,100,,,IV,1. Bảng A,"DANH MỤC HOÁ CHẤT PHẢI XÂY DỰNG KẾ HOẠCH PHÒNG NGỪA, ỨNG PHÓ SỰ CỐ HOÁ CHẤT"
14,văn bản,Arsenous tricloride,Asen triclorua,7784-34-1,7784-34-1,,AsCl3,,50.000,,,IV,1. Bảng A,"DANH MỤC HOÁ CHẤT PHẢI XÂY DỰNG KẾ HOẠCH PHÒNG NGỪA, ỨNG PHÓ SỰ CỐ HOÁ CHẤT"
15,văn bản,Arsenious (III) acid and/or salts,Axit asenơ và các muối asenit,---,,,HAsO2,,100,,,IV,1. Bảng A,"DANH MỤC HOÁ CHẤT PHẢI XÂY DỰNG KẾ HOẠCH PHÒNG NGỪA, ỨNG PHÓ SỰ CỐ HOÁ CHẤT"
16,văn bản,Acetaldehyde,Axetaldehit,75-07-0,75-07-0,,C2H4O,,5.000,,,IV,1. Bảng A,"DANH MỤC HOÁ CHẤT PHẢI XÂY DỰNG KẾ HOẠCH PHÒNG NGỪA, ỨNG PHÓ SỰ CỐ HOÁ CHẤT"
17,văn bản,Acetylene,Axetylen,74-86-2,74-86-2,,C2H2,,5.000,,,IV,1. Bảng A,"DANH MỤC HOÁ CHẤT PHẢI XÂY DỰNG KẾ HOẠCH PHÒNG NGỪA, ỨNG PHÓ SỰ CỐ HOÁ CHẤT"
18,văn bản,Azinphos-ethyl,Azinphos-etyl,2642-71-9,2642-71-9,,C12H16N3O3PS2,,5.000,,,IV,1. Bảng A,"DANH MỤC HOÁ CHẤT PHẢI XÂY DỰNG KẾ HOẠCH PHÒNG NGỪA, ỨNG PHÓ SỰ CỐ HOÁ CHẤT"
19,văn bản,Azinphos-methyl,Azinphos-metyl,86-50-0,86-50-0,,C10H12N3O3PS2,,50.000,,,IV,1. Bảng A,"DANH MỤC HOÁ CHẤT PHẢI XÂY DỰNG KẾ HOẠCH PHÒNG NGỪA, ỨNG PHÓ SỰ CỐ HOÁ CHẤT"
20,văn bản,Barium azide,Bari azit,18810-58-7,18810-58-7,,Ba(N3)2,,10.000,,,IV,1. Bảng A,"DANH MỤC HOÁ CHẤT PHẢI XÂY DỰNG KẾ HOẠCH PHÒNG NGỪA, ỨNG PHÓ SỰ CỐ HOÁ CHẤT"
21,văn bản,"Beryllium (powders, compounds)",Beryli (dạng bột và các hợp chất),7440-41-7,7440-41-7,,Be,,100,,,IV,1. Bảng A,"DANH MỤC HOÁ CHẤT PHẢI XÂY DỰNG KẾ HOẠCH PHÒNG NGỪA, ỨNG PHÓ SỰ CỐ HOÁ CHẤT"
22,văn bản,"Bis (2,4,6- trinitrophenyl) amine","Bis (2,4,6-trinitrophenyl) amin",131-73-7,131-73-7,,C12H5N7O12,,10.000,,,IV,1. Bảng A,"DANH MỤC HOÁ CHẤT PHẢI XÂY DỰNG KẾ HOẠCH PHÒNG NGỪA, ỨNG PHÓ SỰ CỐ HOÁ CHẤT"
23,văn bản,Bis (2-chloroethyl) sulphide,Bis (2-clo etyl) sunfua,505-60-2,505-60-2,,C4H8Cl2S,,5.000,,,IV,1. Bảng A,"DANH MỤC HOÁ CHẤT PHẢI XÂY DỰNG KẾ HOẠCH PHÒNG NGỪA, ỨNG PHÓ SỰ CỐ HOÁ CHẤT"
24,văn bản,Bis (2- dimethyl aminoethyl) (methyl)amin,Bis (2- dimetylaminoetyl) (metyl)amin,3030-47-5,3030-47-5,,C9H23N3,,50.000,,,IV,1. Bảng A,"DANH MỤC HOÁ CHẤT PHẢI XÂY DỰNG KẾ HOẠCH PHÒNG NGỪA, ỨNG PHÓ SỰ CỐ HOÁ CHẤT"
25,văn bản,Bis (chloromethyl) ether,Bis (clo metyl) ete,542-88-1,542-88-1,,C2H4Cl2O,,50.000,,,IV,1. Bảng A,"DANH MỤC HOÁ CHẤT PHẢI XÂY DỰNG KẾ HOẠCH PHÒNG NGỪA, ỨNG PHÓ SỰ CỐ HOÁ CHẤT"
26,văn bản,"2,2- Bis(tert-butylperoxy) butane (>70%)","2,2-Bis(tert-butylperoxy) butan (>70%)",2167-23-9,2167-23-9,,C12H26O4,,10.000,,,IV,1. Bảng A,"DANH MỤC HOÁ CHẤT PHẢI XÂY DỰNG KẾ HOẠCH PHÒNG NGỪA, ỨNG PHÓ SỰ CỐ HOÁ CHẤT"
27,văn bản,"1,1- Bis(tert-butylperoxy) xyclohexan (>80%)","1,1-Bis(tert-butylperoxy) xyclohexan (>80%)",3006-86-8,3006-86-8,,C14H28O4,,10.000,,,IV,1. Bảng A,"DANH MỤC HOÁ CHẤT PHẢI XÂY DỰNG KẾ HOẠCH PHÒNG NGỪA, ỨNG PHÓ SỰ CỐ HOÁ CHẤT"
28,văn bản,"Boron trichloride (Borane, trichloro-)",Boron triclorua,10294-34-5,10294-34-5,,BCl3,,5.000,,,IV,1. Bảng A,"DANH MỤC HOÁ CHẤT PHẢI XÂY DỰNG KẾ HOẠCH PHÒNG NGỪA, ỨNG PHÓ SỰ CỐ HOÁ CHẤT"
29,văn bản,"Boron trifluoride (Borane, trifluoro-)",Boron triflorua,20654-88-0 7637-07-2,20654-88-0; 7637-07-2,,BF3,,5.000,,,IV,1. Bảng A,"DANH MỤC HOÁ CHẤT PHẢI XÂY DỰNG KẾ HOẠCH PHÒNG NGỪA, ỨNG PHÓ SỰ CỐ HOÁ CHẤT"
30,văn bản,"Boron trifluoride compound with methyl ether (1:1) (Boron, trifluoro (oxybis (metane)-, T-4-",Hỗn hợp boron triflorua và metyl ete (1:1),353-42-4,353-42-4,,C2H6BF3O,,5.000,,,IV,1. Bảng A,"DANH MỤC HOÁ CHẤT PHẢI XÂY DỰNG KẾ HOẠCH PHÒNG NGỪA, ỨNG PHÓ SỰ CỐ HOÁ CHẤT"
31,văn bản,Bromine,Brom,7726-95-6,7726-95-6,,Br2,,20.000,,,IV,1. Bảng A,"DANH MỤC HOÁ CHẤT PHẢI XÂY DỰNG KẾ HOẠCH PHÒNG NGỪA, ỨNG PHÓ SỰ CỐ HOÁ CHẤT"
32,văn bản,1-Bromo-3- chloropropane,1-Brom-3- cloropropan,109-70-6,109-70-6,,C3H6BrCl,,500,,,IV,1. Bảng A,"DANH MỤC HOÁ CHẤT PHẢI XÂY DỰNG KẾ HOẠCH PHÒNG NGỪA, ỨNG PHÓ SỰ CỐ HOÁ CHẤT"
33,văn bản,Bromomethane (methyl bromide),Metyl bromua,74-83-9,74-83-9,,CH3Br,,5.000,,,IV,1. Bảng A,"DANH MỤC HOÁ CHẤT PHẢI XÂY DỰNG KẾ HOẠCH PHÒNG NGỪA, ỨNG PHÓ SỰ CỐ HOÁ CHẤT"
34,văn bản,"Bromotrifluorethylene (Ethene, bromotrifluor o-)",Brom triflo etylen,598-73-2,598-73-2,,C2BrF3,,10.000,,,IV,1. Bảng A,"DANH MỤC HOÁ CHẤT PHẢI XÂY DỰNG KẾ HOẠCH PHÒNG NGỪA, ỨNG PHÓ SỰ CỐ HOÁ CHẤT"
35,văn bản,"1,3-Butadiene","1,3-Butadien",106-99-0,106-99-0,,C4H6,,10.000,,,IV,1. Bảng A,"DANH MỤC HOÁ CHẤT PHẢI XÂY DỰNG KẾ HOẠCH PHÒNG NGỪA, ỨNG PHÓ SỰ CỐ HOÁ CHẤT"
36,văn bản,Butane,Butan,106-97-8,106-97-8,,C4H10,,10.000,,,IV,1. Bảng A,"DANH MỤC HOÁ CHẤT PHẢI XÂY DỰNG KẾ HOẠCH PHÒNG NGỪA, ỨNG PHÓ SỰ CỐ HOÁ CHẤT"
37,văn bản,1-Butene,1-Buten,106-98-9,106-98-9,,C4H8,,10.000,,,IV,1. Bảng A,"DANH MỤC HOÁ CHẤT PHẢI XÂY DỰNG KẾ HOẠCH PHÒNG NGỪA, ỨNG PHÓ SỰ CỐ HOÁ CHẤT"
38,văn bản,2-Butene,2-Buten,107-01-7 590-18-1 624-64-6,107-01-7; 590-18-1; 624-64-6,,C4H8,,10.000,,,IV,1. Bảng A,"DANH MỤC HOÁ CHẤT PHẢI XÂY DỰNG KẾ HOẠCH PHÒNG NGỪA, ỨNG PHÓ SỰ CỐ HOÁ CHẤT"
39,văn bản,Butene,Buten,25167-67-3,25167-67-3,,C4H8,,10.000,,,IV,1. Bảng A,"DANH MỤC HOÁ CHẤT PHẢI XÂY DỰNG KẾ HOẠCH PHÒNG NGỪA, ỨNG PHÓ SỰ CỐ HOÁ CHẤT"
40,văn bản,Tert-butyl acrylate,Tert-butyl acrylat,1663-39-4,1663-39-4,,C7H12O2,,200.000,,,IV,1. Bảng A,"DANH MỤC HOÁ CHẤT PHẢI XÂY DỰNG KẾ HOẠCH PHÒNG NGỪA, ỨNG PHÓ SỰ CỐ HOÁ CHẤT"
41,văn bản,Tert-butyl peroxy isobutyrate (>80%),Tert-butyl peroxy isobutyrat (>80%),109-13-7,109-13-7,,C8H16O3,,5.000,,,IV,1. Bảng A,"DANH MỤC HOÁ CHẤT PHẢI XÂY DỰNG KẾ HOẠCH PHÒNG NGỪA, ỨNG PHÓ SỰ CỐ HOÁ CHẤT"
42,văn bản,Tert-butyl peroxyacetate (>70%),Tert-butyl peroxyaxetat (>70%),107-71-1,107-71-1,,C6H12O3,,10.000,,,IV,1. Bảng A,"DANH MỤC HOÁ CHẤT PHẢI XÂY DỰNG KẾ HOẠCH PHÒNG NGỪA, ỨNG PHÓ SỰ CỐ HOÁ CHẤT"
43,văn bản,Tert-butylperoxy isopropylcarbonate (>80%),Tert-butylperoxy isopropyl cacbonat (>80%),2372-21-6,2372-21-6,,C8H16O4,,10.000,,,IV,1. Bảng A,"DANH MỤC HOÁ CHẤT PHẢI XÂY DỰNG KẾ HOẠCH PHÒNG NGỪA, ỨNG PHÓ SỰ CỐ HOÁ CHẤT"
44,văn bản,Carbofuran,Cacbofuran,1563-66-2,1563-66-2,,C12H15NO3,,5.000,,,IV,1. Bảng A,"DANH MỤC HOÁ CHẤT PHẢI XÂY DỰNG KẾ HOẠCH PHÒNG NGỪA, ỨNG PHÓ SỰ CỐ HOÁ CHẤT"
45,văn bản,Carbon disulfide,Cacbon disunfua,75-15-0,75-15-0,,CS2,,10.000,,,IV,1. Bảng A,"DANH MỤC HOÁ CHẤT PHẢI XÂY DỰNG KẾ HOẠCH PHÒNG NGỪA, ỨNG PHÓ SỰ CỐ HOÁ CHẤT"
46,văn bản,Carbon oxysulfide (Carbon oxide sulfide (COS)),Cacbon oxysunfua,463-58-1,463-58-1,,COS,,10.000,,,IV,1. Bảng A,"DANH MỤC HOÁ CHẤT PHẢI XÂY DỰNG KẾ HOẠCH PHÒNG NGỪA, ỨNG PHÓ SỰ CỐ HOÁ CHẤT"
47,văn bản,Carbon phenothion,Cacbon phenothion,786-19-6,786-19-6,,C11H16ClO2PS3,,5.000,,,IV,1. Bảng A,"DANH MỤC HOÁ CHẤT PHẢI XÂY DỰNG KẾ HOẠCH PHÒNG NGỪA, ỨNG PHÓ SỰ CỐ HOÁ CHẤT"
48,văn bản,Carbonyl dichloride (phosgene),Cacbonyl clorua (phosgen),75-44-5,75-44-5,,CCl2O,,300,,,IV,1. Bảng A,"DANH MỤC HOÁ CHẤT PHẢI XÂY DỰNG KẾ HOẠCH PHÒNG NGỪA, ỨNG PHÓ SỰ CỐ HOÁ CHẤT"
49,văn bản,"Lead 2,4,6-trinitroresorcinoxide lead styphnate)","Chì 2,4,6-trinitroresorcinoxit",63918-97-8,63918-97-8,,C6HN3O8Pb,,50.000,,,IV,1. Bảng A,"DANH MỤC HOÁ CHẤT PHẢI XÂY DỰNG KẾ HOẠCH PHÒNG NGỪA, ỨNG PHÓ SỰ CỐ HOÁ CHẤT"
50,văn bản,Lead alkyls,Các ankyl chì,--,,,--,,5.000,,,IV,1. Bảng A,"DANH MỤC HOÁ CHẤT PHẢI XÂY DỰNG KẾ HOẠCH PHÒNG NGỪA, ỨNG PHÓ SỰ CỐ HOÁ CHẤT"
51,văn bản,Lead azide,Chì azit,13424-46-9,13424-46-9,,PbN6,,10.000,,,IV,1. Bảng A,"DANH MỤC HOÁ CHẤT PHẢI XÂY DỰNG KẾ HOẠCH PHÒNG NGỪA, ỨNG PHÓ SỰ CỐ HOÁ CHẤT"
52,văn bản,"1-Chlopropylene (1-Propene, 1-chloro-)",1-Clo propylene,590-21-6,590-21-6,,C3H5C1,,10.000,,,IV,1. Bảng A,"DANH MỤC HOÁ CHẤT PHẢI XÂY DỰNG KẾ HOẠCH PHÒNG NGỪA, ỨNG PHÓ SỰ CỐ HOÁ CHẤT"
53,văn bản,Chlorfenvinphos,Clo fenvinphos,470-90-6,470-90-6,,C12H14Cl3O4P,,5.000,,,IV,1. Bảng A,"DANH MỤC HOÁ CHẤT PHẢI XÂY DỰNG KẾ HOẠCH PHÒNG NGỪA, ỨNG PHÓ SỰ CỐ HOÁ CHẤT"
54,văn bản,Chlorine,Clo,7782-50-5,7782-50-5,,Cl2,,10.000,,,IV,1. Bảng A,"DANH MỤC HOÁ CHẤT PHẢI XÂY DỰNG KẾ HOẠCH PHÒNG NGỪA, ỨNG PHÓ SỰ CỐ HOÁ CHẤT"
55,văn bản,Chlorine dioxide (Chlorine oxide (ClO2)),Clo dioxit,10049-04-4,10049-04-4,,ClO2,,5.000,,,IV,1. Bảng A,"DANH MỤC HOÁ CHẤT PHẢI XÂY DỰNG KẾ HOẠCH PHÒNG NGỪA, ỨNG PHÓ SỰ CỐ HOÁ CHẤT"
56,văn bản,"Chloroform (methane, trichloro-)",Cloroform,67-66-3,67-66-3,,CHCl3,,5.000,,,IV,1. Bảng A,"DANH MỤC HOÁ CHẤT PHẢI XÂY DỰNG KẾ HOẠCH PHÒNG NGỪA, ỨNG PHÓ SỰ CỐ HOÁ CHẤT"
57,văn bản,Chloromethyl methyl ether,Clormetyl metyl ete,107-30-2,107-30-2,,C2H5ClO,,5.000,,,IV,1. Bảng A,"DANH MỤC HOÁ CHẤT PHẢI XÂY DỰNG KẾ HOẠCH PHÒNG NGỪA, ỨNG PHÓ SỰ CỐ HOÁ CHẤT"
58,văn bản,2-chloropropane,Isopropyl clorua,75-29-6,75-29-6,,C3H7Cl,,10.000,,,IV,1. Bảng A,"DANH MỤC HOÁ CHẤT PHẢI XÂY DỰNG KẾ HOẠCH PHÒNG NGỪA, ỨNG PHÓ SỰ CỐ HOÁ CHẤT"
59,văn bản,"2-Chloropropylene (1-Propene, 2-chloro-)",2-Clo propylene,557-98-2,557-98-2,,C3H5Cl,,10.000,,,IV,1. Bảng A,"DANH MỤC HOÁ CHẤT PHẢI XÂY DỰNG KẾ HOẠCH PHÒNG NGỪA, ỨNG PHÓ SỰ CỐ HOÁ CHẤT"
60,văn bản,Chlorotrinitro benzene,Clo trinitro benzen,88-88-0,88-88-0,,C6H2ClN3O6,,5.000,,,IV,1. Bảng A,"DANH MỤC HOÁ CHẤT PHẢI XÂY DỰNG KẾ HOẠCH PHÒNG NGỪA, ỨNG PHÓ SỰ CỐ HOÁ CHẤT"
61,văn bản,"Cobalt metal, oxides, carbonates, sulphides, as powders","Coban kim loại và các hợp chất oxit, carbonnat, sulfua dạng bột",---,,,---,,5.000,,,IV,1. Bảng A,"DANH MỤC HOÁ CHẤT PHẢI XÂY DỰNG KẾ HOẠCH PHÒNG NGỪA, ỨNG PHÓ SỰ CỐ HOÁ CHẤT"
62,văn bản,Crimidine,Crimidin,535-89-7,535-89-7,,C7H10ClN3,,5.000,,,IV,1. Bảng A,"DANH MỤC HOÁ CHẤT PHẢI XÂY DỰNG KẾ HOẠCH PHÒNG NGỪA, ỨNG PHÓ SỰ CỐ HOÁ CHẤT"
63,văn bản,Crotonaldehyde (2-Butenal),2-Butenal,4170-30-3 123-73-9 15798-64-8,4170-30-3; 123-73-9; 15798-64-8,,C4H6O,,5.000,,,IV,1. Bảng A,"DANH MỤC HOÁ CHẤT PHẢI XÂY DỰNG KẾ HOẠCH PHÒNG NGỪA, ỨNG PHÓ SỰ CỐ HOÁ CHẤT"
64,văn bản,Demeton,Demeton,8065-48-3,8065-48-3,,C16H38O6P2S4,,5.000,,,IV,1. Bảng A,"DANH MỤC HOÁ CHẤT PHẢI XÂY DỰNG KẾ HOẠCH PHÒNG NGỪA, ỨNG PHÓ SỰ CỐ HOÁ CHẤT"
65,văn bản,Dialifos,Dialifos,10311-84-9,10311-84-9,,C14H17CINO4PS2,,50.000,,,IV,1. Bảng A,"DANH MỤC HOÁ CHẤT PHẢI XÂY DỰNG KẾ HOẠCH PHÒNG NGỪA, ỨNG PHÓ SỰ CỐ HOÁ CHẤT"
66,văn bản,Diazodinitropheno1,Diazo dinitro phenol,87-31-0,87-31-0,,C6H2N4O5,,10.000,,,IV,1. Bảng A,"DANH MỤC HOÁ CHẤT PHẢI XÂY DỰNG KẾ HOẠCH PHÒNG NGỪA, ỨNG PHÓ SỰ CỐ HOÁ CHẤT"
67,văn bản,Dibenzyl peroxy dicarbonate (>90%),Dibenzyl peroxy dicacbonat (>90%),2144-45-8,2144-45-8,,C16H14O6,,10.000,,,IV,1. Bảng A,"DANH MỤC HOÁ CHẤT PHẢI XÂY DỰNG KẾ HOẠCH PHÒNG NGỪA, ỨNG PHÓ SỰ CỐ HOÁ CHẤT"
68,văn bản,Diborane,Diboran,19287-45-7,19287-45-7,,B2H6,,5.000,,,IV,1. Bảng A,"DANH MỤC HOÁ CHẤT PHẢI XÂY DỰNG KẾ HOẠCH PHÒNG NGỪA, ỨNG PHÓ SỰ CỐ HOÁ CHẤT"
69,văn bản,"1,2-Dibromoethane (ethylene dibromide)","1,2-Dibrom etan",106-93-4,106-93-4,,C2H4Br2,,50.000,,,IV,1. Bảng A,"DANH MỤC HOÁ CHẤT PHẢI XÂY DỰNG KẾ HOẠCH PHÒNG NGỪA, ỨNG PHÓ SỰ CỐ HOÁ CHẤT"
70,văn bản,"Dichlorosilane (silane, dichloro-)",Diclo silan,4109-96-0,4109-96-0,,Cl2H2Si,,5.000,,,IV,1. Bảng A,"DANH MỤC HOÁ CHẤT PHẢI XÂY DỰNG KẾ HOẠCH PHÒNG NGỪA, ỨNG PHÓ SỰ CỐ HOÁ CHẤT"
71,văn bản,oo-Diethyl s- ethylsulphinylmethyl phosphorothioate,oo-Dietyl s- etylsunphinylmetyl photphothioat,2588-05-8,2588-05-8,,C7H17O4PS2,,5.000,,,IV,1. Bảng A,"DANH MỤC HOÁ CHẤT PHẢI XÂY DỰNG KẾ HOẠCH PHÒNG NGỪA, ỨNG PHÓ SỰ CỐ HOÁ CHẤT"
72,văn bản,oo-Diethyl s-ethyl sulphonylmethyl phosphorothioate,oo-Dietyl s-etyl sunphonylmetyl photphothioat,2588-06-9,2588-06-9,,C7H17O5PS2,,5.000,,,IV,1. Bảng A,"DANH MỤC HOÁ CHẤT PHẢI XÂY DỰNG KẾ HOẠCH PHÒNG NGỪA, ỨNG PHÓ SỰ CỐ HOÁ CHẤT"
73,văn bản,oo-Diethyl s-ethyl thiomethyl phosphorothioate,oo-Dietyl s-etyl thiometyl photphothioat,2600-69-3,2600-69-3,,C7H17O3PS2,,5.000,,,IV,1. Bảng A,"DANH MỤC HOÁ CHẤT PHẢI XÂY DỰNG KẾ HOẠCH PHÒNG NGỪA, ỨNG PHÓ SỰ CỐ HOÁ CHẤT"
74,văn bản,oo-Diethyl s-iso propylthiomethyl phosphorodithioate,oo-Dietyl s-iso propylthiometyl photphodithioat,78-52-4,78-52-4,,C8H19O2PS3,,5.000,,,IV,1. Bảng A,"DANH MỤC HOÁ CHẤT PHẢI XÂY DỰNG KẾ HOẠCH PHÒNG NGỪA, ỨNG PHÓ SỰ CỐ HOÁ CHẤT"
75,văn bản,oo-Diethyl s-propyl thiomethyl phosphorodithioate,oo-Dietyl s-propyl thiometyl photphodithioat,3309-68-0,3309-68-0,,C8H19O2PS3,,5.000,,,IV,1. Bảng A,"DANH MỤC HOÁ CHẤT PHẢI XÂY DỰNG KẾ HOẠCH PHÒNG NGỪA, ỨNG PHÓ SỰ CỐ HOÁ CHẤT"
76,văn bản,Diethylene glycol dinitrate,Dietylen glycol dinitrat,693-21-0,693-21-0,,C4H8N2O7,,10.000,,,IV,1. Bảng A,"DANH MỤC HOÁ CHẤT PHẢI XÂY DỰNG KẾ HOẠCH PHÒNG NGỪA, ỨNG PHÓ SỰ CỐ HOÁ CHẤT"
77,văn bản,Dietyl peroxy dicarbonate (>30%),Dietyl peroxy dicarbonat (> 30%),14666-78-5,14666-78-5,,C6H10O6,,10.000,,,IV,1. Bảng A,"DANH MỤC HOÁ CHẤT PHẢI XÂY DỰNG KẾ HOẠCH PHÒNG NGỪA, ỨNG PHÓ SỰ CỐ HOÁ CHẤT"
78,văn bản,"Difluoroethane (Ethane, 1,1 -difluoro-)","1,1 Diflo etan",75-37-6,75-37-6,,C2H4F2,,10.000,,,IV,1. Bảng A,"DANH MỤC HOÁ CHẤT PHẢI XÂY DỰNG KẾ HOẠCH PHÒNG NGỪA, ỨNG PHÓ SỰ CỐ HOÁ CHẤT"
79,văn bản,"2,2 Dihydro peroxypropane (>30%)","2,2-Dihydro peroxypropan (>30%)",2614-76-8,2614-76-8,,C3H8O4,,10.000,,,IV,1. Bảng A,"DANH MỤC HOÁ CHẤT PHẢI XÂY DỰNG KẾ HOẠCH PHÒNG NGỪA, ỨNG PHÓ SỰ CỐ HOÁ CHẤT"
80,văn bản,Di-isobutyryl peroxide (> 50%),Di-isobutyryl peroxit (> 50%),3437-84-1,3437-84-1,,C8H14O4,,10.000,,,IV,1. Bảng A,"DANH MỤC HOÁ CHẤT PHẢI XÂY DỰNG KẾ HOẠCH PHÒNG NGỪA, ỨNG PHÓ SỰ CỐ HOÁ CHẤT"
81,văn bản,Dimefox,Dimefox,115-26-4,115-26-4,,C4H12FN2OP,,5.000,,,IV,1. Bảng A,"DANH MỤC HOÁ CHẤT PHẢI XÂY DỰNG KẾ HOẠCH PHÒNG NGỪA, ỨNG PHÓ SỰ CỐ HOÁ CHẤT"
82,văn bản,"Dimethylamine (Methanamine, N-methyl-)",Dimetyl amin,124-40-3,124-40-3,,C2H7N,,5.000,,,IV,1. Bảng A,"DANH MỤC HOÁ CHẤT PHẢI XÂY DỰNG KẾ HOẠCH PHÒNG NGỪA, ỨNG PHÓ SỰ CỐ HOÁ CHẤT"
83,văn bản,Dimethylcarbamoyl chloride,Dimetylcacbamoyl clorua,79-44-7,79-44-7,,C3H6CINO,,50.000,,,IV,1. Bảng A,"DANH MỤC HOÁ CHẤT PHẢI XÂY DỰNG KẾ HOẠCH PHÒNG NGỪA, ỨNG PHÓ SỰ CỐ HOÁ CHẤT"
84,văn bản,"Dimethyldichlorosilane (silane, dichlorodimethyl-)",Dimetyldiclo silan,75-78-5,75-78-5,,C2H6Cl2Si,,5.000,,,IV,1. Bảng A,"DANH MỤC HOÁ CHẤT PHẢI XÂY DỰNG KẾ HOẠCH PHÒNG NGỪA, ỨNG PHÓ SỰ CỐ HOÁ CHẤT"
85,văn bản,"Methyl ether (Methane, oxybis-)",Dimetyl ete,115-10-6,115-10-6,,C2H6O,,10.000,,,IV,1. Bảng A,"DANH MỤC HOÁ CHẤT PHẢI XÂY DỰNG KẾ HOẠCH PHÒNG NGỪA, ỨNG PHÓ SỰ CỐ HOÁ CHẤT"
86,văn bản,Dimethylnitrosamine,Dimetyl nitrosamin,62-75-9,62-75-9,,C2H6N2O,,5.000,,,IV,1. Bảng A,"DANH MỤC HOÁ CHẤT PHẢI XÂY DỰNG KẾ HOẠCH PHÒNG NGỪA, ỨNG PHÓ SỰ CỐ HOÁ CHẤT"
87,văn bản,"2,2-Dimethylpropane (Propane, 2,2-dimethyl-)","2,2-Dimetyl propan",463-82-1,463-82-1,,C5H12,,10.000,,,IV,1. Bảng A,"DANH MỤC HOÁ CHẤT PHẢI XÂY DỰNG KẾ HOẠCH PHÒNG NGỪA, ỨNG PHÓ SỰ CỐ HOÁ CHẤT"
88,văn bản,Dimetylphosphoramid ocyanidic acid,Axit dimetyl photphoramido xyanidic,63917-41-9,63917-41-9,,C3H7N2P,,1.000,,,IV,1. Bảng A,"DANH MỤC HOÁ CHẤT PHẢI XÂY DỰNG KẾ HOẠCH PHÒNG NGỪA, ỨNG PHÓ SỰ CỐ HOÁ CHẤT"
89,văn bản,Di-n-propylperoxy dicarbonate (> 80%),Di-n-propylperoxy dicacbonat (> 80%),16066-38-9,16066-38-9,,C8H14O6,,10.000,,,IV,1. Bảng A,"DANH MỤC HOÁ CHẤT PHẢI XÂY DỰNG KẾ HOẠCH PHÒNG NGỪA, ỨNG PHÓ SỰ CỐ HOÁ CHẤT"
90,văn bản,Diphacinone,Diphacinon,82-66-6,82-66-6,,C23H16O3,,5.000,,,IV,1. Bảng A,"DANH MỤC HOÁ CHẤT PHẢI XÂY DỰNG KẾ HOẠCH PHÒNG NGỪA, ỨNG PHÓ SỰ CỐ HOÁ CHẤT"
91,văn bản,Di-sec-butyl peroxydicarbonate (> 80%),Di-sec-butyl peroxydicacbonat (> 80%),19910-65-7,19910-65-7,,C10H18O6,,10.000,,,IV,1. Bảng A,"DANH MỤC HOÁ CHẤT PHẢI XÂY DỰNG KẾ HOẠCH PHÒNG NGỪA, ỨNG PHÓ SỰ CỐ HOÁ CHẤT"
92,văn bản,Disulfoton,Disulfoton,298-04-4,298-04-4,,C8H19O2PS3,,5.000,,,IV,1. Bảng A,"DANH MỤC HOÁ CHẤT PHẢI XÂY DỰNG KẾ HOẠCH PHÒNG NGỪA, ỨNG PHÓ SỰ CỐ HOÁ CHẤT"
93,văn bản,"Epichlorohydrin (oxirane, (chloromethyl-)",Epiclohydrin,106-89-8,106-89-8,,C3H5ClO,,5.000,,,IV,1. Bảng A,"DANH MỤC HOÁ CHẤT PHẢI XÂY DỰNG KẾ HOẠCH PHÒNG NGỪA, ỨNG PHÓ SỰ CỐ HOÁ CHẤT"
94,văn bản,"Epn (Phosphonothioic acid, P-phenyl-, O-ethyl O-(4-nitrophenyl) ester)","Epn (Photphonothioic acid, P-phenyl-, O-ethyl O-(4-nitrophenyl) este)",2104-64-5,2104-64-5,,C14H14NO4PS,,5.000,,,IV,1. Bảng A,"DANH MỤC HOÁ CHẤT PHẢI XÂY DỰNG KẾ HOẠCH PHÒNG NGỪA, ỨNG PHÓ SỰ CỐ HOÁ CHẤT"
95,văn bản,Ethane,Etan,74-84-0,74-84-0,,C2H6,,10.000,,,IV,1. Bảng A,"DANH MỤC HOÁ CHẤT PHẢI XÂY DỰNG KẾ HOẠCH PHÒNG NGỪA, ỨNG PHÓ SỰ CỐ HOÁ CHẤT"
96,văn bản,Ethion,Ethion,563-12-2,563-12-2,,C9H22O4P2S4,,50.000,,,IV,1. Bảng A,"DANH MỤC HOÁ CHẤT PHẢI XÂY DỰNG KẾ HOẠCH PHÒNG NGỪA, ỨNG PHÓ SỰ CỐ HOÁ CHẤT"
97,văn bản,Ethylamine (Ethanamine),Etyl amin,75-04-7,75-04-7,,C2H7N,,5.000,,,IV,1. Bảng A,"DANH MỤC HOÁ CHẤT PHẢI XÂY DỰNG KẾ HOẠCH PHÒNG NGỪA, ỨNG PHÓ SỰ CỐ HOÁ CHẤT"
98,văn bản,Ethyl acetylene (1-Butyne),Etyl axetylen,107-00-6,107-00-6,,C4H6,,10.000,,,IV,1. Bảng A,"DANH MỤC HOÁ CHẤT PHẢI XÂY DỰNG KẾ HOẠCH PHÒNG NGỪA, ỨNG PHÓ SỰ CỐ HOÁ CHẤT"
99,văn bản,"Ethyl chloride (Ethane, chloro)",Etyl clorua,75-00-3,75-00-3,,C2H5Cl,,10.000,,,IV,1. Bảng A,"DANH MỤC HOÁ CHẤT PHẢI XÂY DỰNG KẾ HOẠCH PHÒNG NGỪA, ỨNG PHÓ SỰ CỐ HOÁ CHẤT"
100,văn bản,"Ethyl ether (Ethane, 1,1’-oxybis-)",Etyl ete,60-29-7,60-29-7,,C4H10O,,10.000,,,IV,1. Bảng A,"DANH MỤC HOÁ CHẤT PHẢI XÂY DỰNG KẾ HOẠCH PHÒNG NGỪA, ỨNG PHÓ SỰ CỐ HOÁ CHẤT"
101,văn bản,Ethyl mercaptan (Ethanethiol),Etyl mercaptan,75-08-1,75-08-1,,C2H6S,,10.000,,,IV,1. Bảng A,"DANH MỤC HOÁ CHẤT PHẢI XÂY DỰNG KẾ HOẠCH PHÒNG NGỪA, ỨNG PHÓ SỰ CỐ HOÁ CHẤT"
102,văn bản,Ethyl nitrate,Etyl nitrat,625-58-1,625-58-1,,C2H5NO3,,50.000,,,IV,1. Bảng A,"DANH MỤC HOÁ CHẤT PHẢI XÂY DỰNG KẾ HOẠCH PHÒNG NGỪA, ỨNG PHÓ SỰ CỐ HOÁ CHẤT"
103,văn bản,"Ethyl nitrite (Nitrous acid, ethyl ester)",Etyl nitro,109-95-5,109-95-5,,C2H5NO2,,10.000,,,IV,1. Bảng A,"DANH MỤC HOÁ CHẤT PHẢI XÂY DỰNG KẾ HOẠCH PHÒNG NGỪA, ỨNG PHÓ SỰ CỐ HOÁ CHẤT"
104,văn bản,Ethylene glycol dinitrate,Etylen glycol dinitrat,628-96-6,628-96-6,,C2H4N2O6,,10.000,,,IV,1. Bảng A,"DANH MỤC HOÁ CHẤT PHẢI XÂY DỰNG KẾ HOẠCH PHÒNG NGỪA, ỨNG PHÓ SỰ CỐ HOÁ CHẤT"
105,văn bản,Ethylene oxide,Etylen oxit,75-21-8,75-21-8,,C2H4O,,5.000,,,IV,1. Bảng A,"DANH MỤC HOÁ CHẤT PHẢI XÂY DỰNG KẾ HOẠCH PHÒNG NGỪA, ỨNG PHÓ SỰ CỐ HOÁ CHẤT"
106,văn bản,"Ethylenediamine (1,2-Ethanediamine)",Etylen diamin,107-15-3,107-15-3,,C2H8N2,,5.000,,,IV,1. Bảng A,"DANH MỤC HOÁ CHẤT PHẢI XÂY DỰNG KẾ HOẠCH PHÒNG NGỪA, ỨNG PHÓ SỰ CỐ HOÁ CHẤT"
107,văn bản,Ethyleneimine,Etylenimin,151-56-4,151-56-4,,C2H5N,,10.000,,,IV,1. Bảng A,"DANH MỤC HOÁ CHẤT PHẢI XÂY DỰNG KẾ HOẠCH PHÒNG NGỪA, ỨNG PHÓ SỰ CỐ HOÁ CHẤT"
108,văn bản,3-(2-Ethylhexyloxy) propylamin,3-(2-Etylhexyloxy) propylamin,5397-31-9,5397-31-9,,C11H25NO,,50.000,,,IV,1. Bảng A,"DANH MỤC HOÁ CHẤT PHẢI XÂY DỰNG KẾ HOẠCH PHÒNG NGỪA, ỨNG PHÓ SỰ CỐ HOÁ CHẤT"
109,văn bản,Fluorine,Flo,7782-41-4,7782-41-4,,F2,,10.000,,,IV,1. Bảng A,"DANH MỤC HOÁ CHẤT PHẢI XÂY DỰNG KẾ HOẠCH PHÒNG NGỪA, ỨNG PHÓ SỰ CỐ HOÁ CHẤT"
110,văn bản,Fluoroacetic acid,Axit flo axetic,144-49-0,144-49-0,,C2H3FO2,,5.000,,,IV,1. Bảng A,"DANH MỤC HOÁ CHẤT PHẢI XÂY DỰNG KẾ HOẠCH PHÒNG NGỪA, ỨNG PHÓ SỰ CỐ HOÁ CHẤT"
111,văn bản,Fluenetil,Fluenetil (2-floetyl 4 -Biphenylaxetat),4301-50-2,4301-50-2,,C16H15FO2,,5.000,,,IV,1. Bảng A,"DANH MỤC HOÁ CHẤT PHẢI XÂY DỰNG KẾ HOẠCH PHÒNG NGỪA, ỨNG PHÓ SỰ CỐ HOÁ CHẤT"
112,văn bản,Formaldehyde (Conc. > 90%),Formaldehit (Nồng độ ≥ 90%),50-00-00,,x,CH2O,,5.000,,,IV,1. Bảng A,"DANH MỤC HOÁ CHẤT PHẢI XÂY DỰNG KẾ HOẠCH PHÒNG NGỪA, ỨNG PHÓ SỰ CỐ HOÁ CHẤT"
113,văn bản,Furan,Furan,110-00-9,110-00-9,,C4H4O,,10.000,,,IV,1. Bảng A,"DANH MỤC HOÁ CHẤT PHẢI XÂY DỰNG KẾ HOẠCH PHÒNG NGỪA, ỨNG PHÓ SỰ CỐ HOÁ CHẤT"
114,văn bản,1-Guanyl-4-nitrosaminoguanyl-1-tetrazene,1-Guanyl-4-nitrosaminoguanyl-1-tetrazen,109-27-3,109-27-3,,C2H8N10O,,10.000,,,IV,1. Bảng A,"DANH MỤC HOÁ CHẤT PHẢI XÂY DỰNG KẾ HOẠCH PHÒNG NGỪA, ỨNG PHÓ SỰ CỐ HOÁ CHẤT"
115,văn bản,"1,2,3,7,8,9- Hexachlorodibenzo-p-dioxin","1,2,3,7,8,9-Hexaclo dibenzo-p-dioxin",19408-74-3,19408-74-3,,C12H2Cl6O2,,100,,,IV,1. Bảng A,"DANH MỤC HOÁ CHẤT PHẢI XÂY DỰNG KẾ HOẠCH PHÒNG NGỪA, ỨNG PHÓ SỰ CỐ HOÁ CHẤT"
116,văn bản,"33.6.6.9.9-Hexamethyl-1,2,4,5-tetroxacyclononate (>75%)","3,3,6,6,9,9-Hexametyl- 1,2,4,5-tetroxacyclononat (>75%)",22397-33-7,22397-33-7,,C12H22O4,,5000,,,IV,1. Bảng A,"DANH MỤC HOÁ CHẤT PHẢI XÂY DỰNG KẾ HOẠCH PHÒNG NGỪA, ỨNG PHÓ SỰ CỐ HOÁ CHẤT"
117,văn bản,Hexamethylphosphor oamide,Hexametylphotphor oamit,680-31-9,680-31-9,,C6H18N3OP,,50.000,,,IV,1. Bảng A,"DANH MỤC HOÁ CHẤT PHẢI XÂY DỰNG KẾ HOẠCH PHÒNG NGỪA, ỨNG PHÓ SỰ CỐ HOÁ CHẤT"
118,văn bản,"2,2’,4,4’,6,6’-hexanitrostilbene","2,2’, 4,4’, 6,6’-Hexanitro stilben",20062-22-0,20062-22-0,,C14H6N6O12,,10.000,,,IV,1. Bảng A,"DANH MỤC HOÁ CHẤT PHẢI XÂY DỰNG KẾ HOẠCH PHÒNG NGỪA, ỨNG PHÓ SỰ CỐ HOÁ CHẤT"
119,văn bản,Hydrazine,Hydrazin,302-01-2,302-01-2,,H4N2,,5.000,,,IV,1. Bảng A,"DANH MỤC HOÁ CHẤT PHẢI XÂY DỰNG KẾ HOẠCH PHÒNG NGỪA, ỨNG PHÓ SỰ CỐ HOÁ CHẤT"
120,văn bản,Hydrazine nitrate,Hydrazin nitrat,13464-97-6,13464-97-6,,H5N3O3,,50.000,,,IV,1. Bảng A,"DANH MỤC HOÁ CHẤT PHẢI XÂY DỰNG KẾ HOẠCH PHÒNG NGỪA, ỨNG PHÓ SỰ CỐ HOÁ CHẤT"
121,văn bản,Hydrogen,Hydro,1333-74-0,1333-74-0,,H2,,5.000,,,IV,1. Bảng A,"DANH MỤC HOÁ CHẤT PHẢI XÂY DỰNG KẾ HOẠCH PHÒNG NGỪA, ỨNG PHÓ SỰ CỐ HOÁ CHẤT"
122,văn bản,Hydrogen chloride and Chlohydric acid,Hydro clorua và axit clohydric,7647-01-0,7647-01-0,,HCl,,25.000,,,IV,1. Bảng A,"DANH MỤC HOÁ CHẤT PHẢI XÂY DỰNG KẾ HOẠCH PHÒNG NGỪA, ỨNG PHÓ SỰ CỐ HOÁ CHẤT"
123,văn bản,Hydrogen fluoride,Hydro florua,7664-39-3,7664-39-3,,HF,,5.000,,,IV,1. Bảng A,"DANH MỤC HOÁ CHẤT PHẢI XÂY DỰNG KẾ HOẠCH PHÒNG NGỪA, ỨNG PHÓ SỰ CỐ HOÁ CHẤT"
124,văn bản,Hydrogen selenide,Hydro selenua,7783-07-5,7783-07-5,,H2Se,,10.000,,,IV,1. Bảng A,"DANH MỤC HOÁ CHẤT PHẢI XÂY DỰNG KẾ HOẠCH PHÒNG NGỪA, ỨNG PHÓ SỰ CỐ HOÁ CHẤT"
125,văn bản,Hydrogen sulphide,Hydro sunfua,7783-06-4,7783-06-4,,H2S,,5.000,,,IV,1. Bảng A,"DANH MỤC HOÁ CHẤT PHẢI XÂY DỰNG KẾ HOẠCH PHÒNG NGỪA, ỨNG PHÓ SỰ CỐ HOÁ CHẤT"
126,văn bản,Hydrocyanic acid,Axit hydroxyanic,74-90-8,74-90-8,,HCN,,5.000,,,IV,1. Bảng A,"DANH MỤC HOÁ CHẤT PHẢI XÂY DỰNG KẾ HOẠCH PHÒNG NGỪA, ỨNG PHÓ SỰ CỐ HOÁ CHẤT"
127,văn bản,"5-Hydroxy-1,4-naphthalenedione","5-hydroxy naphthalen-1,4-dion",481-39-0,481-39-0,,C10H6O3,,10.000,,,IV,1. Bảng A,"DANH MỤC HOÁ CHẤT PHẢI XÂY DỰNG KẾ HOẠCH PHÒNG NGỪA, ỨNG PHÓ SỰ CỐ HOÁ CHẤT"
128,văn bản,Hydroxy acetonitrile (glycolonitrile),Hydroxy axetonitril,107-16-4,107-16-4,,C2H3NO,,5.000,,,IV,1. Bảng A,"DANH MỤC HOÁ CHẤT PHẢI XÂY DỰNG KẾ HOẠCH PHÒNG NGỪA, ỨNG PHÓ SỰ CỐ HOÁ CHẤT"
129,văn bản,Isobenzan,Isobenzan,297-78-9,297-78-9,,C9H4Cl8O,,5.000,,,IV,1. Bảng A,"DANH MỤC HOÁ CHẤT PHẢI XÂY DỰNG KẾ HOẠCH PHÒNG NGỪA, ỨNG PHÓ SỰ CỐ HOÁ CHẤT"
130,văn bản,2- methyl-Propanenitrile,Isobutyronitril (2-metyl propan nitril),78-82-0,78-82-0,,C4H7N,,10.000,,,IV,1. Bảng A,"DANH MỤC HOÁ CHẤT PHẢI XÂY DỰNG KẾ HOẠCH PHÒNG NGỪA, ỨNG PHÓ SỰ CỐ HOÁ CHẤT"
131,văn bản,Isodrin,Isodrin,465-73-6,465-73-6,,C12H8Cl6,,1.000,,,IV,1. Bảng A,"DANH MỤC HOÁ CHẤT PHẢI XÂY DỰNG KẾ HOẠCH PHÒNG NGỪA, ỨNG PHÓ SỰ CỐ HOÁ CHẤT"
132,văn bản,2-methyl- Butane,Isopentan,78-78-4,78-78-4,,C5H12,,5.000,,,IV,1. Bảng A,"DANH MỤC HOÁ CHẤT PHẢI XÂY DỰNG KẾ HOẠCH PHÒNG NGỪA, ỨNG PHÓ SỰ CỐ HOÁ CHẤT"
133,văn bản,"2-methyl-1,3-butadiene",Isopren,78-79-5,78-79-5,,C5H8,,10.000,,,IV,1. Bảng A,"DANH MỤC HOÁ CHẤT PHẢI XÂY DỰNG KẾ HOẠCH PHÒNG NGỪA, ỨNG PHÓ SỰ CỐ HOÁ CHẤT"
134,văn bản,1-methylethyl chlorocarbonate,Isopropyl cloformat,108-23-6,108-23-6,,C4H7ClO2,,5.000,,,IV,1. Bảng A,"DANH MỤC HOÁ CHẤT PHẢI XÂY DỰNG KẾ HOẠCH PHÒNG NGỪA, ỨNG PHÓ SỰ CỐ HOÁ CHẤT"
135,văn bản,Potassium nitrate,Kali nitrat,7757-79-1,7757-79-1,,KNO3,,,,,IV,1. Bảng A,"DANH MỤC HOÁ CHẤT PHẢI XÂY DỰNG KẾ HOẠCH PHÒNG NGỪA, ỨNG PHÓ SỰ CỐ HOÁ CHẤT"
135,văn bản,Potassium nitrate,Dạng hạt,7757-79-1,7757-79-1,,KNO3,,5.000.000,,,IV,1. Bảng A,"DANH MỤC HOÁ CHẤT PHẢI XÂY DỰNG KẾ HOẠCH PHÒNG NGỪA, ỨNG PHÓ SỰ CỐ HOÁ CHẤT"
135,văn bản,Potassium nitrate,Dạng tinh thể,7757-79-1,7757-79-1,,KNO3,,1.250.000,,,IV,1. Bảng A,"DANH MỤC HOÁ CHẤT PHẢI XÂY DỰNG KẾ HOẠCH PHÒNG NGỪA, ỨNG PHÓ SỰ CỐ HOÁ CHẤT"
136,văn bản,Liquefied extremely flammable gases (including LPG) and natural gas,Các khí hóa lỏng đặc biệt dễ cháy (bao gồm cả LPG) và khí thiên nhiên,---,,,---,,50.000,,,IV,1. Bảng A,"DANH MỤC HOÁ CHẤT PHẢI XÂY DỰNG KẾ HOẠCH PHÒNG NGỪA, ỨNG PHÓ SỰ CỐ HOÁ CHẤT"
137,văn bản,Sulfur dichloride,Lưu huỳnh diclorua,10545-99-0,10545-99-0,,SCl2,,100,,,IV,1. Bảng A,"DANH MỤC HOÁ CHẤT PHẢI XÂY DỰNG KẾ HOẠCH PHÒNG NGỪA, ỨNG PHÓ SỰ CỐ HOÁ CHẤT"
138,văn bản,Sulfur dioxide,Lưu huỳnh dioxit,7446-09-5,7446-09-5,,SO2,,50.000,,,IV,1. Bảng A,"DANH MỤC HOÁ CHẤT PHẢI XÂY DỰNG KẾ HOẠCH PHÒNG NGỪA, ỨNG PHÓ SỰ CỐ HOÁ CHẤT"
139,văn bản,Sulfur tetrafloride (Sulfur fluoride),Lưu huỳnh tetraflorua,7783-60-0,7783-60-0,,SF4,,5.000,,,IV,1. Bảng A,"DANH MỤC HOÁ CHẤT PHẢI XÂY DỰNG KẾ HOẠCH PHÒNG NGỪA, ỨNG PHÓ SỰ CỐ HOÁ CHẤT"
140,văn bản,Sulfur trioxide,Lưu huỳnh trioxit,7446-11-9,7446-11-9,,SO3,,15.000,,,IV,1. Bảng A,"DANH MỤC HOÁ CHẤT PHẢI XÂY DỰNG KẾ HOẠCH PHÒNG NGỪA, ỨNG PHÓ SỰ CỐ HOÁ CHẤT"
141,văn bản,Methane,Metan,74-82-8,74-82-8,,CH4,,10.000,,,IV,1. Bảng A,"DANH MỤC HOÁ CHẤT PHẢI XÂY DỰNG KẾ HOẠCH PHÒNG NGỪA, ỨNG PHÓ SỰ CỐ HOÁ CHẤT"
142,văn bản,Methanol,Metanol,67-56-1,67-56-1,,CH4O,,500.000,,,IV,1. Bảng A,"DANH MỤC HOÁ CHẤT PHẢI XÂY DỰNG KẾ HOẠCH PHÒNG NGỪA, ỨNG PHÓ SỰ CỐ HOÁ CHẤT"
143,văn bản,3-Methyl -1-butene,3-Metyl 1-buten,563-45-1,563-45-1,,C5H10,,5.000,,,IV,1. Bảng A,"DANH MỤC HOÁ CHẤT PHẢI XÂY DỰNG KẾ HOẠCH PHÒNG NGỪA, ỨNG PHÓ SỰ CỐ HOÁ CHẤT"
144,văn bản,Methyl acrylate,Metyl acrylat,96-33-3,96-33-3,,C4H6O2,,500.000,,,IV,1. Bảng A,"DANH MỤC HOÁ CHẤT PHẢI XÂY DỰNG KẾ HOẠCH PHÒNG NGỪA, ỨNG PHÓ SỰ CỐ HOÁ CHẤT"
145,văn bản,Methylamine (Methanamine),Metyl amin,74-89-5,74-89-5,,CH5N,,5.000,,,IV,1. Bảng A,"DANH MỤC HOÁ CHẤT PHẢI XÂY DỰNG KẾ HOẠCH PHÒNG NGỪA, ỨNG PHÓ SỰ CỐ HOÁ CHẤT"
146,văn bản,"Methyl chloride (Methane, chloro-)",Metyl clorua,74-87-3,74-87-3,,CH3Cl,,5.000,,,IV,1. Bảng A,"DANH MỤC HOÁ CHẤT PHẢI XÂY DỰNG KẾ HOẠCH PHÒNG NGỪA, ỨNG PHÓ SỰ CỐ HOÁ CHẤT"
147,văn bản,"Methyl chloroformate (Carbonochloridic acid, methylester)",Metyl cloformat,79-22-1,79-22-1,,C2H3ClO2,,5.000,,,IV,1. Bảng A,"DANH MỤC HOÁ CHẤT PHẢI XÂY DỰNG KẾ HOẠCH PHÒNG NGỪA, ỨNG PHÓ SỰ CỐ HOÁ CHẤT"
148,văn bản,Methyl ethyl ketone peroxide (> 60%),Metyl etyl keton peroxit (> 60%),1338-23-4,1338-23-4,,C8H18O6,,5.000,,,IV,1. Bảng A,"DANH MỤC HOÁ CHẤT PHẢI XÂY DỰNG KẾ HOẠCH PHÒNG NGỪA, ỨNG PHÓ SỰ CỐ HOÁ CHẤT"
149,văn bản,"Methyl formate (Formic acid, methyl ester)",Metyl format,107-31-3,107-31-3,,C2H4O2,,5.000,,,IV,1. Bảng A,"DANH MỤC HOÁ CHẤT PHẢI XÂY DỰNG KẾ HOẠCH PHÒNG NGỪA, ỨNG PHÓ SỰ CỐ HOÁ CHẤT"
150,văn bản,"Methyl hydrazine (Hydrazine, methyl-)",Metyl hydrazin,60-34-4,60-34-4,,CH6N2,,5.000,,,IV,1. Bảng A,"DANH MỤC HOÁ CHẤT PHẢI XÂY DỰNG KẾ HOẠCH PHÒNG NGỪA, ỨNG PHÓ SỰ CỐ HOÁ CHẤT"
151,văn bản,Methyl isobutyl ketone peroxide (> 60%),Metyl isobutyl keton peroxit (nồng độ > 60%),37206-20-5,37206-20-5,,C12H26O4,,50.000,,,IV,1. Bảng A,"DANH MỤC HOÁ CHẤT PHẢI XÂY DỰNG KẾ HOẠCH PHÒNG NGỪA, ỨNG PHÓ SỰ CỐ HOÁ CHẤT"
152,văn bản,Methyl isocyanate,Metyl isoxyanat,624-83-9,624-83-9,,C2H3NO,,150,,,IV,1. Bảng A,"DANH MỤC HOÁ CHẤT PHẢI XÂY DỰNG KẾ HOẠCH PHÒNG NGỪA, ỨNG PHÓ SỰ CỐ HOÁ CHẤT"
153,văn bản,Methyl mercaptan (Methanethiol),Metyl mercaptan,74-93-1,74-93-1,,CH4S,,10.000,,,IV,1. Bảng A,"DANH MỤC HOÁ CHẤT PHẢI XÂY DỰNG KẾ HOẠCH PHÒNG NGỪA, ỨNG PHÓ SỰ CỐ HOÁ CHẤT"
154,văn bản,"Methyl thiocyanate (Thiocyanic acid, methyl ester)",Metyl thioxyanat,556-64-9,556-64-9,,C2H3NS,,10.000,,,IV,1. Bảng A,"DANH MỤC HOÁ CHẤT PHẢI XÂY DỰNG KẾ HOẠCH PHÒNG NGỪA, ỨNG PHÓ SỰ CỐ HOÁ CHẤT"
155,văn bản,2-Methyl-1 -butene,2-Metyl 1-buten,563-46-2,563-46-2,,C5H10,,10.000,,,IV,1. Bảng A,"DANH MỤC HOÁ CHẤT PHẢI XÂY DỰNG KẾ HOẠCH PHÒNG NGỪA, ỨNG PHÓ SỰ CỐ HOÁ CHẤT"
156,văn bản,2-methyl-2- Propenenitrile,Metacrylonitril,126-98-7,126-98-7,,C4H5N,,10.000,,,IV,1. Bảng A,"DANH MỤC HOÁ CHẤT PHẢI XÂY DỰNG KẾ HOẠCH PHÒNG NGỪA, ỨNG PHÓ SỰ CỐ HOÁ CHẤT"
157,văn bản,2-Methyl-3- butenenitrile,2-Metyl-3-buten nitril,16529-56-9,16529-56-9,,C5H7N,,500.000,,,IV,1. Bảng A,"DANH MỤC HOÁ CHẤT PHẢI XÂY DỰNG KẾ HOẠCH PHÒNG NGỪA, ỨNG PHÓ SỰ CỐ HOÁ CHẤT"
158,văn bản,"4,4’- Methylenebis (2-chloroaniline) and/or salts, in powder form","4,4-Metylen bis (2-clo anilin) và/hoặc muối của nó ở dạng bột",101-14-4,101-14-4,,C13H12C12N2,,10,,,IV,1. Bảng A,"DANH MỤC HOÁ CHẤT PHẢI XÂY DỰNG KẾ HOẠCH PHÒNG NGỪA, ỨNG PHÓ SỰ CỐ HOÁ CHẤT"
159,văn bản,Methyl isocyanate,Metyl isoxyanat,624-83-9,624-83-9,,C2H3NO,,5.000,,,IV,1. Bảng A,"DANH MỤC HOÁ CHẤT PHẢI XÂY DỰNG KẾ HOẠCH PHÒNG NGỪA, ỨNG PHÓ SỰ CỐ HOÁ CHẤT"
160,văn bản,"n-Methyl-n,2,4,6-tetranitroaniline","n-Metyl-n, 2,4,6-tetranitroanilin",479-45-8,479-45-8,,C7H5N5O8,,5.000,,,IV,1. Bảng A,"DANH MỤC HOÁ CHẤT PHẢI XÂY DỰNG KẾ HOẠCH PHÒNG NGỪA, ỨNG PHÓ SỰ CỐ HOÁ CHẤT"
161,văn bản,"2-Methylpropene (1-Propene, 2-methyl-)",2-Metyl 1-propen,115-11-7,115-11-7,,C4H8,,10.000,,,IV,1. Bảng A,"DANH MỤC HOÁ CHẤT PHẢI XÂY DỰNG KẾ HOẠCH PHÒNG NGỪA, ỨNG PHÓ SỰ CỐ HOÁ CHẤT"
162,văn bản,3-Methylpyridine,3-Metylpyridin,108-99-6,108-99-6,,C6H7N,,500,,,IV,1. Bảng A,"DANH MỤC HOÁ CHẤT PHẢI XÂY DỰNG KẾ HOẠCH PHÒNG NGỪA, ỨNG PHÓ SỰ CỐ HOÁ CHẤT"
163,văn bản,"Methyltrichlorosilane (Silane, trichloromethyl-)",Metyl triclo silan,75-79-6,75-79-6,,CH3Cl3Si,,5.000,,,IV,1. Bảng A,"DANH MỤC HOÁ CHẤT PHẢI XÂY DỰNG KẾ HOẠCH PHÒNG NGỪA, ỨNG PHÓ SỰ CỐ HOÁ CHẤT"
164,văn bản,Mevinphos,Mevinphos,7786-34-7,7786-34-7,,C7H13O6P,,5.000,,,IV,1. Bảng A,"DANH MỤC HOÁ CHẤT PHẢI XÂY DỰNG KẾ HOẠCH PHÒNG NGỪA, ỨNG PHÓ SỰ CỐ HOÁ CHẤT"
165,văn bản,Sodium chlorate,Natri clorat,7775-09-9,7775-09-9,,NaClO3,,50.000,,,IV,1. Bảng A,"DANH MỤC HOÁ CHẤT PHẢI XÂY DỰNG KẾ HOẠCH PHÒNG NGỪA, ỨNG PHÓ SỰ CỐ HOÁ CHẤT"
166,văn bản,Sodium picramate,Natri picramat,831-52-7,831-52-7,,C6H4N3NaO5,,10.000,,,IV,1. Bảng A,"DANH MỤC HOÁ CHẤT PHẢI XÂY DỰNG KẾ HOẠCH PHÒNG NGỪA, ỨNG PHÓ SỰ CỐ HOÁ CHẤT"
167,văn bản,Sodium selenite,Natri selenit,10102-18-8,10102-18-8,,Na2SeO3,,50.000,,,IV,1. Bảng A,"DANH MỤC HOÁ CHẤT PHẢI XÂY DỰNG KẾ HOẠCH PHÒNG NGỪA, ỨNG PHÓ SỰ CỐ HOÁ CHẤT"
168,văn bản,Mixtures of sodium hypochlorite,Hỗn hợp chứa natri hypoclorit,---,,,---,,200.000,,,IV,1. Bảng A,"DANH MỤC HOÁ CHẤT PHẢI XÂY DỰNG KẾ HOẠCH PHÒNG NGỪA, ỨNG PHÓ SỰ CỐ HOÁ CHẤT"
169,văn bản,"Nickel compounds in inhalable powder form (oxides, sulphides, carbonate)","Niken và các hợp chất chứa Ni dạng bột có thể phát tán trong không khí (các loại oxit, cacbonat, sunfua)",---,,,---,,1.000,,,IV,1. Bảng A,"DANH MỤC HOÁ CHẤT PHẢI XÂY DỰNG KẾ HOẠCH PHÒNG NGỪA, ỨNG PHÓ SỰ CỐ HOÁ CHẤT"
170,văn bản,Nickel tetracarbonyl,Niken tetracacbonyl,13463-39-3,13463-39-3,,C4NiO4,,5.000,,,IV,1. Bảng A,"DANH MỤC HOÁ CHẤT PHẢI XÂY DỰNG KẾ HOẠCH PHÒNG NGỪA, ỨNG PHÓ SỰ CỐ HOÁ CHẤT"
171,văn bản,Nitric acid (cone 80% or greater),Axit nitric,7697-37-2,7697-37-2,,HNO3,,5.000,,,IV,1. Bảng A,"DANH MỤC HOÁ CHẤT PHẢI XÂY DỰNG KẾ HOẠCH PHÒNG NGỪA, ỨNG PHÓ SỰ CỐ HOÁ CHẤT"
172,văn bản,Nitroglycerin,Nitơ glyxerin,55-63-0,55-63-0,,C3H5N3O9,,5.000,,,IV,1. Bảng A,"DANH MỤC HOÁ CHẤT PHẢI XÂY DỰNG KẾ HOẠCH PHÒNG NGỪA, ỨNG PHÓ SỰ CỐ HOÁ CHẤT"
173,văn bản,Nitric oxdide (Nitrogen oxide (NO)),Nitơ monoxit,10102-43-9,10102-43-9,,NO,,50.000,,,IV,1. Bảng A,"DANH MỤC HOÁ CHẤT PHẢI XÂY DỰNG KẾ HOẠCH PHÒNG NGỪA, ỨNG PHÓ SỰ CỐ HOÁ CHẤT"
174,văn bản,Nitrogen oxides,Nitơ oxit,11104-93-1,11104-93-1,,NOx,,50.000,,,IV,1. Bảng A,"DANH MỤC HOÁ CHẤT PHẢI XÂY DỰNG KẾ HOẠCH PHÒNG NGỪA, ỨNG PHÓ SỰ CỐ HOÁ CHẤT"
175,văn bản,"Nitrocellulose (containing > 12,6% of nitrogen)","Nitơ xenlulo (hàm lượng > 12,6% nitrogen)",9004-70-0,9004-70-0,,---,,10.000,,,IV,1. Bảng A,"DANH MỤC HOÁ CHẤT PHẢI XÂY DỰNG KẾ HOẠCH PHÒNG NGỪA, ỨNG PHÓ SỰ CỐ HOÁ CHẤT"
176,văn bản,"Oleum (Fuming Sulfuric acid) (Sulfuric acid, mixture with sulfur trioxide)",Oleum (hỗn hợp axit sunfuric với lưu huỳnh trioxit),8014-95-7,8014-95-7,,H2SO4*nSO3,,5.000,,,IV,1. Bảng A,"DANH MỤC HOÁ CHẤT PHẢI XÂY DỰNG KẾ HOẠCH PHÒNG NGỪA, ỨNG PHÓ SỰ CỐ HOÁ CHẤT"
177,văn bản,Oxygen,Oxy,7782-44-7,7782-44-7,,O2,,200.000,,,IV,1. Bảng A,"DANH MỤC HOÁ CHẤT PHẢI XÂY DỰNG KẾ HOẠCH PHÒNG NGỪA, ỨNG PHÓ SỰ CỐ HOÁ CHẤT"
178,văn bản,Oxydisulfoton,Oxydisunfoton,2497-07-6,2497-07-6,,C8H19O3PS3,,5.000,,,IV,1. Bảng A,"DANH MỤC HOÁ CHẤT PHẢI XÂY DỰNG KẾ HOẠCH PHÒNG NGỪA, ỨNG PHÓ SỰ CỐ HOÁ CHẤT"
179,văn bản,Oxygen difloride,Oxy diflorua,7783-41-7,7783-41-7,,F2O,,5.000,,,IV,1. Bảng A,"DANH MỤC HOÁ CHẤT PHẢI XÂY DỰNG KẾ HOẠCH PHÒNG NGỪA, ỨNG PHÓ SỰ CỐ HOÁ CHẤT"
180,văn bản,Paraoxon (diethyl 4-nitrophenylphosphate),Paraoxon (dietyl 4-nitrophenyl photphat),311-45-5,311-45-5,,C10H14NO6P,,10.000,,,IV,1. Bảng A,"DANH MỤC HOÁ CHẤT PHẢI XÂY DỰNG KẾ HOẠCH PHÒNG NGỪA, ỨNG PHÓ SỰ CỐ HOÁ CHẤT"
181,văn bản,Parathion,Parathion,56-38-2,56-38-2,,C10H14NO5PS,,5.000,,,IV,1. Bảng A,"DANH MỤC HOÁ CHẤT PHẢI XÂY DỰNG KẾ HOẠCH PHÒNG NGỪA, ỨNG PHÓ SỰ CỐ HOÁ CHẤT"
182,văn bản,Parathion-methyl,Parathion-metyl,298-00-0,298-00-0,,C10H14NO5PS,,50.000,,,IV,1. Bảng A,"DANH MỤC HOÁ CHẤT PHẢI XÂY DỰNG KẾ HOẠCH PHÒNG NGỪA, ỨNG PHÓ SỰ CỐ HOÁ CHẤT"
183,văn bản,Pensulfothion,Pensunfothion,115-90-2,115-90-2,,C11H17O4PS2,,5.000,,,IV,1. Bảng A,"DANH MỤC HOÁ CHẤT PHẢI XÂY DỰNG KẾ HOẠCH PHÒNG NGỪA, ỨNG PHÓ SỰ CỐ HOÁ CHẤT"
184,văn bản,Pentaborane,Pentaboran,19624-22-7,19624-22-7,,B5H9,,5.000,,,IV,1. Bảng A,"DANH MỤC HOÁ CHẤT PHẢI XÂY DỰNG KẾ HOẠCH PHÒNG NGỪA, ỨNG PHÓ SỰ CỐ HOÁ CHẤT"
185,văn bản,"1,3-Pentadiene","1,3-Pentadien",504-60-9,504-60-9,,C5H8,,10.000,,,IV,1. Bảng A,"DANH MỤC HOÁ CHẤT PHẢI XÂY DỰNG KẾ HOẠCH PHÒNG NGỪA, ỨNG PHÓ SỰ CỐ HOÁ CHẤT"
186,văn bản,Pentaerythritol tetranitrate,Pentaerythritol tetranitrat,78-11-5,78-11-5,,C5H8N4O12,,10.000,,,IV,1. Bảng A,"DANH MỤC HOÁ CHẤT PHẢI XÂY DỰNG KẾ HOẠCH PHÒNG NGỪA, ỨNG PHÓ SỰ CỐ HOÁ CHẤT"
187,văn bản,Pentane,Pentan,109-66-0,109-66-0,,C5H12,,5.000,,,IV,1. Bảng A,"DANH MỤC HOÁ CHẤT PHẢI XÂY DỰNG KẾ HOẠCH PHÒNG NGỪA, ỨNG PHÓ SỰ CỐ HOÁ CHẤT"
188,văn bản,1-Pentene,1-Penten,109-67-1,109-67-1,,C5H10,,5.000,,,IV,1. Bảng A,"DANH MỤC HOÁ CHẤT PHẢI XÂY DỰNG KẾ HOẠCH PHÒNG NGỪA, ỨNG PHÓ SỰ CỐ HOÁ CHẤT"
189,văn bản,"2-Pentene, (E)-",(E)-2-Penten,646-04-8,646-04-8,,C5H10,,5.000,,,IV,1. Bảng A,"DANH MỤC HOÁ CHẤT PHẢI XÂY DỰNG KẾ HOẠCH PHÒNG NGỪA, ỨNG PHÓ SỰ CỐ HOÁ CHẤT"
190,văn bản,"2-Pentene, (Z)-",(Z)-2-Penten,627-20-3,627-20-3,,C5H10,,5.000,,,IV,1. Bảng A,"DANH MỤC HOÁ CHẤT PHẢI XÂY DỰNG KẾ HOẠCH PHÒNG NGỪA, ỨNG PHÓ SỰ CỐ HOÁ CHẤT"
191,văn bản,Peracetic acid (> 60%),Axit peraxetic (> 60%),79-21-0,79-21-0,,C2H4O3,,5.000,,,IV,1. Bảng A,"DANH MỤC HOÁ CHẤT PHẢI XÂY DỰNG KẾ HOẠCH PHÒNG NGỪA, ỨNG PHÓ SỰ CỐ HOÁ CHẤT"
192,văn bản,"Perchloromethylmercaptan (Methanesulfenyl chloride, trichloro-)",Perclometyl mercaptan,594-42-3,594-42-3,,CCl4S,,5.000,,,IV,1. Bảng A,"DANH MỤC HOÁ CHẤT PHẢI XÂY DỰNG KẾ HOẠCH PHÒNG NGỪA, ỨNG PHÓ SỰ CỐ HOÁ CHẤT"
193,văn bản,"Phosphorus (White, yellow)",Photpho vàng,7723-14-0,7723-14-0,,P4,,1.000,,,IV,1. Bảng A,"DANH MỤC HOÁ CHẤT PHẢI XÂY DỰNG KẾ HOẠCH PHÒNG NGỪA, ỨNG PHÓ SỰ CỐ HOÁ CHẤT"
194,văn bản,Phorate,Phorat,298-02-2,298-02-2,,C7H17O2PS3,,5.000,,,IV,1. Bảng A,"DANH MỤC HOÁ CHẤT PHẢI XÂY DỰNG KẾ HOẠCH PHÒNG NGỪA, ỨNG PHÓ SỰ CỐ HOÁ CHẤT"
195,văn bản,Phosacetim,Phosacetim,4104-14-7,4104-14-7,,C14H13Cl2N2O2PS,,5.000,,,IV,1. Bảng A,"DANH MỤC HOÁ CHẤT PHẢI XÂY DỰNG KẾ HOẠCH PHÒNG NGỪA, ỨNG PHÓ SỰ CỐ HOÁ CHẤT"
196,văn bản,Phosphamidon,Phosphamidon,13171-21-6,13171-21-6,,C10H19CINO5P,,50.000,,,IV,1. Bảng A,"DANH MỤC HOÁ CHẤT PHẢI XÂY DỰNG KẾ HOẠCH PHÒNG NGỪA, ỨNG PHÓ SỰ CỐ HOÁ CHẤT"
197,văn bản,Phosphorus oxychloride (Phosphoryl chloride),Photpho oxyclorua,10025-87-3,10025-87-3,,POCl3,,5.000,,,IV,1. Bảng A,"DANH MỤC HOÁ CHẤT PHẢI XÂY DỰNG KẾ HOẠCH PHÒNG NGỪA, ỨNG PHÓ SỰ CỐ HOÁ CHẤT"
198,văn bản,Phosphorus trichloride (Phosphorous trichloride),Photpho triclorua,7719-12-2,7719-12-2,,PCl3,,5.000,,,IV,1. Bảng A,"DANH MỤC HOÁ CHẤT PHẢI XÂY DỰNG KẾ HOẠCH PHÒNG NGỪA, ỨNG PHÓ SỰ CỐ HOÁ CHẤT"
199,văn bản,Phosphorus trihydride (phosphine),Photpho trihydrua (photphin),7803-51-2,7803-51-2,,PH3,,200,,,IV,1. Bảng A,"DANH MỤC HOÁ CHẤT PHẢI XÂY DỰNG KẾ HOẠCH PHÒNG NGỪA, ỨNG PHÓ SỰ CỐ HOÁ CHẤT"
200,văn bản,Piperidine,Piperidin,110-89-4,110-89-4,,C5H11N,,50.000,,,IV,1. Bảng A,"DANH MỤC HOÁ CHẤT PHẢI XÂY DỰNG KẾ HOẠCH PHÒNG NGỪA, ỨNG PHÓ SỰ CỐ HOÁ CHẤT"
201,văn bản,Polychlorodibenzo-furans and Polychlorodibenzo-dioxins (including TCDD),Các Polyclo dibenzo furan và Polyclodibenzo dioxin (bao gồm TCDD),33857-26-0,33857-26-0,,C12H6Cl2O2,,1,,,IV,1. Bảng A,"DANH MỤC HOÁ CHẤT PHẢI XÂY DỰNG KẾ HOẠCH PHÒNG NGỪA, ỨNG PHÓ SỰ CỐ HOÁ CHẤT"
202,văn bản,2- methyl-Aziridine,Propylen imin,75-55-8,75-55-8,,C3H7N,,10.000,,,IV,1. Bảng A,"DANH MỤC HOÁ CHẤT PHẢI XÂY DỰNG KẾ HOẠCH PHÒNG NGỪA, ỨNG PHÓ SỰ CỐ HOÁ CHẤT"
203,văn bản,"Promurit (1-(3,4-dichlorophenyl) -3-triazene thiocarboxamide)","Promurit (1-(3,4-diclophenyl)-3-triazenethiocacboxamit)",5836-73-7,5836-73-7,,C7H6Cl2N4S,,5.000,,,IV,1. Bảng A,"DANH MỤC HOÁ CHẤT PHẢI XÂY DỰNG KẾ HOẠCH PHÒNG NGỪA, ỨNG PHÓ SỰ CỐ HOÁ CHẤT"
204,văn bản,"1,2-Propadiene",Propadien,463-49-0,463-49-0,,C3H4,,10.000,,,IV,1. Bảng A,"DANH MỤC HOÁ CHẤT PHẢI XÂY DỰNG KẾ HOẠCH PHÒNG NGỪA, ỨNG PHÓ SỰ CỐ HOÁ CHẤT"
205,văn bản,2-Propanamine,Isopropylamin,75-31-0,75-31-0,,C3H9N,,10.000,,,IV,1. Bảng A,"DANH MỤC HOÁ CHẤT PHẢI XÂY DỰNG KẾ HOẠCH PHÒNG NGỪA, ỨNG PHÓ SỰ CỐ HOÁ CHẤT"
206,văn bản,Propane,Propan,74-98-6,74-98-6,,C3H8,,10.000,,,IV,1. Bảng A,"DANH MỤC HOÁ CHẤT PHẢI XÂY DỰNG KẾ HOẠCH PHÒNG NGỪA, ỨNG PHÓ SỰ CỐ HOÁ CHẤT"
207,văn bản,"1-propen-2-chloro-1,3-diol-diacetate","1-Propen-2-clo-1,3-diol diaxetat",10118-77-6,10118-77-6,,C7H9ClO4,,10,,,IV,1. Bảng A,"DANH MỤC HOÁ CHẤT PHẢI XÂY DỰNG KẾ HOẠCH PHÒNG NGỪA, ỨNG PHÓ SỰ CỐ HOÁ CHẤT"
208,văn bản,1-Propene,Propylen,115-07-1,115-07-1,,C3H6,,10.000,,,IV,1. Bảng A,"DANH MỤC HOÁ CHẤT PHẢI XÂY DỰNG KẾ HOẠCH PHÒNG NGỪA, ỨNG PHÓ SỰ CỐ HOÁ CHẤT"
209,văn bản,Propionitrile (Propanenitrile),Propionitril,107-12-0,107-12-0,,C3H5N,,5.000,,,IV,1. Bảng A,"DANH MỤC HOÁ CHẤT PHẢI XÂY DỰNG KẾ HOẠCH PHÒNG NGỪA, ỨNG PHÓ SỰ CỐ HOÁ CHẤT"
210,văn bản,"Propyl chloroformate (Carbonochloridic acid, propylester)",Propyl cloformat,109-61-5,109-61-5,,C4H7ClO2,,5.000,,,IV,1. Bảng A,"DANH MỤC HOÁ CHẤT PHẢI XÂY DỰNG KẾ HOẠCH PHÒNG NGỪA, ỨNG PHÓ SỰ CỐ HOÁ CHẤT"
211,văn bản,Propylamine,Propylamin,107-10-8,107-10-8,,C3H9N,,500.000,,,IV,1. Bảng A,"DANH MỤC HOÁ CHẤT PHẢI XÂY DỰNG KẾ HOẠCH PHÒNG NGỪA, ỨNG PHÓ SỰ CỐ HOÁ CHẤT"
212,văn bản,Propylen oxide,Propylen oxit,75-56-9,75-56-9,,C3H6O,,5.000,,,IV,1. Bảng A,"DANH MỤC HOÁ CHẤT PHẢI XÂY DỰNG KẾ HOẠCH PHÒNG NGỪA, ỨNG PHÓ SỰ CỐ HOÁ CHẤT"
213,văn bản,1-Propyne,Propin,74-99-7,74-99-7,,C3H4,,10.000,,,IV,1. Bảng A,"DANH MỤC HOÁ CHẤT PHẢI XÂY DỰNG KẾ HOẠCH PHÒNG NGỪA, ỨNG PHÓ SỰ CỐ HOÁ CHẤT"
214,văn bản,Pyrazoxon,Pyrazoxon,108-34-9,108-34-9,,C8H15N2O4P,,5.000,,,IV,1. Bảng A,"DANH MỤC HOÁ CHẤT PHẢI XÂY DỰNG KẾ HOẠCH PHÒNG NGỪA, ỨNG PHÓ SỰ CỐ HOÁ CHẤT"
215,văn bản,"Iron, pentacacbonyl-(Iron carbonyl (Fe (CO)5), (TB-5-11)-)",Sắt pentacacbonyl,13463-40-6,13463-40-6,,C5FeO5,,5.000,,,IV,1. Bảng A,"DANH MỤC HOÁ CHẤT PHẢI XÂY DỰNG KẾ HOẠCH PHÒNG NGỪA, ỨNG PHÓ SỰ CỐ HOÁ CHẤT"
216,văn bản,Selenium hexafloride,Selen hexaflorua,7783-79-1,7783-79-1,,SeF6,,5.000,,,IV,1. Bảng A,"DANH MỤC HOÁ CHẤT PHẢI XÂY DỰNG KẾ HOẠCH PHÒNG NGỪA, ỨNG PHÓ SỰ CỐ HOÁ CHẤT"
217,văn bản,Silane,Silan,7803-62-5,7803-62-5,,SiH4,,10.000,,,IV,1. Bảng A,"DANH MỤC HOÁ CHẤT PHẢI XÂY DỰNG KẾ HOẠCH PHÒNG NGỪA, ỨNG PHÓ SỰ CỐ HOÁ CHẤT"
218,văn bản,Stibine (antimony hydril),Stibin (antimon hydril),7803-52-3,7803-52-3,,SbH3,,10.000,,,IV,1. Bảng A,"DANH MỤC HOÁ CHẤT PHẢI XÂY DỰNG KẾ HOẠCH PHÒNG NGỪA, ỨNG PHÓ SỰ CỐ HOÁ CHẤT"
219,văn bản,Sulfotepp,Sunfotepp,3689-24-5,3689-24-5,,C8H20O5P2S2,,5.000,,,IV,1. Bảng A,"DANH MỤC HOÁ CHẤT PHẢI XÂY DỰNG KẾ HOẠCH PHÒNG NGỪA, ỨNG PHÓ SỰ CỐ HOÁ CHẤT"
220,văn bản,T.E.P.P - (Tetraethyl pyrophosphate),Tepp - tetraetyl pyrophotphat,107-49-3,107-49-3,,C8H20O7P2,,5.000,,,IV,1. Bảng A,"DANH MỤC HOÁ CHẤT PHẢI XÂY DỰNG KẾ HOẠCH PHÒNG NGỪA, ỨNG PHÓ SỰ CỐ HOÁ CHẤT"
221,văn bản,Tellurium hexafloride,Telu hexaflorua,7783-80-4,7783-80-4,,TeF6,,50.000,,,IV,1. Bảng A,"DANH MỤC HOÁ CHẤT PHẢI XÂY DỰNG KẾ HOẠCH PHÒNG NGỪA, ỨNG PHÓ SỰ CỐ HOÁ CHẤT"
222,văn bản,Tert-butylperoxy maleate (>80%),Tert-butylperoxy maleat (>80%),1931-62-0,1931-62-0,,C8H12O5,,10.000,,,IV,1. Bảng A,"DANH MỤC HOÁ CHẤT PHẢI XÂY DỰNG KẾ HOẠCH PHÒNG NGỪA, ỨNG PHÓ SỰ CỐ HOÁ CHẤT"
223,văn bản,Tert-butylperoxy pivalate (>77%),Tert-butylperoxy pivalat (>77%),927-07-1,927-07-1,,C9H18O3,,10.000,,,IV,1. Bảng A,"DANH MỤC HOÁ CHẤT PHẢI XÂY DỰNG KẾ HOẠCH PHÒNG NGỪA, ỨNG PHÓ SỰ CỐ HOÁ CHẤT"
224,văn bản,"2,3,7,8- tetrachlorodibenzo-p-dioxin","2,3,7,8-Tetraclo dibenzo-p-dioxin",1746-01-6,1746-01-6,,C12H4Cl4O2,,5.000,,,IV,1. Bảng A,"DANH MỤC HOÁ CHẤT PHẢI XÂY DỰNG KẾ HOẠCH PHÒNG NGỪA, ỨNG PHÓ SỰ CỐ HOÁ CHẤT"
225,văn bản,"Tetrafluoroethylene (Ethene, tetrafluoro-)",Tetraflo etylen,116-14-3,116-14-3,,C2F4,,10.000,,,IV,1. Bảng A,"DANH MỤC HOÁ CHẤT PHẢI XÂY DỰNG KẾ HOẠCH PHÒNG NGỪA, ỨNG PHÓ SỰ CỐ HOÁ CHẤT"
226,văn bản,"Tetrahydro-3,5- dimethyl-1,3,5,- thiadiazine-2-thione (Dazomet)","Tetrahydro-3,5- dimetyl-1,3,5,- thiadiazin-2-thion (Dazomet)",533-74-4,533-74-4,,C5H10N2S2,,100.000,,,IV,1. Bảng A,"DANH MỤC HOÁ CHẤT PHẢI XÂY DỰNG KẾ HOẠCH PHÒNG NGỪA, ỨNG PHÓ SỰ CỐ HOÁ CHẤT"
227,văn bản,Tetramethylenedisulp hotetramine,Tetrametylen disunphotetramin,80-12-6,80-12-6,,C4H8N4O4S12,,5.000,,,IV,1. Bảng A,"DANH MỤC HOÁ CHẤT PHẢI XÂY DỰNG KẾ HOẠCH PHÒNG NGỪA, ỨNG PHÓ SỰ CỐ HOÁ CHẤT"
228,văn bản,"Tetramethylsilane (Silane, tetramethyl-)",Tetrametyl silan,75-76-3,75-76-3,,C4H12Si,,5.000,,,IV,1. Bảng A,"DANH MỤC HOÁ CHẤT PHẢI XÂY DỰNG KẾ HOẠCH PHÒNG NGỪA, ỨNG PHÓ SỰ CỐ HOÁ CHẤT"
229,văn bản,"Tetranitromethane (Methane, tetranitro-)",Tetranitro metan,509-14-8,509-14-8,,CN4O8,,5.000,,,IV,1. Bảng A,"DANH MỤC HOÁ CHẤT PHẢI XÂY DỰNG KẾ HOẠCH PHÒNG NGỪA, ỨNG PHÓ SỰ CỐ HOÁ CHẤT"
230,văn bản,Thionazin,Thionazin,297-97-2,297-97-2,,C8H13N2O3PS,,5.000,,,IV,1. Bảng A,"DANH MỤC HOÁ CHẤT PHẢI XÂY DỰNG KẾ HOẠCH PHÒNG NGỪA, ỨNG PHÓ SỰ CỐ HOÁ CHẤT"
231,văn bản,Mercury and Mercury compounds,Thủy ngân và các hợp chất của thủy ngân,---,,,---,,1,,,IV,1. Bảng A,"DANH MỤC HOÁ CHẤT PHẢI XÂY DỰNG KẾ HOẠCH PHÒNG NGỪA, ỨNG PHÓ SỰ CỐ HOÁ CHẤT"
232,văn bản,"Tirpate (2,4-dimethyl-1,3-dithiolane-2-carbo xaldehydeo-methyl carbamoyloxime)","Tirpate (2,4-Dimetyl-2-formyl-1,3-dithiolan oxim metylcacbamat)",26419-73-8,26419-73-8,,C8H14N2O2S2,,100,,,IV,1. Bảng A,"DANH MỤC HOÁ CHẤT PHẢI XÂY DỰNG KẾ HOẠCH PHÒNG NGỪA, ỨNG PHÓ SỰ CỐ HOÁ CHẤT"
233,văn bản,Titanium tetrachloride (Titanium chloride (TiCl4) (T-4)-),Titan tetraclorua,7550-45-0,7550-45-0,,TiCl4,,5.000,,,IV,1. Bảng A,"DANH MỤC HOÁ CHẤT PHẢI XÂY DỰNG KẾ HOẠCH PHÒNG NGỪA, ỨNG PHÓ SỰ CỐ HOÁ CHẤT"
234,văn bản,"2,4-Toluene di-isocyanate","2,4-Toluen diisoxyanat",584-84-9,584-84-9,,C9H6N2O2,,10.000,,,IV,1. Bảng A,"DANH MỤC HOÁ CHẤT PHẢI XÂY DỰNG KẾ HOẠCH PHÒNG NGỪA, ỨNG PHÓ SỰ CỐ HOÁ CHẤT"
235,văn bản,"2,6- Toluene di-isocyanate","2,6-Toluen di-isoxyanat",91-08-7,91-08-7,,C9H6N2O2,,10.000,,,IV,1. Bảng A,"DANH MỤC HOÁ CHẤT PHẢI XÂY DỰNG KẾ HOẠCH PHÒNG NGỪA, ỨNG PHÓ SỰ CỐ HOÁ CHẤT"
236,văn bản,Toluene di-isocyanate,Toluen di-isoxyanat,26471-62-5,26471-62-5,,C9H6N2O2,,10.000,,,IV,1. Bảng A,"DANH MỤC HOÁ CHẤT PHẢI XÂY DỰNG KẾ HOẠCH PHÒNG NGỪA, ỨNG PHÓ SỰ CỐ HOÁ CHẤT"
237,văn bản,"1,3,5- Triamino-2,4,6-trinitrobenzene","1,3,5- Triamino- 2,4,6- trinitro benzen",3058-38-6,3058-38-6,,C6H6N6O6,,10.000,,,IV,1. Bảng A,"DANH MỤC HOÁ CHẤT PHẢI XÂY DỰNG KẾ HOẠCH PHÒNG NGỪA, ỨNG PHÓ SỰ CỐ HOÁ CHẤT"
238,văn bản,"Trichlorosilane (Silane, trichloro-)",Triclo silan,10025-78-2,10025-78-2,,SiHCl3,,5.000,,,IV,1. Bảng A,"DANH MỤC HOÁ CHẤT PHẢI XÂY DỰNG KẾ HOẠCH PHÒNG NGỪA, ỨNG PHÓ SỰ CỐ HOÁ CHẤT"
239,văn bản,Triethylenemelamine,Trietylenmelamin,51-18-3,51-18-3,,C9H12N6,,100,,,IV,1. Bảng A,"DANH MỤC HOÁ CHẤT PHẢI XÂY DỰNG KẾ HOẠCH PHÒNG NGỪA, ỨNG PHÓ SỰ CỐ HOÁ CHẤT"
240,văn bản,"Trifluorochloroethylene (Ethene, chlorotrifluoro-)",Triflocloetylen,79-38-9,79-38-9,,C2ClF3,,10.000,,,IV,1. Bảng A,"DANH MỤC HOÁ CHẤT PHẢI XÂY DỰNG KẾ HOẠCH PHÒNG NGỪA, ỨNG PHÓ SỰ CỐ HOÁ CHẤT"
241,văn bản,Trimethylamine,Trimetylamin,75-50-3,75-50-3,,C3H9N,,5.000,,,IV,1. Bảng A,"DANH MỤC HOÁ CHẤT PHẢI XÂY DỰNG KẾ HOẠCH PHÒNG NGỪA, ỨNG PHÓ SỰ CỐ HOÁ CHẤT"
242,văn bản,"Trimethylchlorosilane (Silane, chlorotrimethyl-)",Trimetylclosilan,75-77-4,75-77-4,,C3H9ClSi,,5.000,,,IV,1. Bảng A,"DANH MỤC HOÁ CHẤT PHẢI XÂY DỰNG KẾ HOẠCH PHÒNG NGỪA, ỨNG PHÓ SỰ CỐ HOÁ CHẤT"
243,văn bản,Trinitroaniline,Trinitro anilin,26952-42-1,26952-42-1,,C6H4N4O6,,50.000,,,IV,1. Bảng A,"DANH MỤC HOÁ CHẤT PHẢI XÂY DỰNG KẾ HOẠCH PHÒNG NGỪA, ỨNG PHÓ SỰ CỐ HOÁ CHẤT"
244,văn bản,"2,4,6-trinitroanisole","2,4,6-Trinitroanisol",606-35-9,606-35-9,,C7H5N3O7,,10.000,,,IV,1. Bảng A,"DANH MỤC HOÁ CHẤT PHẢI XÂY DỰNG KẾ HOẠCH PHÒNG NGỪA, ỨNG PHÓ SỰ CỐ HOÁ CHẤT"
245,văn bản,Trinitrobenzene,"1,3,5-Trinitro benzen",99-35-4,99-35-4,,C6H3N3O6,,5.000,,,IV,1. Bảng A,"DANH MỤC HOÁ CHẤT PHẢI XÂY DỰNG KẾ HOẠCH PHÒNG NGỪA, ỨNG PHÓ SỰ CỐ HOÁ CHẤT"
246,văn bản,Trinitrobenzoic acid,Axit trinitrobenzoic,129-66-8,129-66-8,,C7H3N3O8,,10.000,,,IV,1. Bảng A,"DANH MỤC HOÁ CHẤT PHẢI XÂY DỰNG KẾ HOẠCH PHÒNG NGỪA, ỨNG PHÓ SỰ CỐ HOÁ CHẤT"
247,văn bản,Trinitrocresol,Trinitro cresol,602-99-3,602-99-3,,C7H5N3O7,,50.000,,,IV,1. Bảng A,"DANH MỤC HOÁ CHẤT PHẢI XÂY DỰNG KẾ HOẠCH PHÒNG NGỪA, ỨNG PHÓ SỰ CỐ HOÁ CHẤT"
248,văn bản,"2,4,6- trinitrophenetole","2,4,6-Trinitrophenetol",4732-14-3,4732-14-3,,C8H7N3O7,,10.000,,,IV,1. Bảng A,"DANH MỤC HOÁ CHẤT PHẢI XÂY DỰNG KẾ HOẠCH PHÒNG NGỪA, ỨNG PHÓ SỰ CỐ HOÁ CHẤT"
249,văn bản,"2,4,6-Trinitrophenol (picric acid)","2,4,6-Trinitrophenol",88-89-1,88-89-1,,C6H3N3O7,,10.000,,,IV,1. Bảng A,"DANH MỤC HOÁ CHẤT PHẢI XÂY DỰNG KẾ HOẠCH PHÒNG NGỪA, ỨNG PHÓ SỰ CỐ HOÁ CHẤT"
250,văn bản,"2,4,6- Trinitroresorcinol (styphnic acid)","2,4,6- Trinitroresorcinol",82-71-3,82-71-3,,C6H3N3O8,,10.000,,,IV,1. Bảng A,"DANH MỤC HOÁ CHẤT PHẢI XÂY DỰNG KẾ HOẠCH PHÒNG NGỪA, ỨNG PHÓ SỰ CỐ HOÁ CHẤT"
251,văn bản,"2,4,6-trinitrotoluene","2,4,6-trinitrotoluen",118-96-7,118-96-7,,C7H5N3O6,,10.000,,,IV,1. Bảng A,"DANH MỤC HOÁ CHẤT PHẢI XÂY DỰNG KẾ HOẠCH PHÒNG NGỪA, ỨNG PHÓ SỰ CỐ HOÁ CHẤT"
252,văn bản,Vinyl acetate monomer (Acetic acid ethenyl ester),Vinyl axetat,108-05-4,108-05-4,,C4H6O2,,10.000,,,IV,1. Bảng A,"DANH MỤC HOÁ CHẤT PHẢI XÂY DỰNG KẾ HOẠCH PHÒNG NGỪA, ỨNG PHÓ SỰ CỐ HOÁ CHẤT"
253,văn bản,Vinyl acetylene (1-Buten-3-yne),Vinyl axetylen,689-97-4,689-97-4,,C4H4,,10.000,,,IV,1. Bảng A,"DANH MỤC HOÁ CHẤT PHẢI XÂY DỰNG KẾ HOẠCH PHÒNG NGỪA, ỨNG PHÓ SỰ CỐ HOÁ CHẤT"
254,văn bản,"Vinyl chloride (Ethene, chloro)",Vinyl clorua,75-01-4,75-01-4,,C2H3Cl,,10.000,,,IV,1. Bảng A,"DANH MỤC HOÁ CHẤT PHẢI XÂY DỰNG KẾ HOẠCH PHÒNG NGỪA, ỨNG PHÓ SỰ CỐ HOÁ CHẤT"
255,văn bản,"Vinyl ethyl ether (Ethene, ethoxy-)",Vinyl etyl ete,109-92-2,109-92-2,,C4H8O,,10.000,,,IV,1. Bảng A,"DANH MỤC HOÁ CHẤT PHẢI XÂY DỰNG KẾ HOẠCH PHÒNG NGỪA, ỨNG PHÓ SỰ CỐ HOÁ CHẤT"
256,văn bản,"Vinyl fluoride (Ethene, fluoro)",Vinyl florua,75-02-5,75-02-5,,C2H3F,,10.000,,,IV,1. Bảng A,"DANH MỤC HOÁ CHẤT PHẢI XÂY DỰNG KẾ HOẠCH PHÒNG NGỪA, ỨNG PHÓ SỰ CỐ HOÁ CHẤT"
257,văn bản,"Vinyl methyl ether (Ethene, methoxy-)",Vinyl metyl ete,107-25-5,107-25-5,,C3H6O,,10.000,,,IV,1. Bảng A,"DANH MỤC HOÁ CHẤT PHẢI XÂY DỰNG KẾ HOẠCH PHÒNG NGỪA, ỨNG PHÓ SỰ CỐ HOÁ CHẤT"
258,văn bản,"Vinylidene chloride (Ethene, 1,1-dichloro-)",Vinyliden clorua,75-35-4,75-35-4,,C2H2Cl2,,10.000,,,IV,1. Bảng A,"DANH MỤC HOÁ CHẤT PHẢI XÂY DỰNG KẾ HOẠCH PHÒNG NGỪA, ỨNG PHÓ SỰ CỐ HOÁ CHẤT"
259,văn bản,"Vinylidene fluoride (Ethene, 1,1-difluoro-)",Vinyliden florua,75-38-7,75-38-7,,C2H2F2,,10.000,,,IV,1. Bảng A,"DANH MỤC HOÁ CHẤT PHẢI XÂY DỰNG KẾ HOẠCH PHÒNG NGỪA, ỨNG PHÓ SỰ CỐ HOÁ CHẤT"
260,văn bản,Warfarin ((RS)-4-hydroxy-3 -(3 -oxo-1 -phenylbutyl)-2H-chromen-2-one),Warfarin ((RS)-4-hydroxy-3-(3 -oxo-1 -phenylbutyl)-2H-chromen-2-on),81-81-2,81-81-2,,C19H16O4,,5.000,,,IV,1. Bảng A,"DANH MỤC HOÁ CHẤT PHẢI XÂY DỰNG KẾ HOẠCH PHÒNG NGỪA, ỨNG PHÓ SỰ CỐ HOÁ CHẤT"
261,văn bản,Cyanogen (Ethanedinitrile),Xyanogen (Etandinitril),460-19-5,460-19-5,,C2H2,,10.000,,,IV,1. Bảng A,"DANH MỤC HOÁ CHẤT PHẢI XÂY DỰNG KẾ HOẠCH PHÒNG NGỪA, ỨNG PHÓ SỰ CỐ HOÁ CHẤT"
262,văn bản,Cyanogen chloride,Xyanogen clorua,506-77-4,506-77-4,,CCl N,,5.000,,,IV,1. Bảng A,"DANH MỤC HOÁ CHẤT PHẢI XÂY DỰNG KẾ HOẠCH PHÒNG NGỪA, ỨNG PHÓ SỰ CỐ HOÁ CHẤT"
263,văn bản,2-cyanopropan-2-ol (acetone cyanohydrin),2-xyano-2-propanol,75-86-5,75-86-5,,C4H7NO,,5.000,,,IV,1. Bảng A,"DANH MỤC HOÁ CHẤT PHẢI XÂY DỰNG KẾ HOẠCH PHÒNG NGỪA, ỨNG PHÓ SỰ CỐ HOÁ CHẤT"
264,văn bản,Cyathoate,Xyanthoat,3734-95-0,3734-95-0,,C10H19N2O4PS,,5.000,,,IV,1. Bảng A,"DANH MỤC HOÁ CHẤT PHẢI XÂY DỰNG KẾ HOẠCH PHÒNG NGỪA, ỨNG PHÓ SỰ CỐ HOÁ CHẤT"
265,văn bản,Cyanide compounds,Các hợp chất xyanua,---,,,---,,5.000,,,IV,1. Bảng A,"DANH MỤC HOÁ CHẤT PHẢI XÂY DỰNG KẾ HOẠCH PHÒNG NGỪA, ỨNG PHÓ SỰ CỐ HOÁ CHẤT"
266,văn bản,Cycloheximide,Xycloheximit,66-81-9,66-81-9,,C15H23NO4,,5.000,,,IV,1. Bảng A,"DANH MỤC HOÁ CHẤT PHẢI XÂY DỰNG KẾ HOẠCH PHÒNG NGỪA, ỨNG PHÓ SỰ CỐ HOÁ CHẤT"
267,văn bản,Cyclohexylamine (Cyclohexanamine),Xyclohexan amin,108-91-8,108-91-8,,C6H13N,,5.000,,,IV,1. Bảng A,"DANH MỤC HOÁ CHẤT PHẢI XÂY DỰNG KẾ HOẠCH PHÒNG NGỪA, ỨNG PHÓ SỰ CỐ HOÁ CHẤT"
268,văn bản,Cyclopropane,Xyclopropan,75-19-4,75-19-4,,C3H6,,10.000,,,IV,1. Bảng A,"DANH MỤC HOÁ CHẤT PHẢI XÂY DỰNG KẾ HOẠCH PHÒNG NGỪA, ỨNG PHÓ SỰ CỐ HOÁ CHẤT"
269,văn bản,Cyclotetramethylenet etranitramine,Xyclotetrametylen tetra nitramin,2691-41-0,2691-41-0,,C4H8N8O8,,10.000,,,IV,1. Bảng A,"DANH MỤC HOÁ CHẤT PHẢI XÂY DỰNG KẾ HOẠCH PHÒNG NGỪA, ỨNG PHÓ SỰ CỐ HOÁ CHẤT"
270,văn bản,Cyclotrimethylene trinitramine,Xyclotrimetylen trinitramin,121-82-4,121-82-4,,C3H6N6O6,,10.000,,,IV,1. Bảng A,"DANH MỤC HOÁ CHẤT PHẢI XÂY DỰNG KẾ HOẠCH PHÒNG NGỪA, ỨNG PHÓ SỰ CỐ HOÁ CHẤT"
271,văn bản,"The following carcinogens or the mixtures containing the following carcinogens at concentrations above 5% by weight: 4-Aminobiphenyl and/or its salts, Benzotrichloride, Benzidine and/or salts, Bis (chloromethyl) ether, Chloromethyl methyl ether, 1,2-Dibromometan, Diethyl sulfate, Dimethyl sulfate, Dimetylcarbamoyl chloride, 1,2-Dibrom-3-chloropropane, 1,2-Dimethyl hydrazin, Dimethylnitrosamine, Hexamethylphosphoric triamide, hydrazine, 2-Naphtylamine and/or salts, 4-Nitrodiphenyl and 1,3 Propanesultone","Các chất có khả năng gây ung thư hoặc các hỗn hợp chứa các chất có khả năng gây ung thư thành phần khối lượng trên 5%: 4-Aminobiphenyl và/hoặc muối của nó, Benzotriclorid, Benzidin và/hoặc các muối, Bis (clorometyl) ete, Clometyl metyl ete, 1,2-Dibrometan, Dietyl sunphat, Dimetyl sunphat, Dimetylcacbamoyl clorit, 1,2-Dibrom-3-clo propan, 1,2-Dimetylhydrazin, Dimetylnitro amin, Hexametylphotphoric triamit, Hydrazin, 2-Naphtylamin và/hoặc muối của 4-Nitrodiphenyl và 1,3 -Propanesulton",---,,,---,,500,,,IV,1. Bảng A,"DANH MỤC HOÁ CHẤT PHẢI XÂY DỰNG KẾ HOẠCH PHÒNG NGỪA, ỨNG PHÓ SỰ CỐ HOÁ CHẤT"
1,văn bản,,,,,,,"Độc cấp tính cấp 1, tất cả các đường phơi nhiễm",5.000,,I. Nguy hại sức khỏe,IV,2. Bảng B,"DANH MỤC HOÁ CHẤT PHẢI XÂY DỰNG KẾ HOẠCH PHÒNG NGỪA, ỨNG PHÓ SỰ CỐ HOÁ CHẤT"
2,văn bản,,,,,,,"Độc cấp tính - Cấp 2, tất cả các đường phơi nhiễm - Cấp 3, đường hô hấp",50.000,,I. Nguy hại sức khỏe,IV,2. Bảng B,"DANH MỤC HOÁ CHẤT PHẢI XÂY DỰNG KẾ HOẠCH PHÒNG NGỪA, ỨNG PHÓ SỰ CỐ HOÁ CHẤT"
3,văn bản,,,,,,,Độc tính đến cơ quan cụ thể - phơi nhiễm đơn,50.000,,I. Nguy hại sức khỏe,IV,2. Bảng B,"DANH MỤC HOÁ CHẤT PHẢI XÂY DỰNG KẾ HOẠCH PHÒNG NGỪA, ỨNG PHÓ SỰ CỐ HOÁ CHẤT"
1,văn bản,,,,,,,"Chất nổ - Chất nổ không bền; - Chất nổ cấp 1.1, 1.2, 1.3, 1.5 hoặc 1.6.",10.000,,II. Nguy hại vật chất,IV,2. Bảng B,"DANH MỤC HOÁ CHẤT PHẢI XÂY DỰNG KẾ HOẠCH PHÒNG NGỪA, ỨNG PHÓ SỰ CỐ HOÁ CHẤT"
2,văn bản,,,,,,,Chất nổ cấp 1.4,50.000,,II. Nguy hại vật chất,IV,2. Bảng B,"DANH MỤC HOÁ CHẤT PHẢI XÂY DỰNG KẾ HOẠCH PHÒNG NGỪA, ỨNG PHÓ SỰ CỐ HOÁ CHẤT"
3,văn bản,,,,,,,"Khí dễ cháy cấp 1, cấp 2",10.000,,II. Nguy hại vật chất,IV,2. Bảng B,"DANH MỤC HOÁ CHẤT PHẢI XÂY DỰNG KẾ HOẠCH PHÒNG NGỪA, ỨNG PHÓ SỰ CỐ HOÁ CHẤT"
4,văn bản,,,,,,,"Sol khí dễ cháy cấp 1 và cấp 2, có chứa khí dễ cháy cấp 1, cấp 2 hoặc chất lỏng dễ cháy cấp 1",150.000 (net),,II. Nguy hại vật chất,IV,2. Bảng B,"DANH MỤC HOÁ CHẤT PHẢI XÂY DỰNG KẾ HOẠCH PHÒNG NGỪA, ỨNG PHÓ SỰ CỐ HOÁ CHẤT"
5,văn bản,,,,,,,"Sol khí dễ cháy cấp 1 và cấp 2, không chứa khí dễ cháy cấp 1, cấp 2 và không chứa chất lỏng dễ cháy cấp 1",5 000.000 (net),,II. Nguy hại vật chất,IV,2. Bảng B,"DANH MỤC HOÁ CHẤT PHẢI XÂY DỰNG KẾ HOẠCH PHÒNG NGỪA, ỨNG PHÓ SỰ CỐ HOÁ CHẤT"
6,văn bản,,,,,,,Khí oxi hóa cấp 1,50.000,,II. Nguy hại vật chất,IV,2. Bảng B,"DANH MỤC HOÁ CHẤT PHẢI XÂY DỰNG KẾ HOẠCH PHÒNG NGỪA, ỨNG PHÓ SỰ CỐ HOÁ CHẤT"
7,văn bản,,,,,,,"Chất lỏng dễ cháy: - Chất lỏng dễ cháy cấp 1, hoặc - Chất lỏng dễ cháy cấp 2 hoặc cấp 3 ở điều kiện nhiệt độ trên nhiệt độ sôi của chúng, hoặc - Các chất lỏng khác có nhiệt độ chớp cháy ≤60°C, ở điều kiện nhiệt độ trên nhiệt độ sôi của chúng.",10.000,,II. Nguy hại vật chất,IV,2. Bảng B,"DANH MỤC HOÁ CHẤT PHẢI XÂY DỰNG KẾ HOẠCH PHÒNG NGỪA, ỨNG PHÓ SỰ CỐ HOÁ CHẤT"
8,văn bản,,,,,,,"Chất lỏng dễ cháy - Chất lỏng dễ cháy cấp 2 hoặc cấp 3 ở điều kiện áp suất cao hoặc nhiệt độ cao có thể tạo ra nguy cơ lớn, hoặc - Các chất lỏng khác có nhiệt độ chớp cháy ≤60°C ở điều kiện áp suất cao hoặc nhiệt độ cao có thể tạo ra nguy cơ lớn.",50.000,,II. Nguy hại vật chất,IV,2. Bảng B,"DANH MỤC HOÁ CHẤT PHẢI XÂY DỰNG KẾ HOẠCH PHÒNG NGỪA, ỨNG PHÓ SỰ CỐ HOÁ CHẤT"
9,văn bản,,,,,,,"Chất lỏng dễ cháy cấp 2 hoặc cấp 3 không thuộc trường hợp quy định tại mục 7, mục 8 bảng này.",5.000.000,,II. Nguy hại vật chất,IV,2. Bảng B,"DANH MỤC HOÁ CHẤT PHẢI XÂY DỰNG KẾ HOẠCH PHÒNG NGỪA, ỨNG PHÓ SỰ CỐ HOÁ CHẤT"
10,văn bản,,,,,,,Chất và hỗn hợp tự phản ứng kiểu A hoặc kiểu B; peroxyt hữu cơ kiểu A hoặc kiểu B,10.000,,II. Nguy hại vật chất,IV,2. Bảng B,"DANH MỤC HOÁ CHẤT PHẢI XÂY DỰNG KẾ HOẠCH PHÒNG NGỪA, ỨNG PHÓ SỰ CỐ HOÁ CHẤT"
11,văn bản,,,,,,,"Chất và hỗn hợp tự phản ứng kiểu C, D. E. F; peroxyt hữu cơ kiểu C, D. E. F",50.000,,II. Nguy hại vật chất,IV,2. Bảng B,"DANH MỤC HOÁ CHẤT PHẢI XÂY DỰNG KẾ HOẠCH PHÒNG NGỪA, ỨNG PHÓ SỰ CỐ HOÁ CHẤT"
12,văn bản,,,,,,,Chất lỏng tự cháy cấp 1; chất rắn tự cháy cấp 1,50.000,,II. Nguy hại vật chất,IV,2. Bảng B,"DANH MỤC HOÁ CHẤT PHẢI XÂY DỰNG KẾ HOẠCH PHÒNG NGỪA, ỨNG PHÓ SỰ CỐ HOÁ CHẤT"
13,văn bản,,,,,,,"Chất lỏng oxi hóa cấp 1,2 hoặc 3; chất rắn oxi hóa cấp 1,2 hoặc 3",50.000,,II. Nguy hại vật chất,IV,2. Bảng B,"DANH MỤC HOÁ CHẤT PHẢI XÂY DỰNG KẾ HOẠCH PHÒNG NGỪA, ỨNG PHÓ SỰ CỐ HOÁ CHẤT"
14,văn bản,,,,,,,Chất hoặc hợp chất khi tiếp xúc với nước gây phát sinh khí dễ cháy cấp 1,100.000,,II. Nguy hại vật chất,IV,2. Bảng B,"DANH MỤC HOÁ CHẤT PHẢI XÂY DỰNG KẾ HOẠCH PHÒNG NGỪA, ỨNG PHÓ SỰ CỐ HOÁ CHẤT"
1,văn bản,,,,,,,Nguy hại cấp tính đến môi trường thủy sinh cấp 1,100.000,,III. Nguy hại cho môi trường,IV,2. Bảng B,"DANH MỤC HOÁ CHẤT PHẢI XÂY DỰNG KẾ HOẠCH PHÒNG NGỪA, ỨNG PHÓ SỰ CỐ HOÁ CHẤT"
2,văn bản,,,,,,,Nguy hại mãn tính đến môi trường thủy sinh cấp 2,200.000,,III. Nguy hại cho môi trường,IV,2. Bảng B,"DANH MỤC HOÁ CHẤT PHẢI XÂY DỰNG KẾ HOẠCH PHÒNG NGỪA, ỨNG PHÓ SỰ CỐ HOÁ CHẤT"
1,văn bản,,,,,,,Chất hoặc hợp chất gây nguy hiểm EUH014,100.000,,IV. Nguy hại khác,IV,2. Bảng B,"DANH MỤC HOÁ CHẤT PHẢI XÂY DỰNG KẾ HOẠCH PHÒNG NGỪA, ỨNG PHÓ SỰ CỐ HOÁ CHẤT"
2,văn bản,,,,,,,Chất hoặc hợp chất gây nguy hiểm EUH029,50.000,,IV. Nguy hại khác,IV,2. Bảng B,"DANH MỤC HOÁ CHẤT PHẢI XÂY DỰNG KẾ HOẠCH PHÒNG NGỪA, ỨNG PHÓ SỰ CỐ HOÁ CHẤT"
