id,van_ban,so_linh_vuc,linh_vuc,dieu_kien_lao_dong,phan_loai,stt,ten_nghe_cong_viec,dac_diem_dieu_kien_lao_dong
1,TT 11/2020/TT-BLĐTBXH,I,KHAI THÁC KHOÁNG SẢN,Loại VI,"Đặc biệt nặng nhọc, độc hại, nguy hiểm",1,Khoan đá bằng búa máy cầm tay trong hầm lò,"Nơi làm việc chật hẹp, thiếu ánh sáng, thiếu dưỡng khí, công việc nặng nhọc, nguy hiểm ảnh hưởng bụi, ồn và rung vượt tiêu chuẩn cho phép nhiều lần"
2,TT 11/2020/TT-BLĐTBXH,I,KHAI THÁC KHOÁNG SẢN,Loại VI,"Đặc biệt nặng nhọc, độc hại, nguy hiểm",2,Khai thác mỏ hầm lò,"Nơi làm việc chật hẹp, thiếu dưỡng khí, công việc thủ công, rất nặng nhọc, nguy hiểm, chịu tác động của bụi, ồn, CO2."
3,TT 11/2020/TT-BLĐTBXH,I,KHAI THÁC KHOÁNG SẢN,Loại VI,"Đặc biệt nặng nhọc, độc hại, nguy hiểm",3,"Sấy, nghiền, trộn, đóng gói, vật liệu nổ","Công việc độc hại, nguy hiểm, thường xuyên tiếp xúc với nhiệt độ cao, ồn, bụi và hóa chất độc (TNT, Cl2, Licacmon...)"
4,TT 11/2020/TT-BLĐTBXH,I,KHAI THÁC KHOÁNG SẢN,Loại VI,"Đặc biệt nặng nhọc, độc hại, nguy hiểm",4,Lái máy xúc dung tích gầu từ 8m3 trở lên,"Công việc nặng nhọc, tư thế lao động gò bó, chịu tác động của bụi, ồn và rung vượt tiêu chuẩn cho phép nhiều lần."
5,TT 11/2020/TT-BLĐTBXH,I,KHAI THÁC KHOÁNG SẢN,Loại VI,"Đặc biệt nặng nhọc, độc hại, nguy hiểm",5,Đội viên cứu hộ mỏ,Nghề đặc biệt nguy hiểm
6,TT 11/2020/TT-BLĐTBXH,I,KHAI THÁC KHOÁNG SẢN,Loại VI,"Đặc biệt nặng nhọc, độc hại, nguy hiểm",6,Khai thác quặng kim loại màu bằng phương pháp hầm lò,"Nơi làm việc chật hẹp, thiếu dưỡng khí, ẩm ướt, công việc thủ công, rất nặng nhọc, nguy hiểm, chịu tác động của bụi, ồn, khí CO2"
7,TT 11/2020/TT-BLĐTBXH,I,KHAI THÁC KHOÁNG SẢN,Loại VI,"Đặc biệt nặng nhọc, độc hại, nguy hiểm",7,"Vận hành các thiết bị công nghệ luyện kim bằng phương pháp thủy, hỏa luyện (đồng, kẽm, thiếc, Titan, Crom, Vonfram,...)","Làm việc trong môi trường nhiệt độ cao, bụi, asen, hơi khí độc, hóa chất"
8,TT 11/2020/TT-BLĐTBXH,I,KHAI THÁC KHOÁNG SẢN,Loại V,"Đặc biệt nặng nhọc, độc hại, nguy hiểm",1,Khoan khai thác đá bằng búa máy cầm tay,"Làm việc trên các sườn núi đá, công việc nặng nhọc, nguy hiểm ảnh hưởng của bụi, ồn và rung rất lớn"
9,TT 11/2020/TT-BLĐTBXH,I,KHAI THÁC KHOÁNG SẢN,Loại V,"Đặc biệt nặng nhọc, độc hại, nguy hiểm",2,"Vận hành khoan xoay cầu, khoan búa ép hơi","Làm ngoài trời, nguy hiểm, tiếp xúc thường xuyên với ồn cao và bụi vượt tiêu chuẩn cho phép rất nhiều lần"
10,TT 11/2020/TT-BLĐTBXH,I,KHAI THÁC KHOÁNG SẢN,Loại V,"Đặc biệt nặng nhọc, độc hại, nguy hiểm",3,Sửa chữa cơ điện trong hầm lò,"Nơi làm việc chật hẹp, nguy hiểm, tư thế lao động gò bó, chịu tác động của ồn, bụi than"
11,TT 11/2020/TT-BLĐTBXH,I,KHAI THÁC KHOÁNG SẢN,Loại V,"Đặc biệt nặng nhọc, độc hại, nguy hiểm",4,"Vận hành trạm quạt khí nén, điện, diezel, trạm sạc ắc quy trong hầm lò","Nơi làm việc chật hẹp, nguy hiểm, thiếu dưỡng khí, chịu tác động của ồn, bụi và nóng"
12,TT 11/2020/TT-BLĐTBXH,I,KHAI THÁC KHOÁNG SẢN,Loại V,"Đặc biệt nặng nhọc, độc hại, nguy hiểm",5,"Thợ sắt, thợ thoát nước trong hầm lò","Công việc thủ công, nặng nhọc, nguy hiểm, chịu tác động của bụi, ồn và CO2"
13,TT 11/2020/TT-BLĐTBXH,I,KHAI THÁC KHOÁNG SẢN,Loại V,"Đặc biệt nặng nhọc, độc hại, nguy hiểm",6,"Lái, phụ lái đầu máy xe lửa chở than","Công việc nguy hiểm, chịu tác động của ồn, rung và bụi."
14,TT 11/2020/TT-BLĐTBXH,I,KHAI THÁC KHOÁNG SẢN,Loại V,"Đặc biệt nặng nhọc, độc hại, nguy hiểm",7,Vận tải than trong hầm lò,"Công việc thủ công, nặng nhọc, nguy hiểm, chịu tác động của ồn, bụi và nóng"
15,TT 11/2020/TT-BLĐTBXH,I,KHAI THÁC KHOÁNG SẢN,Loại V,"Đặc biệt nặng nhọc, độc hại, nguy hiểm",8,"Đo khí, đo gió, trực cửa gió, trắc địa, KCS trong hầm lò","Công việc nặng nhọc, nguy hiểm, tư thế lao động gò bó, ảnh hưởng của ồn, nóng, bụi"
16,TT 11/2020/TT-BLĐTBXH,I,KHAI THÁC KHOÁNG SẢN,Loại V,"Đặc biệt nặng nhọc, độc hại, nguy hiểm",9,Chỉ đạo kỹ thuật trực tiếp trong hầm lò,"Giải quyết nhiều công việc phức tạp, nơi làm việc nóng, bụi và nguy hiểm"
17,TT 11/2020/TT-BLĐTBXH,I,KHAI THÁC KHOÁNG SẢN,Loại V,"Đặc biệt nặng nhọc, độc hại, nguy hiểm",10,Thủ kho mìn trong hầm lò,"Công việc độc hại, nguy hiểm, ảnh hưởng của ồn, nóng và bụi"
18,TT 11/2020/TT-BLĐTBXH,I,KHAI THÁC KHOÁNG SẢN,Loại V,"Đặc biệt nặng nhọc, độc hại, nguy hiểm",11,"Lấy mẫu, hóa nghiệm phân tích than","Thường xuyên tiếp xúc với nóng, bụi, CO và các hóa chất độc khác"
19,TT 11/2020/TT-BLĐTBXH,I,KHAI THÁC KHOÁNG SẢN,Loại V,"Đặc biệt nặng nhọc, độc hại, nguy hiểm",12,Làm và sửa chữa đường mỏ,"Công việc thủ công, nặng nhọc, chịu tác động của nóng, bụi và ồn"
20,TT 11/2020/TT-BLĐTBXH,I,KHAI THÁC KHOÁNG SẢN,Loại V,"Đặc biệt nặng nhọc, độc hại, nguy hiểm",13,"Vận hành máy khoan super, khoan sông đơ, khoan đập cáp trên các mỏ lộ thiên","Công việc nặng nhọc, nguy hiểm, chịu tác động của bụi, ồn và rung lớn"
21,TT 11/2020/TT-BLĐTBXH,I,KHAI THÁC KHOÁNG SẢN,Loại V,"Đặc biệt nặng nhọc, độc hại, nguy hiểm",14,Bắn mìn lộ thiên,"Công việc nặng nhọc, nguy hiểm, chịu tác động của ồn, bụi và khí NO2"
22,TT 11/2020/TT-BLĐTBXH,I,KHAI THÁC KHOÁNG SẢN,Loại V,"Đặc biệt nặng nhọc, độc hại, nguy hiểm",15,Khai thác đá thủ công,"Công việc thủ công, nặng nhọc, nguy hiểm, chịu tác động của nóng, bụi và ồn, dễ mắc bệnh nghề nghiệp"
23,TT 11/2020/TT-BLĐTBXH,I,KHAI THÁC KHOÁNG SẢN,Loại V,"Đặc biệt nặng nhọc, độc hại, nguy hiểm",16,"Lái, phụ xe, áp tải xe chở vật liệu nổ","Công việc độc hại, nguy hiểm, chịu tác động cả bụi, ồn và rung"
24,TT 11/2020/TT-BLĐTBXH,I,KHAI THÁC KHOÁNG SẢN,Loại V,"Đặc biệt nặng nhọc, độc hại, nguy hiểm",17,"Thuyền viên, kỹ thuật viên, thợ máy tàu vận tải thủy chở vật liệu nổ","Công việc độc hại, nguy hiểm, chịu tác động của sóng nước, ồn và rung"
25,TT 11/2020/TT-BLĐTBXH,I,KHAI THÁC KHOÁNG SẢN,Loại V,"Đặc biệt nặng nhọc, độc hại, nguy hiểm",18,"Bảo quản, bốc xếp vật liệu nổ","Công việc thủ công, nặng nhọc, nguy hiểm, chịu tác động của bụi, khí độc"
26,TT 11/2020/TT-BLĐTBXH,I,KHAI THÁC KHOÁNG SẢN,Loại V,"Đặc biệt nặng nhọc, độc hại, nguy hiểm",19,Thử nổ,"Làm việc ngoài trời, nguy hiểm, chịu tác động của ồn, bụi và NO2"
27,TT 11/2020/TT-BLĐTBXH,I,KHAI THÁC KHOÁNG SẢN,Loại V,"Đặc biệt nặng nhọc, độc hại, nguy hiểm",20,Bắn mìn để khai thác cao lanh,"Làm việc ngoài trời nặng nhọc, nguy hiểm; chịu tác động của tiếng ồn, bụi đất đá có hàm lượng SiO2 cao"
28,TT 11/2020/TT-BLĐTBXH,I,KHAI THÁC KHOÁNG SẢN,Loại V,"Đặc biệt nặng nhọc, độc hại, nguy hiểm",21,Rèn búa máy từ 1 tấn trở lên,"Chịu tác động của nhiệt độ cao, rung động lớn và tiếng ồn vượt tiêu chuẩn cho phép"
29,TT 11/2020/TT-BLĐTBXH,I,KHAI THÁC KHOÁNG SẢN,Loại V,"Đặc biệt nặng nhọc, độc hại, nguy hiểm",22,"Chỉ đạo sản xuất trực tiếp trong hầm lò (quản đốc, phó quản đốc, đội trưởng lò, lò trưởng)","Giải quyết nhiều công việc phức tạp; nơi làm việc chật hẹp, thiếu dưỡng khí, chịu tác động của bụi, ồn, khí CO2"
30,TT 11/2020/TT-BLĐTBXH,I,KHAI THÁC KHOÁNG SẢN,Loại V,"Đặc biệt nặng nhọc, độc hại, nguy hiểm",23,"Khai thác quặng kim loại màu bằng phương pháp lộ thiên, bán lộ thiên","Công việc thủ công, nóng, thường xuyên tiếp xúc với bụi độc, thiếu dưỡng khí"
31,TT 11/2020/TT-BLĐTBXH,I,KHAI THÁC KHOÁNG SẢN,Loại V,"Đặc biệt nặng nhọc, độc hại, nguy hiểm",24,"Vận hành các thiết bị tuyển quặng kim loại màu bằng phương pháp tuyển nổi, tuyển trọng lực, tuyển từ (hóa, tách, ngâm, chiết,...)","Chịu tác động tiếng ồn cao, bụi, độc hóa chất, asen, oxit kim loại..."
32,TT 11/2020/TT-BLĐTBXH,I,KHAI THÁC KHOÁNG SẢN,Loại V,"Đặc biệt nặng nhọc, độc hại, nguy hiểm",25,"Vận hành các thiết bị phụ trợ trong công nghệ luyện kim (đồng, kẽm, thiếc, Vonfram, Titan, Crom,...) bằng phương pháp thủy, hỏa luyện","Thường xuyên tiếp xúc với nhiệt độ cao, asen, khí độc, hóa chất"
33,TT 11/2020/TT-BLĐTBXH,I,KHAI THÁC KHOÁNG SẢN,Loại V,"Đặc biệt nặng nhọc, độc hại, nguy hiểm",26,"Nhân viên, công nhân giám sát an toàn trong hầm lò; công nhân vận hành, sửa chữa các thiết bị trong hầm lò; vận hành và phụ tàu điện, tàu ắc quy trong hầm lò; vận hành, sửa chữa, nạp ắc quy trong hầm lò; nghiệm thu các sản phẩm trong hầm lò; thủ kho các loại trong hầm lò; bảo vệ kho trong hầm lò; quét dọn hầm vệ sinh, nạo vét bùn trong hầm lò; vận chuyển vật liệu trong hầm lò; trực gác tín hiệu trong hầm lò; phục vụ bồi dưỡng trong hầm lò; lắp đặt, sửa chữa hệ thống thông tin liên lạc trong hầm lò; vận hành trạm mạng trong hầm lò; trực gác cửa gió trong hầm lò; đo khí, đo gió trong hầm lò","Nơi làm việc chật hẹp, nguy hiểm, tư thế lao động gò bó, chịu tác động của ồn, bụi than và khí CO2"
34,TT 11/2020/TT-BLĐTBXH,I,KHAI THÁC KHOÁNG SẢN,Loại V,"Đặc biệt nặng nhọc, độc hại, nguy hiểm",27,"Công nhân điện phân (chăm sóc, ra vào các tấm dương cực, âm cực, bùn...), sản xuất đồng thỏi","Làm việc trong môi trường nhiệt độ cao, bụi, nhiều loại hơi khí độc, nguy cơ bị bỏng hơi axit cao"
35,TT 11/2020/TT-BLĐTBXH,I,KHAI THÁC KHOÁNG SẢN,Loại V,"Đặc biệt nặng nhọc, độc hại, nguy hiểm",28,"Thao tác xử lý bùn điện phân, thu hồi kim loại quý trong sản xuất kim loại màu","Thường xuyên tiếp xúc với nhiệt độ cao, asen, khí độc, oxit kim loại..."
36,TT 11/2020/TT-BLĐTBXH,I,KHAI THÁC KHOÁNG SẢN,Loại V,"Đặc biệt nặng nhọc, độc hại, nguy hiểm",29,Sửa chữa lò nấu luyện sản xuất kim loại màu,"Thường xuyên tiếp xúc với nhiệt độ cao, asen, khí độc, oxit kim loại..."
37,TT 11/2020/TT-BLĐTBXH,I,KHAI THÁC KHOÁNG SẢN,Loại V,"Đặc biệt nặng nhọc, độc hại, nguy hiểm",30,Vệ sinh công nghiệp trong sản xuất kim loại màu,"Công việc thủ công, nóng, thường xuyên tiếp xúc với bụi độc và các hơi khí độc, dung môi khác"
38,TT 11/2020/TT-BLĐTBXH,I,KHAI THÁC KHOÁNG SẢN,Loại V,"Đặc biệt nặng nhọc, độc hại, nguy hiểm",31,"Công nhân trộn, đổ bê tông trong hầm lò","Nơi làm việc chật hẹp, thiếu dưỡng khí, công việc thủ công nặng nhọc, tư thế lao động gò bó, chịu tác động của ồn, nóng, bụi"
39,TT 11/2020/TT-BLĐTBXH,I,KHAI THÁC KHOÁNG SẢN,Loại V,"Đặc biệt nặng nhọc, độc hại, nguy hiểm",32,Quan trắc khí mỏ trong hầm lò,"Thường xuyên làm việc trong hầm lò, nơi làm việc chật hẹp, nguy hiểm, thiếu dưỡng khí, tư thế lao động gò bó, chịu tác động của ồn, nóng, bụi"
40,TT 11/2020/TT-BLĐTBXH,I,KHAI THÁC KHOÁNG SẢN,Loại V,"Đặc biệt nặng nhọc, độc hại, nguy hiểm",33,"Lái máy gạt, ủi có công suất từ 180 CV trở lên","Tư thế làm việc gò bó, chịu tác động của bụi, ồn cao và rung mạnh"
41,TT 11/2020/TT-BLĐTBXH,I,KHAI THÁC KHOÁNG SẢN,Loại V,"Đặc biệt nặng nhọc, độc hại, nguy hiểm",34,"Vận hành thiết bị gia nhiệt ống chùm tiền khử silic, bồn kiềm, khử silic nhà máy Alumin","Chịu nhiệt độ cao, tiếp xúc hơi kiềm và nguồn phóng xạ; tiếng ồn vượt chỉ tiêu cho phép"
42,TT 11/2020/TT-BLĐTBXH,I,KHAI THÁC KHOÁNG SẢN,Loại V,"Đặc biệt nặng nhọc, độc hại, nguy hiểm",35,Vận hành thiết bị gia nhiệt ống chùm khu vực hòa tách; tách hơi nhà máy Alumin,"Chịu nhiệt độ cao, tiếp xúc hơi kiềm và nguồn phóng xạ; tiếng ồn vượt chỉ tiêu cho phép"
43,TT 11/2020/TT-BLĐTBXH,I,KHAI THÁC KHOÁNG SẢN,Loại V,"Đặc biệt nặng nhọc, độc hại, nguy hiểm",36,Vận hành khu vực lọc hydrat và nung Alumin,"Công việc nặng nhọc độc hại chịu tác động của bức xạ nhiệt, khí CO; tiếng ồn, rung vượt chỉ tiêu cho phép"
44,TT 11/2020/TT-BLĐTBXH,I,KHAI THÁC KHOÁNG SẢN,Loại V,"Đặc biệt nặng nhọc, độc hại, nguy hiểm",37,Vận hành lò khí hóa than,"Chịu tác động nhiệt độ, nóng, ồn, rung, bụi, khí H2; CO; CO2 cao"
45,TT 11/2020/TT-BLĐTBXH,I,KHAI THÁC KHOÁNG SẢN,Loại IV,"Nặng nhọc, độc hại, nguy hiểm",1,Vận hành bơm tuyển quặng sắt trong hầm,"Làm việc dưới hầm sâu, lầy lội, chật hẹp, thiếu ánh sáng, ảnh hưởng của tiếng ồn"
46,TT 11/2020/TT-BLĐTBXH,I,KHAI THÁC KHOÁNG SẢN,Loại IV,"Nặng nhọc, độc hại, nguy hiểm",2,Vận hành máy sàng quay to tuyển quặng sắt,"Làm việc trên sàn cao, chịu tác động của tiếng ồn cao"
47,TT 11/2020/TT-BLĐTBXH,I,KHAI THÁC KHOÁNG SẢN,Loại IV,"Nặng nhọc, độc hại, nguy hiểm",3,Vận hành máy nghiền to tuyển quặng sắt,"Làm việc dưới hầm sâu, chật hẹp, lầy lội, thiếu ánh sáng, ảnh hưởng của ồn"
48,TT 11/2020/TT-BLĐTBXH,I,KHAI THÁC KHOÁNG SẢN,Loại IV,"Nặng nhọc, độc hại, nguy hiểm",4,Vận hành băng tải tuyển quặng sắt hầm ngầm,"Công việc nặng nhọc, ồn cao"
49,TT 11/2020/TT-BLĐTBXH,I,KHAI THÁC KHOÁNG SẢN,Loại IV,"Nặng nhọc, độc hại, nguy hiểm",5,Vận hành máy sàng rung tuyển quặng sắt,Ảnh hưởng của tiếng ồn và rất rung
50,TT 11/2020/TT-BLĐTBXH,I,KHAI THÁC KHOÁNG SẢN,Loại IV,"Nặng nhọc, độc hại, nguy hiểm",6,Vận hành máy nghiền bi tuyển quặng,"Làm việc trong điều kiện lầy lội ẩm ướt, tiếng ồn cao"
51,TT 11/2020/TT-BLĐTBXH,I,KHAI THÁC KHOÁNG SẢN,Loại IV,"Nặng nhọc, độc hại, nguy hiểm",7,Vận hành máy nghiền vừa tuyển quặng,"Thường xuyên tiếp xúc với tiếng ồn cao. Làm việc trên sàn, đi lại liên tục"
52,TT 11/2020/TT-BLĐTBXH,I,KHAI THÁC KHOÁNG SẢN,Loại IV,"Nặng nhọc, độc hại, nguy hiểm",8,Vận hành súng bắn nước tuyển quặng,"Công việc nặng nhọc, nơi làm việc chật hẹp, ẩm ướt, tiếng ồn cao"
53,TT 11/2020/TT-BLĐTBXH,I,KHAI THÁC KHOÁNG SẢN,Loại IV,"Nặng nhọc, độc hại, nguy hiểm",9,Sửa chữa cơ điện trên các mỏ lộ thiên,"Tư thế lao động gò bó, chịu tác động của ồn, dầu mỡ và bụi"
54,TT 11/2020/TT-BLĐTBXH,I,KHAI THÁC KHOÁNG SẢN,Loại IV,"Nặng nhọc, độc hại, nguy hiểm",10,Vận hành máy bơm nước dưới moong,"Chịu tác động của ồn, rung và nóng"
55,TT 11/2020/TT-BLĐTBXH,I,KHAI THÁC KHOÁNG SẢN,Loại IV,"Nặng nhọc, độc hại, nguy hiểm",11,"Sàng tuyển thủ công, khai thác than thủ công ở mỏ lộ thiên","Công việc nặng nhọc, làm ngoài trời, chịu khai thác than thủ tác động của ồn, bụi"
56,TT 11/2020/TT-BLĐTBXH,I,KHAI THÁC KHOÁNG SẢN,Loại IV,"Nặng nhọc, độc hại, nguy hiểm",12,"Vận hành băng tải, máy nghiền, sàng than, đá; chọc máng than, chọc máng quang lật điện, tời gầm sàng","Công việc nặng nhọc, chịu tác động của ồn, rung và bụi vượt tiêu chuẩn cho phép nhiều lần"
57,TT 11/2020/TT-BLĐTBXH,I,KHAI THÁC KHOÁNG SẢN,Loại IV,"Nặng nhọc, độc hại, nguy hiểm",13,"Bảo vệ, giao nhận, thủ kho, phụ kho xí nghiệp sản xuất vật liệu nổ","Nơi làm việc nguy hiểm, kém thông thoáng, chịu tác động của khí, bụi độc"
58,TT 11/2020/TT-BLĐTBXH,I,KHAI THÁC KHOÁNG SẢN,Loại IV,"Nặng nhọc, độc hại, nguy hiểm",14,Thí nghiệm vật liệu nổ,Thường xuyên tiếp xúc với hóa chất và bụi độc.
59,TT 11/2020/TT-BLĐTBXH,I,KHAI THÁC KHOÁNG SẢN,Loại IV,"Nặng nhọc, độc hại, nguy hiểm",15,Lái máy trục bốc dỡ vật liệu nổ,Chịu tác động của hóa chất và bụi độc
60,TT 11/2020/TT-BLĐTBXH,I,KHAI THÁC KHOÁNG SẢN,Loại IV,"Nặng nhọc, độc hại, nguy hiểm",16,Sửa chữa cơ điện các thiết bị sản xuất vật liệu nổ,"Tư thế làm việc gò bó, chịu tác động của xăng, dầu, hóa chất và bụi độc"
61,TT 11/2020/TT-BLĐTBXH,I,KHAI THÁC KHOÁNG SẢN,Loại IV,"Nặng nhọc, độc hại, nguy hiểm",17,Vệ sinh công nghiệp xí nghiệp vật liệu nổ,"Công việc thủ công, nặng nhọc, chịu tác động sản xuất của hóa chất và bụi độc"
62,TT 11/2020/TT-BLĐTBXH,I,KHAI THÁC KHOÁNG SẢN,Loại IV,"Nặng nhọc, độc hại, nguy hiểm",18,Trực tiếp chỉ đạo sản xuất và kiểm tra chất lượng vật liệu nổ,Thường xuyên tiếp xúc với hóa chất và bụi độc
63,TT 11/2020/TT-BLĐTBXH,I,KHAI THÁC KHOÁNG SẢN,Loại IV,"Nặng nhọc, độc hại, nguy hiểm",19,"Lái máy gạt, ủi công suất dưới 180 CV","Chịu tác động của nóng, bụi, ồn và rung"
64,TT 11/2020/TT-BLĐTBXH,I,KHAI THÁC KHOÁNG SẢN,Loại IV,"Nặng nhọc, độc hại, nguy hiểm",20,Lái máy xúc dung tích gầu dưới 4 m3,"Chịu tác động của nóng, bụi, ồn và rung"
65,TT 11/2020/TT-BLĐTBXH,I,KHAI THÁC KHOÁNG SẢN,Loại IV,"Nặng nhọc, độc hại, nguy hiểm",21,Vận hành máy nghiền sàng đá,"Làm việc ngoài trời, chịu tác động của ồn, rung và bụi nồng độ rất cao"
66,TT 11/2020/TT-BLĐTBXH,I,KHAI THÁC KHOÁNG SẢN,Loại IV,"Nặng nhọc, độc hại, nguy hiểm",22,"Lái xe vận tải chở than, đá trong khu khai thác mỏ","Công việc nặng nhọc, nguy hiểm, chịu tác động của rung, ồn và bụi vượt tiêu chuẩn cho phép"
67,TT 11/2020/TT-BLĐTBXH,I,KHAI THÁC KHOÁNG SẢN,Loại IV,"Nặng nhọc, độc hại, nguy hiểm",23,Quấn ống giấy bao gói vật liệu nổ,"Chịu tác động của nóng, hóa chất độc trong suốt ca làm việc"
68,TT 11/2020/TT-BLĐTBXH,I,KHAI THÁC KHOÁNG SẢN,Loại IV,"Nặng nhọc, độc hại, nguy hiểm",24,Khai thác cao lanh thủ công tại mỏ lộ thiên,"Làm việc ngoài trời thủ công, nặng nhọc; chịu tác động của nhiệt độ nóng, lạnh, gió chênh cao ở mong sâu và bụi đá có hàm lượng SiO2 cao"
69,TT 11/2020/TT-BLĐTBXH,I,KHAI THÁC KHOÁNG SẢN,Loại IV,"Nặng nhọc, độc hại, nguy hiểm",25,Chế biến cao lanh thủ công,"Công việc ngoài trời nặng nhọc, thủ công, đơn điệu; chịu tác động của bụi đất đá có hàm lượng SiO2 cao"
70,TT 11/2020/TT-BLĐTBXH,I,KHAI THÁC KHOÁNG SẢN,Loại IV,"Nặng nhọc, độc hại, nguy hiểm",26,"Vận hành cầu poóc-tích, máy bốc rót than nhà máy sàng tuyển than","Làm việc trên cao, chịu tác động của nắng, nóng và bụi; căng thẳng thần kinh tâm lý"
71,TT 11/2020/TT-BLĐTBXH,I,KHAI THÁC KHOÁNG SẢN,Loại IV,"Nặng nhọc, độc hại, nguy hiểm",27,Vận hành toa xe tự lật nhà máy sàng tuyển than,"Làm việc ngoài trời, chịu tác động của nắng, nóng, bụi than vượt tiêu chuẩn cho phép"
72,TT 11/2020/TT-BLĐTBXH,I,KHAI THÁC KHOÁNG SẢN,Loại IV,"Nặng nhọc, độc hại, nguy hiểm",28,Sửa chữa cơ điện trong nhà máy sàng tuyển than,"Công việc nặng nhọc, tư thế lao động gò bó; tiếp xúc thường xuyên với dầu mỡ, bụi than, nhiệt độ cao, rung và tiếng ồn vượt tiêu chuẩn cho phép"
73,TT 11/2020/TT-BLĐTBXH,I,KHAI THÁC KHOÁNG SẢN,Loại IV,"Nặng nhọc, độc hại, nguy hiểm",29,"Thay mỡ, bơm dầu ổ trục các thiết bị nhà máy sàng tuyển than","Công việc nặng nhọc, tiếp xúc với dầu, mỡ; ảnh hưởng của môi trường nóng, ồn, rung và bụi than vượt tiêu chuẩn cho phép"
74,TT 11/2020/TT-BLĐTBXH,I,KHAI THÁC KHOÁNG SẢN,Loại IV,"Nặng nhọc, độc hại, nguy hiểm",30,"Bẩy xe, chèn xe trong gầm nhà sàng tuyển than","Công việc nặng nhọc, nguy hiểm; chịu tác động của môi trường nóng, ồn, rung và bụi than vượt tiêu chuẩn cho phép"
75,TT 11/2020/TT-BLĐTBXH,I,KHAI THÁC KHOÁNG SẢN,Loại IV,"Nặng nhọc, độc hại, nguy hiểm",31,"Xúc dọn thủ công than và tạp chất trên tàu, xà lan, băng truyền tải và trong nhà máy sàng tuyển than","Công việc nặng nhọc; chịu tác động của môi trường nóng, ồn, rung và bụi than vượt tiêu chuẩn cho phép"
76,TT 11/2020/TT-BLĐTBXH,I,KHAI THÁC KHOÁNG SẢN,Loại IV,"Nặng nhọc, độc hại, nguy hiểm",32,"Nhặt than, nhặt tạp chất trên băng chuyền nhà máy sàng tuyển than","Công việc đơn điệu; chịu tác động của môi trường nóng, ồn, rung và bụi than vượt tiêu chuẩn cho phép"
77,TT 11/2020/TT-BLĐTBXH,I,KHAI THÁC KHOÁNG SẢN,Loại IV,"Nặng nhọc, độc hại, nguy hiểm",33,"Dỡ tải than (chọc than, đổ than, mở máng than...) trong nhà máy sàng tuyển than","Chịu tác động của môi trường nóng, ồn, rung và bụi than vượt tiêu chuẩn cho phép; công việc có yếu tố nguy hiểm"
78,TT 11/2020/TT-BLĐTBXH,I,KHAI THÁC KHOÁNG SẢN,Loại IV,"Nặng nhọc, độc hại, nguy hiểm",34,"Móc ngáo (móc cáp, móc xích) trong nhà máy sàng tuyển","Công việc nặng nhọc, đơn điệu; làm việc ngoài trời, chịu tác động của môi trường (nóng, lạnh, gió...) và bụi than vượt tiêu chuẩn cho phép"
79,TT 11/2020/TT-BLĐTBXH,I,KHAI THÁC KHOÁNG SẢN,Loại IV,"Nặng nhọc, độc hại, nguy hiểm",35,"Sửa chữa, bảo dưỡng các thiết bị khai thác than (khoan, xúc, gạt, ủi...)","Công việc nặng nhọc, tư thế lao động gò bó; tiếp xúc với bụi bẩn và dầu mỡ"
80,TT 11/2020/TT-BLĐTBXH,I,KHAI THÁC KHOÁNG SẢN,Loại IV,"Nặng nhọc, độc hại, nguy hiểm",36,"Chỉ đạo sản xuất trực tiếp khai thác than lộ thiên và trong nhà máy sàng tuyển (quản đốc, phó quản đốc, đội trưởng)","Chịu tác động của môi trường nóng, ồn, rung và bụi than vượt tiêu chuẩn cho phép"
81,TT 11/2020/TT-BLĐTBXH,I,KHAI THÁC KHOÁNG SẢN,Loại IV,"Nặng nhọc, độc hại, nguy hiểm",37,"Vận hành các thiết bị tuyển than bằng phương pháp tuyển nổi, tuyển từ trong nhà máy sàng tuyển than","Thường xuyên chịu tác động ồn cao, bụi, độc hóa chất"
82,TT 11/2020/TT-BLĐTBXH,I,KHAI THÁC KHOÁNG SẢN,Loại IV,"Nặng nhọc, độc hại, nguy hiểm",38,"Vệ sinh công nghiệp trong các phân xưởng sửa chữa ô tô, thiết bị khai thác mỏ","Công việc thủ công, chịu tác động của ồn, tiếp xúc dầu mỡ và chất thải công nghiệp"
83,TT 11/2020/TT-BLĐTBXH,I,KHAI THÁC KHOÁNG SẢN,Loại IV,"Nặng nhọc, độc hại, nguy hiểm",39,"Bảo vệ tài nguyên, ranh giới mỏ than","Làm việc ngoài trời, đi lại nhiều, công việc nguy hiểm"
84,TT 11/2020/TT-BLĐTBXH,I,KHAI THÁC KHOÁNG SẢN,Loại IV,"Nặng nhọc, độc hại, nguy hiểm",40,"Công nhân nạp ắc quy, sửa chữa đèn lò; sửa chữa, cấp phát ắc quy, đèn lò","Công việc thủ công, thường xuyên tiếp xúc với chì và axít"
85,TT 11/2020/TT-BLĐTBXH,I,KHAI THÁC KHOÁNG SẢN,Loại IV,"Nặng nhọc, độc hại, nguy hiểm",41,Công nhân sửa chữa máy bốc rót than nhà máy sàng tuyển than,"Làm việc trên cao, công việc nguy hiểm, tư thế lao động gò bó"
86,TT 11/2020/TT-BLĐTBXH,I,KHAI THÁC KHOÁNG SẢN,Loại IV,"Nặng nhọc, độc hại, nguy hiểm",42,Thủ kho vật liệu nổ công nghiệp,"Làm việc ngoài lò, công việc nặng nhọc, nguy hiểm, tiếp xúc với hóa chất độc hại"
87,TT 11/2020/TT-BLĐTBXH,I,KHAI THÁC KHOÁNG SẢN,Loại IV,"Nặng nhọc, độc hại, nguy hiểm",43,"Chỉ đạo sản xuất trực tiếp khai thác bauxit lộ thiên và tuyển quặng bau xít (quản đốc, phó quản đốc, trưởng ca)","Chịu tác động của môi trường nóng ồn, rung và bụi vượt chỉ tiêu cho phép"
88,TT 11/2020/TT-BLĐTBXH,I,KHAI THÁC KHOÁNG SẢN,Loại IV,"Nặng nhọc, độc hại, nguy hiểm",44,Vận hành băng tải vận chuyển quặng bauxit trong sản xuất Alumin,"Công việc nặng nhọc, chịu tác động của ồn, rung và bụi vượt tiêu chuẩn cho phép nhiều lần; vị trí làm việc chật hẹp."
89,TT 11/2020/TT-BLĐTBXH,I,KHAI THÁC KHOÁNG SẢN,Loại IV,"Nặng nhọc, độc hại, nguy hiểm",45,Vận hành hệ thống bơm bùn tuyển quặng bauxit,"Công việc nặng nhọc, nơi làm việc lầy lội, ẩm ướt, chịu tác động của ồn, rung. Thường xuyên tiếp xúc với các loại axit, kiềm, xút…."
90,TT 11/2020/TT-BLĐTBXH,I,KHAI THÁC KHOÁNG SẢN,Loại IV,"Nặng nhọc, độc hại, nguy hiểm",46,"Chỉ đạo sản xuất trực tiếp trong nhà máy Khí hóa than và sản xuất Alumin (quản đốc, phó quản đốc, trưởng ca)","Chịu tác động hơi kiềm, ồn, rung và bụi vượt tiêu chuẩn cho phép"
91,TT 11/2020/TT-BLĐTBXH,I,KHAI THÁC KHOÁNG SẢN,Loại IV,"Nặng nhọc, độc hại, nguy hiểm",47,Vận hành hệ thống điều khiển trung tâm toàn nhà máy sản xuất alumin và tại các phân xưởng,"Căng thẳng thần kinh, chịu tác động của tiếng ồn, rung"
92,TT 11/2020/TT-BLĐTBXH,I,KHAI THÁC KHOÁNG SẢN,Loại IV,"Nặng nhọc, độc hại, nguy hiểm",48,Vận hành máy dỡ liệu; rải liệu quặng bauxít,"Công việc đi lại thường xuyên, nơi làm việc chật hẹp, chịu tác động của tiếng ồn, bụi, rung vượt tiêu chuẩn cho phép"
93,TT 11/2020/TT-BLĐTBXH,I,KHAI THÁC KHOÁNG SẢN,Loại IV,"Nặng nhọc, độc hại, nguy hiểm",49,Vận hành các thiết bị khu vực lắng rửa bùn đỏ,"Chịu tác động hơi nóng, độ cao và nhiệt độ cao, tiếp xúc hơi kiềm và nguồn phóng xạ; tiếng ồn vượt chỉ tiêu cho phép"
94,TT 11/2020/TT-BLĐTBXH,I,KHAI THÁC KHOÁNG SẢN,Loại IV,"Nặng nhọc, độc hại, nguy hiểm",50,Vận hành các thiết bị khu vực kết tinh hydrat,"Chịu tác động nhiệt độ cao, tiếp xúc hơi kiềm và nguồn phóng xạ; tiếng ồn vượt chỉ tiêu cho phép"
95,TT 11/2020/TT-BLĐTBXH,I,KHAI THÁC KHOÁNG SẢN,Loại IV,"Nặng nhọc, độc hại, nguy hiểm",51,Vận hành máy nghiền quặng bauxit,"Công việc nặng nhọc, nơi làm việc lầy lội, ẩm ướt, chịu tác động của ồn, rung"
96,TT 11/2020/TT-BLĐTBXH,I,KHAI THÁC KHOÁNG SẢN,Loại IV,"Nặng nhọc, độc hại, nguy hiểm",52,"Vận hành hệ thống dỡ vôi, sữa vôi và tôi vôi, nhà máy Alumin","Công việc nặng nhọc, nơi làm việc chịu tác động của ồn, rung và bụi vượt chỉ tiêu cho phép; thường xuyên tiếp xúc với sữa vôi"
97,TT 11/2020/TT-BLĐTBXH,I,KHAI THÁC KHOÁNG SẢN,Loại IV,"Nặng nhọc, độc hại, nguy hiểm",53,"Vận hành thiết bị nâng, hạ sản phẩm trong nhà máy Alumin","Công việc nặng nhọc độc hại chịu tác động tiếng ồn, bụi vượt chỉ tiêu cho phép"
98,TT 11/2020/TT-BLĐTBXH,I,KHAI THÁC KHOÁNG SẢN,Loại IV,"Nặng nhọc, độc hại, nguy hiểm",54,"Sửa chữa các thiết bị điện, C&I trong dây chuyền tuyển quặng và sản xuất Alumin","Tư thế lao động gò bó, ảnh hưởng của tiếng ồn, rung và bụi, leo trèo làm việc nơi cao"
99,TT 11/2020/TT-BLĐTBXH,I,KHAI THÁC KHOÁNG SẢN,Loại IV,"Nặng nhọc, độc hại, nguy hiểm",55,"Sửa chữa bảo dưỡng các thiết bị cơ điện, cơ khí, cơ giới trong khai thác, tuyển quặng bauxit và sản xuất Alumin","Công việc nặng nhọc, tư thế lao động gò bó, tiếp xúc với nóng, bụi, tiếng ồn vượt chỉ tiêu cho phép, tiếp xúc với dầu, mỡ"
100,TT 11/2020/TT-BLĐTBXH,I,KHAI THÁC KHOÁNG SẢN,Loại IV,"Nặng nhọc, độc hại, nguy hiểm",56,Vận hành hệ thống băng tải cấp than nhà máy khí hóa than,"Làm việc dưới hầm, chịu tác động của môi trường nóng, ồn, rung và bụi than vượt chỉ tiêu cho phép; công việc có yếu tố nguy hiểm"
101,TT 11/2020/TT-BLĐTBXH,I,KHAI THÁC KHOÁNG SẢN,Loại IV,"Nặng nhọc, độc hại, nguy hiểm",57,"Vận hành các thiết bị hòa loãng xút, a xít và cô đặc hiệu chỉnh dung dịch.","Chịu tác động nhiệt độ cao, tiếp xúc hơi kiềm và nguồn phóng xạ; tiếng ồn vượt chỉ tiêu cho phép"
102,TT 11/2020/TT-BLĐTBXH,I,KHAI THÁC KHOÁNG SẢN,Loại IV,"Nặng nhọc, độc hại, nguy hiểm",58,"Vận hành, tháo lắp đường ống hồ bùn đỏ","Công việc nặng nhọc, làm việc ngoài trời chịu tác động của hơi kiềm, bùn đỏ"
103,TT 11/2020/TT-BLĐTBXH,I,KHAI THÁC KHOÁNG SẢN,Loại IV,"Nặng nhọc, độc hại, nguy hiểm",59,Vận hành đóng bao sản phẩm Hydrat và Alumin.,"Công việc nặng nhọc độc hại chịu tác động tiếng ồn, bụi vượt chỉ tiêu cho phép"
104,TT 11/2020/TT-BLĐTBXH,I,KHAI THÁC KHOÁNG SẢN,Loại IV,"Nặng nhọc, độc hại, nguy hiểm",60,"Vận hành quạt khí, quạt gió trong sản xuất khí hóa than","Chịu tác động nhiệt độ, nóng, ồn, rung, bụi, khí H2; CO; CO2 cao"
105,TT 11/2020/TT-BLĐTBXH,I,KHAI THÁC KHOÁNG SẢN,Loại IV,"Nặng nhọc, độc hại, nguy hiểm",61,Giám sát môi trường nhà máy Alumin,"Công việc nặng nhọc, độc hại, tiếp xúc trực tiếp với hóa chất tiếng ồn, bụi vượt chỉ tiêu cho phép; lấy mẫu tại các vị trí chật hẹp, hầm, cống nước thải"
106,TT 11/2020/TT-BLĐTBXH,I,KHAI THÁC KHOÁNG SẢN,Loại IV,"Nặng nhọc, độc hại, nguy hiểm",62,Vệ sinh công nghiệp nhà máy Alumin,"Công việc nặng nhọc, nơi làm việc lầy lội, ẩm ướt, chịu tác động của ồn, rung và bụi vượt tiêu chuẩn cho phép"
107,TT 11/2020/TT-BLĐTBXH,I,KHAI THÁC KHOÁNG SẢN,Loại IV,"Nặng nhọc, độc hại, nguy hiểm",63,Trực y tế trong hầm lò,"Nơi làm việc chật hẹp, nguy hiểm, thiếu dưỡng khí, chịu tác động của ồn, bụi và nóng"
108,TT 11/2020/TT-BLĐTBXH,I,KHAI THÁC KHOÁNG SẢN,Loại IV,"Nặng nhọc, độc hại, nguy hiểm",64,Vận hành thiết bị sàng tuyển - Vận hành hệ thống sấy than bùn kiểu thùng quay,"Thường xuyên tiếp xúc với nóng, bụi, CO và các hóa chất độc khác"
109,TT 11/2020/TT-BLĐTBXH,II,"CƠ KHÍ, LUYỆN KIM",Loại VI,"Đặc biệt nặng nhọc, độc hại, nguy hiểm",1,Làm việc trên đỉnh lò cốc,"Làm việc trên đỉnh lò rất nóng, công việc nặng nhọc, nguy hiểm"
110,TT 11/2020/TT-BLĐTBXH,II,"CƠ KHÍ, LUYỆN KIM",Loại V,"Đặc biệt nặng nhọc, độc hại, nguy hiểm",1,Lái xe chặn than cốc nóng,"Làm việc trên cao rất nóng, nguy hiểm và ảnh hưởng của CO2, CO và bụi"
111,TT 11/2020/TT-BLĐTBXH,II,"CƠ KHÍ, LUYỆN KIM",Loại V,"Đặc biệt nặng nhọc, độc hại, nguy hiểm",2,Sửa chữa nóng lò cốc,"Công việc thủ công nặng nhọc, rất nóng, nguy hiểm tiếp xúc với khí CO, bụi"
112,TT 11/2020/TT-BLĐTBXH,II,"CƠ KHÍ, LUYỆN KIM",Loại V,"Đặc biệt nặng nhọc, độc hại, nguy hiểm",3,Điều nhiệt độ lò cốc,"Làm việc gần lò luyện rất nóng, nguy hiểm, ảnh hưởng CO và bụi"
113,TT 11/2020/TT-BLĐTBXH,II,"CƠ KHÍ, LUYỆN KIM",Loại V,"Đặc biệt nặng nhọc, độc hại, nguy hiểm",4,"Lái xe tống cốc, đập cốc","Tiếp xúc thường xuyên với nhiệt độ cao, ảnh hưởng khí CO, CO2"
114,TT 11/2020/TT-BLĐTBXH,II,"CƠ KHÍ, LUYỆN KIM",Loại V,"Đặc biệt nặng nhọc, độc hại, nguy hiểm",5,Lái xe rót than trên đỉnh lò cốc,"Làm việc trên đỉnh lò rất nóng, nguy hiểm chịu tác động của CO2 và CO và bụi nồng độ rất cao."
115,TT 11/2020/TT-BLĐTBXH,II,"CƠ KHÍ, LUYỆN KIM",Loại V,"Đặc biệt nặng nhọc, độc hại, nguy hiểm",6,Luyện Fero,"Công việc nặng nhọc, rất nóng, ảnh hưởng ồn, CO, CO2 và bụi nồng độ cao"
116,TT 11/2020/TT-BLĐTBXH,II,"CƠ KHÍ, LUYỆN KIM",Loại V,"Đặc biệt nặng nhọc, độc hại, nguy hiểm",7,Đúc thỏi thép,"Công việc nguy hiểm rất dễ bị cháy, bỏng, ảnh hưởng của nóng, ồn, CO, CO2"
117,TT 11/2020/TT-BLĐTBXH,II,"CƠ KHÍ, LUYỆN KIM",Loại V,"Đặc biệt nặng nhọc, độc hại, nguy hiểm",8,"Phá, đầm tường, xây lò luyện thép","Công việc nặng nhọc, nơi làm việc chật hẹp, ảnh hưởng của bụi, ồn cao và rung lớn"
118,TT 11/2020/TT-BLĐTBXH,II,"CƠ KHÍ, LUYỆN KIM",Loại V,"Đặc biệt nặng nhọc, độc hại, nguy hiểm",9,Sản xuất hồ cực điện,"Tiếp xúc thường xuyên với nóng, ồn, bụi nồng độ cao và các hóa chất độc CO, CO2, Brai vượt tiêu chuẩn cho phép nhiều lần"
119,TT 11/2020/TT-BLĐTBXH,II,"CƠ KHÍ, LUYỆN KIM",Loại V,"Đặc biệt nặng nhọc, độc hại, nguy hiểm",10,Cán thép nóng,"Công việc nặng nhọc, chịu tác của rất nóng, bụi và ồn cao, rất cao"
120,TT 11/2020/TT-BLĐTBXH,II,"CƠ KHÍ, LUYỆN KIM",Loại V,"Đặc biệt nặng nhọc, độc hại, nguy hiểm",11,"Luyện thép lò điện, lò bằng (trên 1 tấn)","Công việc nặng nhọc, rất nóng, bụi, ồn cao, ảnh hưởng của CO và CO2"
121,TT 11/2020/TT-BLĐTBXH,II,"CƠ KHÍ, LUYỆN KIM",Loại V,"Đặc biệt nặng nhọc, độc hại, nguy hiểm",12,"Đúc nhôm, cán nhôm nóng","Công việc nặng nhọc, nơi làm việc rất nóng và ồn vượt tiêu chuẩn cho phép nhiều lần"
122,TT 11/2020/TT-BLĐTBXH,II,"CƠ KHÍ, LUYỆN KIM",Loại V,"Đặc biệt nặng nhọc, độc hại, nguy hiểm",13,"Hàn điện trong hầm tàu, hầm xà lan","Nơi làm việc chật hẹp, ẩm ướt, bẩn và thiếu dưỡng khí, tư thế làm việc gò bó, chịu tác động của CO, CO2. MnO2 và ồn"
123,TT 11/2020/TT-BLĐTBXH,II,"CƠ KHÍ, LUYỆN KIM",Loại V,"Đặc biệt nặng nhọc, độc hại, nguy hiểm",14,Hàn trong nồi hơi xitéc,"Nơi làm việc chật chội, thiếu ánh sáng, thiếu dưỡng khí, tư thế làm việc gò bó, ảnh hưởng của khí hàn, tia hồ quang, CO, CO2"
124,TT 11/2020/TT-BLĐTBXH,II,"CƠ KHÍ, LUYỆN KIM",Loại V,"Đặc biệt nặng nhọc, độc hại, nguy hiểm",15,"Gõ rỉ trong hầm tàu, hầm xà lan","Nơi làm việc chật hẹp, ẩm ướt, bẩn, tư thế gò bó, thiếu ánh sáng, thiếu dưỡng khí, chịu tác động của bụi nồng độ cao và rất ồn"
125,TT 11/2020/TT-BLĐTBXH,II,"CƠ KHÍ, LUYỆN KIM",Loại V,"Đặc biệt nặng nhọc, độc hại, nguy hiểm",16,Phun cát tẩy rỉ vỏ tàu,"Làm ngoài trời, công việc nặng nhọc, chịu tác động của ồn, rung lớn và bụi nồng độ rất cao."
126,TT 11/2020/TT-BLĐTBXH,II,"CƠ KHÍ, LUYỆN KIM",Loại V,"Đặc biệt nặng nhọc, độc hại, nguy hiểm",17,Tẩy bavia bằng hơi ép,"Công việc nặng nhọc, chịu tác động liên tục của bụi, ồn rất cao và rung vượt tiêu chuẩn cho phép nhiều lần."
127,TT 11/2020/TT-BLĐTBXH,II,"CƠ KHÍ, LUYỆN KIM",Loại V,"Đặc biệt nặng nhọc, độc hại, nguy hiểm",18,"Nấu hợp kim chì, thiếc đúc cut-xi-nê và các chi tiết đầu máy xe lửa","Công việc nặng nhọc, ảnh hưởng của bức xạ nhiệt và hơi chì vượt tiêu chuẩn cho phép nhiều lần"
128,TT 11/2020/TT-BLĐTBXH,II,"CƠ KHÍ, LUYỆN KIM",Loại V,"Đặc biệt nặng nhọc, độc hại, nguy hiểm",19,"Sơn chống gỉ trong hầm tàu, hầm xà lan","Nơi làm việc chật hẹp, thiếu ánh sáng, thiếu dưỡng khí, tư thế gò bó, chịu tác động của CO2, tôluen và các hóa chất khác trong sơn"
129,TT 11/2020/TT-BLĐTBXH,II,"CƠ KHÍ, LUYỆN KIM",Loại V,"Đặc biệt nặng nhọc, độc hại, nguy hiểm",20,Nung đá mài,"Công việc nặng nhọc, thủ công, rất nóng, chịu tác động của CO, CO2"
130,TT 11/2020/TT-BLĐTBXH,II,"CƠ KHÍ, LUYỆN KIM",Loại V,"Đặc biệt nặng nhọc, độc hại, nguy hiểm",21,Luyện Corindon sản xuất đá mài,"Công việc nặng nhọc, chịu tác động của nhiệt độ cao, bụi, ồn và khí CO"
131,TT 11/2020/TT-BLĐTBXH,II,"CƠ KHÍ, LUYỆN KIM",Loại V,"Đặc biệt nặng nhọc, độc hại, nguy hiểm",22,"Nấu hợp kim chì, thiếc đúc các chi tiết toa xe lửa","Công việc nặng nhọc, ảnh hưởng của bức xạ nhiệt và hơi chì vượt tiêu chuẩn cho phép."
132,TT 11/2020/TT-BLĐTBXH,II,"CƠ KHÍ, LUYỆN KIM",Loại V,"Đặc biệt nặng nhọc, độc hại, nguy hiểm",23,"Nấu đúc phôi nhôm, đồng để cán dây điện","Công việc nặng nhọc, tư thế lao động gò bó, chịu tác động của nóng, hơi khí độc"
133,TT 11/2020/TT-BLĐTBXH,II,"CƠ KHÍ, LUYỆN KIM",Loại V,"Đặc biệt nặng nhọc, độc hại, nguy hiểm",24,Nấu luyện ăngtimon bằng lò phản xạ,"Làm việc trong điều kiện nhiệt độ cao, tiếp xúc với As, CO, SiO2, Sb"
134,TT 11/2020/TT-BLĐTBXH,II,"CƠ KHÍ, LUYỆN KIM",Loại V,"Đặc biệt nặng nhọc, độc hại, nguy hiểm",25,"Nấu, luyện thiếc có Asen bằng lò phản xạ","Thường xuyên tiếp xúc với nhiệt độ cao, As, CO, SiO2, Sb"
135,TT 11/2020/TT-BLĐTBXH,II,"CƠ KHÍ, LUYỆN KIM",Loại V,"Đặc biệt nặng nhọc, độc hại, nguy hiểm",26,"Thiêu khử khí asen, lưu huỳnh trong quặng thiếc, quặng ăngtimon","Thường xuyên tiếp xúc với nhiệt độ cao, As, CO, SiO2, chì và Sb"
136,TT 11/2020/TT-BLĐTBXH,II,"CƠ KHÍ, LUYỆN KIM",Loại V,"Đặc biệt nặng nhọc, độc hại, nguy hiểm",27,Luyện quặng chì,"Làm việc trong điều kiện nhiệt độ cao, tiếp xúc với As, CO, SiO2, chì và Sb"
137,TT 11/2020/TT-BLĐTBXH,II,"CƠ KHÍ, LUYỆN KIM",Loại V,"Đặc biệt nặng nhọc, độc hại, nguy hiểm",28,"Tuyển nổi quặng kim loại mầu, thủy luyện kim loại (hỏa, tách, ngâm, chiết)","Thường xuyên tiếp xúc với hóa chất độc H2SO4, CuSO4, ZnSO4, Clo và Sb"
138,TT 11/2020/TT-BLĐTBXH,II,"CƠ KHÍ, LUYỆN KIM",Loại V,"Đặc biệt nặng nhọc, độc hại, nguy hiểm",29,"Nấu luyện ZnO thành bột bằng lò phản xạ, lò quay","Thường xuyên tiếp xúc với nhiệt độ cao, Pb, CO, ZnO."
139,TT 11/2020/TT-BLĐTBXH,II,"CƠ KHÍ, LUYỆN KIM",Loại V,"Đặc biệt nặng nhọc, độc hại, nguy hiểm",30,"Vận hành, sửa chữa thiết bị thu bụi kim loại màu trong buồng bụi tĩnh điện ZnO","Thường xuyên làm việc trong điều kiện nhiệt độ vào, tiếp xúc với hơi chì"
140,TT 11/2020/TT-BLĐTBXH,II,"CƠ KHÍ, LUYỆN KIM",Loại V,"Đặc biệt nặng nhọc, độc hại, nguy hiểm",31,Nấu rót kim loại,"Công việc nặng nhọc, nguy hiểm, chịu tác động của nóng và hơi khí độc"
141,TT 11/2020/TT-BLĐTBXH,II,"CƠ KHÍ, LUYỆN KIM",Loại V,"Đặc biệt nặng nhọc, độc hại, nguy hiểm",32,"Nung, đúc liên tục phôi cán thép.","Công việc nặng nhọc, chịu tác động của nóng, ồn, bụi"
142,TT 11/2020/TT-BLĐTBXH,II,"CƠ KHÍ, LUYỆN KIM",Loại V,"Đặc biệt nặng nhọc, độc hại, nguy hiểm",33,"Khai thác lộ thiên quặng kim loại màu, Crôm","Công việc thủ công, rất nặng nhọc, tư thế lao động gò bó, thiếu dưỡng khí, thường xuyên tiếp xúc với bụi độc"
143,TT 11/2020/TT-BLĐTBXH,II,"CƠ KHÍ, LUYỆN KIM",Loại V,"Đặc biệt nặng nhọc, độc hại, nguy hiểm",34,"Vận hành máy nghiền, trộn quặng kim loại màu","Chịu tác động của tiếng ồn cao, bụi độc vượt tiêu chuẩn vệ sinh cho phép nhiều lần"
144,TT 11/2020/TT-BLĐTBXH,II,"CƠ KHÍ, LUYỆN KIM",Loại V,"Đặc biệt nặng nhọc, độc hại, nguy hiểm",35,"Tuyển trọng lực quặng kim loại màu, Crôm","Công việc thủ công, chịu tác động của Asen và các oxit kim loại"
145,TT 11/2020/TT-BLĐTBXH,II,"CƠ KHÍ, LUYỆN KIM",Loại V,"Đặc biệt nặng nhọc, độc hại, nguy hiểm",36,"Vận hành cầu trục trong phân xưởng tuyển, luyện quặng và sản phẩm kim loại màu","Thường xuyên chịu tác động của nhiệt độ cao, bụi, hơi và khí độc"
146,TT 11/2020/TT-BLĐTBXH,II,"CƠ KHÍ, LUYỆN KIM",Loại V,"Đặc biệt nặng nhọc, độc hại, nguy hiểm",37,"Đóng bao, bốc xếp quặng và sản phẩm kim loại màu","Công việc thủ công, rất nặng nhọc, nơi làm việc lầy lội, chịu tác động của hóa chất độc trong quặng"
147,TT 11/2020/TT-BLĐTBXH,II,"CƠ KHÍ, LUYỆN KIM",Loại V,"Đặc biệt nặng nhọc, độc hại, nguy hiểm",38,Chế biến thủ công quặng kim loại màu,"Công việc thủ công, nặng nhọc, thường xuyên tiếp xúc với các chất độc như: asen, chì..."
148,TT 11/2020/TT-BLĐTBXH,II,"CƠ KHÍ, LUYỆN KIM",Loại V,"Đặc biệt nặng nhọc, độc hại, nguy hiểm",39,"Làm việc trên sàn đúc luyện gang, thép","Công việc nặng nhọc, nguy hiểm, chịu tác động của nhiệt độ cao và bụi"
149,TT 11/2020/TT-BLĐTBXH,II,"CƠ KHÍ, LUYỆN KIM",Loại V,"Đặc biệt nặng nhọc, độc hại, nguy hiểm",40,"Làm việc trước lò luyện gang, thép, cốc","Công việc nặng nhọc, rất nguy hiểm, chịu tác động của nóng, bụi, hơi và khí độc"
150,TT 11/2020/TT-BLĐTBXH,II,"CƠ KHÍ, LUYỆN KIM",Loại V,"Đặc biệt nặng nhọc, độc hại, nguy hiểm",41,Vận hành máy hút khí (thượng thăng) nhà máy luyện cốc,"Thường xuyên chịu tác động của nhiệt độ cao, hơi khí độc và bụi vượt tiêu chuẩn vệ sinh cho phép nhiều lần"
151,TT 11/2020/TT-BLĐTBXH,II,"CƠ KHÍ, LUYỆN KIM",Loại V,"Đặc biệt nặng nhọc, độc hại, nguy hiểm",42,Chưng cất dầu cốc và các sản phẩm sau cốc,Thường xuyên tiếp xúc với nóng và hóa chất dễ gây bệnh da nghề nghiệp
152,TT 11/2020/TT-BLĐTBXH,II,"CƠ KHÍ, LUYỆN KIM",Loại V,"Đặc biệt nặng nhọc, độc hại, nguy hiểm",43,Xử lý thải xỉ lò cao,"Công việc nặng nhọc, nguy hiểm, rất nóng, bụi vượt tiêu chuẩn vệ sinh cho phép rất nhiều lần"
153,TT 11/2020/TT-BLĐTBXH,II,"CƠ KHÍ, LUYỆN KIM",Loại V,"Đặc biệt nặng nhọc, độc hại, nguy hiểm",44,"Nấu, sửa chữa lò nấu gang Quy bi lô","Công việc rất nặng nhọc, chịu tác động của nhiệt độ cao, bụi, CO và CO2"
154,TT 11/2020/TT-BLĐTBXH,II,"CƠ KHÍ, LUYỆN KIM",Loại V,"Đặc biệt nặng nhọc, độc hại, nguy hiểm",45,"Sấy bàn khuôn, cần nút","Công việc rất nặng nhọc, chịu tác động của nhiệt độ cao, hơi và khí độc"
155,TT 11/2020/TT-BLĐTBXH,II,"CƠ KHÍ, LUYỆN KIM",Loại IV,"Nặng nhọc, độc hại, nguy hiểm",1,Lái cầu trục nạp luyện thép Fero,"Làm việc trên cao, nóng, ồn, bụi hỗn hợp, bụi Mn và CO"
156,TT 11/2020/TT-BLĐTBXH,II,"CƠ KHÍ, LUYỆN KIM",Loại IV,"Nặng nhọc, độc hại, nguy hiểm",2,"Nghiền, sàng, trộn vật liệu tường lò luyện thép","Công việc nặng nhọc, thường xuyên tiếp xúc với ồn và bụi nồng độ cao"
157,TT 11/2020/TT-BLĐTBXH,II,"CƠ KHÍ, LUYỆN KIM",Loại IV,"Nặng nhọc, độc hại, nguy hiểm",3,Xây bàn khuôn đúc thép,"Nơi làm việc nóng, ồn, bụi nồng độ rất cao, công việc thủ công nặng nhọc"
158,TT 11/2020/TT-BLĐTBXH,II,"CƠ KHÍ, LUYỆN KIM",Loại IV,"Nặng nhọc, độc hại, nguy hiểm",4,Lái máy cán thép,"Thường xuyên tiếp xúc với nóng, ồn, CO và CO2"
159,TT 11/2020/TT-BLĐTBXH,II,"CƠ KHÍ, LUYỆN KIM",Loại IV,"Nặng nhọc, độc hại, nguy hiểm",5,Vận hành máy nghiền sàng quặng,"Công việc nặng nhọc, ảnh hưởng của tiếng ồn cao và MnO2"
160,TT 11/2020/TT-BLĐTBXH,II,"CƠ KHÍ, LUYỆN KIM",Loại IV,"Nặng nhọc, độc hại, nguy hiểm",6,Lái cầu trục gian buồng cán thép,"Ảnh hưởng của nóng, ồn và rung lớn"
161,TT 11/2020/TT-BLĐTBXH,II,"CƠ KHÍ, LUYỆN KIM",Loại IV,"Nặng nhọc, độc hại, nguy hiểm",7,Lái cầu trục gia công nguyên liệu luyện Fero,"Thường xuyên tiếp xúc với bụi, rung và ồn cao"
162,TT 11/2020/TT-BLĐTBXH,II,"CƠ KHÍ, LUYỆN KIM",Loại IV,"Nặng nhọc, độc hại, nguy hiểm",8,Cắt đậu rót thép nóng,"Nơi làm việc chật chội, nóng, bụi và ồn cao"
163,TT 11/2020/TT-BLĐTBXH,II,"CƠ KHÍ, LUYỆN KIM",Loại IV,"Nặng nhọc, độc hại, nguy hiểm",9,Thải xỉ nóng lò luyện thép,"Nơi làm việc rất bụi và nóng, ảnh hưởng của ồn, CO và CO2"
164,TT 11/2020/TT-BLĐTBXH,II,"CƠ KHÍ, LUYỆN KIM",Loại IV,"Nặng nhọc, độc hại, nguy hiểm",10,Kiểm tra kỹ thuật thép cán,"Tiếp xúc thường xuyên với ồn, nóng, CO và CO2"
165,TT 11/2020/TT-BLĐTBXH,II,"CƠ KHÍ, LUYỆN KIM",Loại IV,"Nặng nhọc, độc hại, nguy hiểm",11,Phân loại thép phế để luyện thép,"Nơi làm việc chật hẹp, bẩn, ảnh hưởng của ồn và bụi nồng độ rất cao"
166,TT 11/2020/TT-BLĐTBXH,II,"CƠ KHÍ, LUYỆN KIM",Loại IV,"Nặng nhọc, độc hại, nguy hiểm",12,"Vận hành điện lò luyện thép, Fero","Ảnh hưởng của nóng, bụi, ồn, CO, và CO2"
167,TT 11/2020/TT-BLĐTBXH,II,"CƠ KHÍ, LUYỆN KIM",Loại IV,"Nặng nhọc, độc hại, nguy hiểm",13,Sấy thùng rót thép,"Công việc thủ công nặng nhọc, nóng, ảnh hưởng của ồn, CO và CO2"
168,TT 11/2020/TT-BLĐTBXH,II,"CƠ KHÍ, LUYỆN KIM",Loại IV,"Nặng nhọc, độc hại, nguy hiểm",14,Vận hành quạt khí than lò luyện cốc,"Tiếp xúc thường xuyên với nóng, bụi, CO và ồn cao"
169,TT 11/2020/TT-BLĐTBXH,II,"CƠ KHÍ, LUYỆN KIM",Loại IV,"Nặng nhọc, độc hại, nguy hiểm",15,Cấp than mỡ vào băng tải ngầm luyện cốc,"Công việc nặng nhọc, ảnh hưởng của ồn và bụi nồng độ cao"
170,TT 11/2020/TT-BLĐTBXH,II,"CƠ KHÍ, LUYỆN KIM",Loại IV,"Nặng nhọc, độc hại, nguy hiểm",16,Vận hành băng tải than mỡ lò luyện cốc,"Đi lại nhiều, tiếp xúc thường xuyên với ồn, bụi nồng độ cao"
171,TT 11/2020/TT-BLĐTBXH,II,"CƠ KHÍ, LUYỆN KIM",Loại IV,"Nặng nhọc, độc hại, nguy hiểm",17,"Vận hành máy nghiền, trộn than mỡ luyện cốc","Công việc thủ công, nặng nhọc, ảnh hưởng của ồn, bụi nồng độ cao"
172,TT 11/2020/TT-BLĐTBXH,II,"CƠ KHÍ, LUYỆN KIM",Loại IV,"Nặng nhọc, độc hại, nguy hiểm",18,Vận hành băng tải than cốc,"Tiếp xúc thường xuyên với nhiệt độ cao, ồn, CO và CO2"
173,TT 11/2020/TT-BLĐTBXH,II,"CƠ KHÍ, LUYỆN KIM",Loại IV,"Nặng nhọc, độc hại, nguy hiểm",19,Nhiệt luyện kim loại có dùng hóa chất,"Công việc nặng nhọc, rất nóng, ảnh hưởng của bức xạ nhiệt CO, CO2, SO2 và ồn rất cao"
174,TT 11/2020/TT-BLĐTBXH,II,"CƠ KHÍ, LUYỆN KIM",Loại IV,"Nặng nhọc, độc hại, nguy hiểm",20,Hàn điện trong thùng dài,"Công việc nặng nhọc, ảnh hưởng khí CO2, Mn, hơi khí hàn và tia hồ quang"
175,TT 11/2020/TT-BLĐTBXH,II,"CƠ KHÍ, LUYỆN KIM",Loại IV,"Nặng nhọc, độc hại, nguy hiểm",21,Hàn vỏ phương tiện thủy,"Hàn ngoài trời, tư thế lao động gò bó, ảnh hưởng của CO2, khí hàn, tia hồ quang"
176,TT 11/2020/TT-BLĐTBXH,II,"CƠ KHÍ, LUYỆN KIM",Loại IV,"Nặng nhọc, độc hại, nguy hiểm",22,Hàn thủ công vành bánh xe lửa,"Chịu tác động của khí hàn, tia hồ quang và hơi chì"
177,TT 11/2020/TT-BLĐTBXH,II,"CƠ KHÍ, LUYỆN KIM",Loại IV,"Nặng nhọc, độc hại, nguy hiểm",23,"Gõ rỉ nồi hơi, đầu máy, toa xe bằng thủ công","Tư thế gò bó, chịu tác động của bụi nồng độ cao và ồn vượt tiêu chuẩn cho phép nhiều lần"
178,TT 11/2020/TT-BLĐTBXH,II,"CƠ KHÍ, LUYỆN KIM",Loại IV,"Nặng nhọc, độc hại, nguy hiểm",24,Gõ rỉ các phương tiện vận tải thủy,"Làm ngoài trời, tư thế gò bó, chịu tác động của ồn cao và bụi vượt tiêu chuẩn cho phép nhiều lần"
179,TT 11/2020/TT-BLĐTBXH,II,"CƠ KHÍ, LUYỆN KIM",Loại IV,"Nặng nhọc, độc hại, nguy hiểm",25,Đánh rỉ sắt bằng máy cầm tay,"Chịu tác động của ồn cao, rung lớn và bụi nồng độ cao"
180,TT 11/2020/TT-BLĐTBXH,II,"CƠ KHÍ, LUYỆN KIM",Loại IV,"Nặng nhọc, độc hại, nguy hiểm",26,Lồng băng đa bánh xe lửa,"Làm việc trong môi trường từ tính, nặng nhọc, độc hại, ồn"
181,TT 11/2020/TT-BLĐTBXH,II,"CƠ KHÍ, LUYỆN KIM",Loại IV,"Nặng nhọc, độc hại, nguy hiểm",27,Sơn vỏ phương tiện thủy,"Làm ngoài trời, tư thế làm việc gò bó, ảnh hưởng của hóa chất độc trong sơn và Tôluen"
182,TT 11/2020/TT-BLĐTBXH,II,"CƠ KHÍ, LUYỆN KIM",Loại IV,"Nặng nhọc, độc hại, nguy hiểm",28,Sơn toa xe,Tiếp xúc thường xuyên với hóa chất độc
183,TT 11/2020/TT-BLĐTBXH,II,"CƠ KHÍ, LUYỆN KIM",Loại IV,"Nặng nhọc, độc hại, nguy hiểm",29,Gò nóng tôn dầy từ 4mm trở lên,"Công việc nặng nhọc, nóng, ảnh hưởng của bức xạ nhiệt, CO2 và ồn rất cao"
184,TT 11/2020/TT-BLĐTBXH,II,"CƠ KHÍ, LUYỆN KIM",Loại IV,"Nặng nhọc, độc hại, nguy hiểm",30,"Nguội sửa chữa đầu máy, toa xe lửa","Công việc nặng nhọc, tư thế gò bó, tiếp xúc với dầu mỡ, bụi và ồn rất cao"
185,TT 11/2020/TT-BLĐTBXH,II,"CƠ KHÍ, LUYỆN KIM",Loại IV,"Nặng nhọc, độc hại, nguy hiểm",31,Mạ kẽm,"Chịu tác động của nhiều loại khí độc như HCl, NH3, NH4OH, NH4Cl, ZnO và chì"
186,TT 11/2020/TT-BLĐTBXH,II,"CƠ KHÍ, LUYỆN KIM",Loại IV,"Nặng nhọc, độc hại, nguy hiểm",32,"Khám, chữa toa xe lửa","Làm việc ngoài trời, công việc nặng nhọc, tư thế gò bó, nơi làm việc bẩn, bụi và ồn"
187,TT 11/2020/TT-BLĐTBXH,II,"CƠ KHÍ, LUYỆN KIM",Loại IV,"Nặng nhọc, độc hại, nguy hiểm",33,Tiện vành bánh xe lửa,"Công việc nặng nhọc, tư thế gò bó, ảnh hưởng của tiếng ồn cao"
188,TT 11/2020/TT-BLĐTBXH,II,"CƠ KHÍ, LUYỆN KIM",Loại IV,"Nặng nhọc, độc hại, nguy hiểm",34,Sản xuất và lắp ráp ghi,"Công việc thủ công, nặng nhọc, chịu tác động của bức xạ nhiệt và ồn rất cao"
189,TT 11/2020/TT-BLĐTBXH,II,"CƠ KHÍ, LUYỆN KIM",Loại IV,"Nặng nhọc, độc hại, nguy hiểm",35,"Đột, dập nóng","Công việc nặng nhọc, chịu tác động của bức xạ nhiệt và ồn rất cao"
190,TT 11/2020/TT-BLĐTBXH,II,"CƠ KHÍ, LUYỆN KIM",Loại IV,"Nặng nhọc, độc hại, nguy hiểm",36,Rèn búa máy từ 350 kg trở lên,"Công việc nặng nhọc, nóng và ồn rất cao"
191,TT 11/2020/TT-BLĐTBXH,II,"CƠ KHÍ, LUYỆN KIM",Loại IV,"Nặng nhọc, độc hại, nguy hiểm",37,"Sửa chữa máy tàu sông (ở âu, đà)","Công việc nặng nhọc, nóng, ẩm ướt, thường xuyên tiếp xúc với dầu mỡ"
192,TT 11/2020/TT-BLĐTBXH,II,"CƠ KHÍ, LUYỆN KIM",Loại IV,"Nặng nhọc, độc hại, nguy hiểm",38,Vận hành điện lò luyện Corindon sản xuất đá mài,"Nơi làm việc rất nóng, bụi và ồn"
193,TT 11/2020/TT-BLĐTBXH,II,"CƠ KHÍ, LUYỆN KIM",Loại IV,"Nặng nhọc, độc hại, nguy hiểm",39,"Đập, nghiền, sàng Corindon sản xuất đá mài","Công việc nặng nhọc, độc hại, chịu tác động của ồn cao và bụi vượt tiêu chuẩn cho phép nhiều lần"
194,TT 11/2020/TT-BLĐTBXH,II,"CƠ KHÍ, LUYỆN KIM",Loại IV,"Nặng nhọc, độc hại, nguy hiểm",40,"Trộn liệu ép đá mài, ép tấm kê bao nung đá mài","Công việc nặng nhọc, ồn cao và bụi vượt tiêu chuẩn cho phép rất nhiều lần"
195,TT 11/2020/TT-BLĐTBXH,II,"CƠ KHÍ, LUYỆN KIM",Loại IV,"Nặng nhọc, độc hại, nguy hiểm",41,Tiện đá mài,"Công việc nặng nhọc, tư thế gò bó, chịu tác động của ồn và bụi nồng độ rất cao"
196,TT 11/2020/TT-BLĐTBXH,II,"CƠ KHÍ, LUYỆN KIM",Loại IV,"Nặng nhọc, độc hại, nguy hiểm",42,"Ngâm rửa, sấy hạt mài","Công việc thủ công, nặng nhọc, nơi làm việc ẩm ướt, chịu tác động ồn, bụi và SO3"
197,TT 11/2020/TT-BLĐTBXH,II,"CƠ KHÍ, LUYỆN KIM",Loại IV,"Nặng nhọc, độc hại, nguy hiểm",43,"Hút sắt, sàng, phân loại hạt mài",Thường tiếp xúc với ồn cao và bụi vượt tiêu chuẩn cho phép nhiều lần
198,TT 11/2020/TT-BLĐTBXH,II,"CƠ KHÍ, LUYỆN KIM",Loại IV,"Nặng nhọc, độc hại, nguy hiểm",44,"Phá tảng Corindon, chuẩn bị lò luyện Corindon","Công việc thủ công, nặng nhọc, ảnh hưởng của ồn và bụi nồng độ rất cao"
199,TT 11/2020/TT-BLĐTBXH,II,"CƠ KHÍ, LUYỆN KIM",Loại IV,"Nặng nhọc, độc hại, nguy hiểm",45,Sản xuất chất kết dính đá mài,"Công việc thủ công, nặng nhọc, chịu tác động của ồn và bụi nồng độ rất cao"
200,TT 11/2020/TT-BLĐTBXH,II,"CƠ KHÍ, LUYỆN KIM",Loại IV,"Nặng nhọc, độc hại, nguy hiểm",46,"Mài đá mài bằng máy, bằng tay","Công việc nặng nhọc, ảnh hưởng của bụi, ồn và rung vượt tiêu chuẩn cho phép nhiều lần"
201,TT 11/2020/TT-BLĐTBXH,II,"CƠ KHÍ, LUYỆN KIM",Loại IV,"Nặng nhọc, độc hại, nguy hiểm",47,Thử tốc độ đá mài,"Công việc thủ công, nặng nhọc, chịu tác động của ồn và bụi"
202,TT 11/2020/TT-BLĐTBXH,II,"CƠ KHÍ, LUYỆN KIM",Loại IV,"Nặng nhọc, độc hại, nguy hiểm",48,Rèn thủ công,"Công việc thủ công, nặng nhọc, chịu tác động của nóng, bụi và khí CO"
203,TT 11/2020/TT-BLĐTBXH,II,"CƠ KHÍ, LUYỆN KIM",Loại IV,"Nặng nhọc, độc hại, nguy hiểm",49,Sơn bằng phương pháp thủ công,"Tư thế lao động gò bó, thường xuyên tiếp xúc với hóa chất độc trong sơn"
204,TT 11/2020/TT-BLĐTBXH,II,"CƠ KHÍ, LUYỆN KIM",Loại IV,"Nặng nhọc, độc hại, nguy hiểm",50,Mạ kim loại và xyanua,"Công việc nặng nhọc, tiếp xúc với hơi chì"
205,TT 11/2020/TT-BLĐTBXH,II,"CƠ KHÍ, LUYỆN KIM",Loại IV,"Nặng nhọc, độc hại, nguy hiểm",51,"Sơn, sấy lõi tôn silíc",Tiếp xúc với nóng và dung môi pha sơn
206,TT 11/2020/TT-BLĐTBXH,II,"CƠ KHÍ, LUYỆN KIM",Loại IV,"Nặng nhọc, độc hại, nguy hiểm",52,"Hàn điện, hàn hơi",Tiếp xúc với nóng và hơi khí độc
207,TT 11/2020/TT-BLĐTBXH,II,"CƠ KHÍ, LUYỆN KIM",Loại IV,"Nặng nhọc, độc hại, nguy hiểm",53,Mài khô kim loại,"Tiếp xúc với bụi đá, bụi kim loại, rung và ồn"
208,TT 11/2020/TT-BLĐTBXH,II,"CƠ KHÍ, LUYỆN KIM",Loại IV,"Nặng nhọc, độc hại, nguy hiểm",54,Bả ma tít và sơn xì thân máy,"Công việc nặng nhọc, chịu tác động của bụi, dung môi pha sơn và hơi xăng"
209,TT 11/2020/TT-BLĐTBXH,II,"CƠ KHÍ, LUYỆN KIM",Loại IV,"Nặng nhọc, độc hại, nguy hiểm",55,Đập gang bằng tay,"Nặng nhọc, tiếp xúc với bụi gang"
210,TT 11/2020/TT-BLĐTBXH,II,"CƠ KHÍ, LUYỆN KIM",Loại IV,"Nặng nhọc, độc hại, nguy hiểm",56,"Pha trộn cát, đất sét để làm khuôn đúc","Công việc nặng nhọc, tiếp xúc với nóng và bụi"
211,TT 11/2020/TT-BLĐTBXH,II,"CƠ KHÍ, LUYỆN KIM",Loại IV,"Nặng nhọc, độc hại, nguy hiểm",57,Phá khuôn đúc bằng chầy hơi,"Nặng nhọc, nóng, bụi, rung"
212,TT 11/2020/TT-BLĐTBXH,II,"CƠ KHÍ, LUYỆN KIM",Loại IV,"Nặng nhọc, độc hại, nguy hiểm",58,Sàng cát bằng máy để làm khuôn đúc,"Nặng nhọc, bụi, ồn, tư thế làm việc gò bó"
213,TT 11/2020/TT-BLĐTBXH,II,"CƠ KHÍ, LUYỆN KIM",Loại IV,"Nặng nhọc, độc hại, nguy hiểm",59,Ép nhựa bakêlít,"Tiếp xúc với nóng, bụi và hơi khí độc"
214,TT 11/2020/TT-BLĐTBXH,II,"CƠ KHÍ, LUYỆN KIM",Loại IV,"Nặng nhọc, độc hại, nguy hiểm",60,"Sấy khuôn, ruột khuôn đúc bằng lò than","Công việc nặng nhọc, tiếp xúc với nóng, bụi, hơi khí độc"
215,TT 11/2020/TT-BLĐTBXH,II,"CƠ KHÍ, LUYỆN KIM",Loại IV,"Nặng nhọc, độc hại, nguy hiểm",61,Vận hành máy đột dập kim loại,"Nóng, ồn, rung, căng thẳng thị giác"
216,TT 11/2020/TT-BLĐTBXH,II,"CƠ KHÍ, LUYỆN KIM",Loại IV,"Nặng nhọc, độc hại, nguy hiểm",62,Lái cầu trục trong phân xưởng đúc cơ khí,"Nóng, bụi, căng thẳng thần kinh tâm lý"
217,TT 11/2020/TT-BLĐTBXH,II,"CƠ KHÍ, LUYỆN KIM",Loại IV,"Nặng nhọc, độc hại, nguy hiểm",63,Tiện gang và cao su rulô xát gạo,"Công việc nặng nhọc, tiếp xúc với bụi gang, bụi cao su"
218,TT 11/2020/TT-BLĐTBXH,II,"CƠ KHÍ, LUYỆN KIM",Loại IV,"Nặng nhọc, độc hại, nguy hiểm",64,Kéo dây đồng và nhôm,"Công việc nặng nhọc, tiếp xúc với tiếng ồn lớn"
219,TT 11/2020/TT-BLĐTBXH,II,"CƠ KHÍ, LUYỆN KIM",Loại IV,"Nặng nhọc, độc hại, nguy hiểm",65,"Nung, ép định hình đồng, nhôm","Công việc nặng nhọc, chịu tác động của tiếng ồn và hơi khí độc"
220,TT 11/2020/TT-BLĐTBXH,II,"CƠ KHÍ, LUYỆN KIM",Loại IV,"Nặng nhọc, độc hại, nguy hiểm",66,"Tráng, sơn cách điện dây điện","Công việc nặng nhọc, chịu tác động của tiếng ồn và hơi khí độc"
221,TT 11/2020/TT-BLĐTBXH,II,"CƠ KHÍ, LUYỆN KIM",Loại IV,"Nặng nhọc, độc hại, nguy hiểm",67,"Tạo hạt nhựa PVC, PP, PE","Công việc nặng nhọc, tiếp xúc với tiếng ồn, bụi và hơi khí độc"
222,TT 11/2020/TT-BLĐTBXH,II,"CƠ KHÍ, LUYỆN KIM",Loại IV,"Nặng nhọc, độc hại, nguy hiểm",68,"Bọc dây điện bằng nhựa PVC, PP, PE",Chịu tác động thường xuyên của nóng và hơi khí độc.
223,TT 11/2020/TT-BLĐTBXH,II,"CƠ KHÍ, LUYỆN KIM",Loại IV,"Nặng nhọc, độc hại, nguy hiểm",69,"Nấu, đúc gang trong phân xưởng cơ khí","Công việc nặng nhọc, nguy hiểm, chịu tác động của nóng, bụi"
224,TT 11/2020/TT-BLĐTBXH,II,"CƠ KHÍ, LUYỆN KIM",Loại IV,"Nặng nhọc, độc hại, nguy hiểm",70,Làm sạch vật đúc,"Công việc nặng nhọc, chịu tác động của nóng, ồn, bụi"
225,TT 11/2020/TT-BLĐTBXH,II,"CƠ KHÍ, LUYỆN KIM",Loại IV,"Nặng nhọc, độc hại, nguy hiểm",71,"Đúc áp lực kim loại (nhôm, đồng)","Công việc nặng nhọc, chịu tác động của nóng, bụi"
226,TT 11/2020/TT-BLĐTBXH,II,"CƠ KHÍ, LUYỆN KIM",Loại IV,"Nặng nhọc, độc hại, nguy hiểm",72,Hàn thiếc thùng thuốc trừ sâu,"Tiếp xúc với nóng và hóa chất trừ sâu, tư thế lao động gò bó"
227,TT 11/2020/TT-BLĐTBXH,II,"CƠ KHÍ, LUYỆN KIM",Loại IV,"Nặng nhọc, độc hại, nguy hiểm",73,"Kéo, cuộn dây thép","Công việc nặng nhọc, chịu tác động của nóng, ồn, bụi"
228,TT 11/2020/TT-BLĐTBXH,II,"CƠ KHÍ, LUYỆN KIM",Loại IV,"Nặng nhọc, độc hại, nguy hiểm",74,"Lấy mẫu, phân tích quặng và sản phẩm kim loại.","Thường xuyên tiếp xúc nóng, bụi, As, CO, Mg"
229,TT 11/2020/TT-BLĐTBXH,II,"CƠ KHÍ, LUYỆN KIM",Loại IV,"Nặng nhọc, độc hại, nguy hiểm",75,"Bảo quản, xếp dỡ, đóng gói quặng và sản phẩm kim loại màu","Công việc nặng nhọc, tiếp xúc với As, Pb, SiO2, ZnO, Mg và Sb"
230,TT 11/2020/TT-BLĐTBXH,II,"CƠ KHÍ, LUYỆN KIM",Loại IV,"Nặng nhọc, độc hại, nguy hiểm",76,"Sửa chữa cơ, điện trong dây chuyền chế biến thiếc, ZnO, Sb, tuyển từ, tuyển nổi","Thường xuyên tiếp xúc với nóng, bụi và các loại hóa chất độc, tư thế lao động gò bó"
231,TT 11/2020/TT-BLĐTBXH,II,"CƠ KHÍ, LUYỆN KIM",Loại IV,"Nặng nhọc, độc hại, nguy hiểm",77,"Sấy, đóng bao quặng crôm","Công việc nặng nhọc, tiếp xúc với nóng, crôm, SiO2."
232,TT 11/2020/TT-BLĐTBXH,II,"CƠ KHÍ, LUYỆN KIM",Loại IV,"Nặng nhọc, độc hại, nguy hiểm",78,Khai thác thủ công quặng kim loại màu,"Làm việc ngoài trời, công việc thủ công, nặng nhọc, tiếp xúc với nóng, bụi"
233,TT 11/2020/TT-BLĐTBXH,II,"CƠ KHÍ, LUYỆN KIM",Loại IV,"Nặng nhọc, độc hại, nguy hiểm",79,Nhúng dung dịch xilen kìm điện,"Tiếp xúc với nóng, xilen, dầu thông và xăng"
234,TT 11/2020/TT-BLĐTBXH,II,"CƠ KHÍ, LUYỆN KIM",Loại IV,"Nặng nhọc, độc hại, nguy hiểm",80,Ép gen kìm điện,"Tiếp xúc với nóng, hơi, khí độc"
235,TT 11/2020/TT-BLĐTBXH,II,"CƠ KHÍ, LUYỆN KIM",Loại IV,"Nặng nhọc, độc hại, nguy hiểm",81,"Thủ kho, giao nhận quặng và các sản phẩm kim loại màu","Công việc nặng nhọc, chịu tác động của bụi độc"
236,TT 11/2020/TT-BLĐTBXH,II,"CƠ KHÍ, LUYỆN KIM",Loại IV,"Nặng nhọc, độc hại, nguy hiểm",82,"Bảo vệ bãi khai thác quặng, Crôm","Thường xuyên phải đi lại, chịu tác động của ồn và bụi"
237,TT 11/2020/TT-BLĐTBXH,II,"CƠ KHÍ, LUYỆN KIM",Loại IV,"Nặng nhọc, độc hại, nguy hiểm",83,"Trực tiếp chỉ đạo sản xuất trong khai thác, tuyển, luyện quặng kim loại màu và Crôm","Thường xuyên chịu tác động của ồn, bụi và hơi, khí độc"
238,TT 11/2020/TT-BLĐTBXH,II,"CƠ KHÍ, LUYỆN KIM",Loại IV,"Nặng nhọc, độc hại, nguy hiểm",84,"Sửa chữa, bảo dưỡng các thiết bị khai thác, tuyển, luyện quặng kim loại màu","Công việc nặng nhọc, tư thế lao động gò bó, chịu tác động của các yếu tố ồn, bụi"
239,TT 11/2020/TT-BLĐTBXH,II,"CƠ KHÍ, LUYỆN KIM",Loại IV,"Nặng nhọc, độc hại, nguy hiểm",85,"Vệ sinh công nghiệp phân xưởng, nhà máy tuyển, luyện quặng kim loại màu","Công việc thủ công, nặng nhọc, chịu tác động của ồn, bụi và hơi khí độc"
240,TT 11/2020/TT-BLĐTBXH,II,"CƠ KHÍ, LUYỆN KIM",Loại IV,"Nặng nhọc, độc hại, nguy hiểm",86,"Vận hành quạt gió lò cao, lò cốc","Chịu tác động của nhiệt độ cao, bụi và khí độc"
241,TT 11/2020/TT-BLĐTBXH,II,"CƠ KHÍ, LUYỆN KIM",Loại IV,"Nặng nhọc, độc hại, nguy hiểm",87,Vận hành xe hứng liệu luyện gang,Thường xuyên chịu tác động của bụi và khí độc
242,TT 11/2020/TT-BLĐTBXH,II,"CƠ KHÍ, LUYỆN KIM",Loại IV,"Nặng nhọc, độc hại, nguy hiểm",88,Đốt lò gió nóng,"Công việc nặng nhọc, chịu tác động của nhiệt độ cao và bụi"
243,TT 11/2020/TT-BLĐTBXH,II,"CƠ KHÍ, LUYỆN KIM",Loại IV,"Nặng nhọc, độc hại, nguy hiểm",89,"Sản xuất xỉ bông, xỉ hạt","Công việc nặng nhọc, chịu tác động của nóng và bụi nồng độ rất cao"
244,TT 11/2020/TT-BLĐTBXH,II,"CƠ KHÍ, LUYỆN KIM",Loại IV,"Nặng nhọc, độc hại, nguy hiểm",90,Thủ kho dầu cốc,"Chịu tác động của nóng, hơi và khí độc"
245,TT 11/2020/TT-BLĐTBXH,II,"CƠ KHÍ, LUYỆN KIM",Loại IV,"Nặng nhọc, độc hại, nguy hiểm",91,Nạp liệu lò cao,"Công việc nặng nhọc, nguy hiểm, chịu tác động của bụi CO và CO2"
246,TT 11/2020/TT-BLĐTBXH,II,"CƠ KHÍ, LUYỆN KIM",Loại IV,"Nặng nhọc, độc hại, nguy hiểm",92,Coi nước lò cao,"Phải đi lại nhiều, chịu tác động của nhiệt độ cao, CO và CO2"
247,TT 11/2020/TT-BLĐTBXH,II,"CƠ KHÍ, LUYỆN KIM",Loại IV,"Nặng nhọc, độc hại, nguy hiểm",93,Vận hành băng truyền cấp liệu cốc và thiêu kết,"Phải đi lại thường xuyên, nơi làm việc chật hẹp, chịu tác động của bụi nồng độ cao"
248,TT 11/2020/TT-BLĐTBXH,II,"CƠ KHÍ, LUYỆN KIM",Loại IV,"Nặng nhọc, độc hại, nguy hiểm",94,Điều chỉnh hệ thống nhiệt luyện cốc (Giao hoán),"Chịu tác động của nhiệt độ cao, bụi"
249,TT 11/2020/TT-BLĐTBXH,II,"CƠ KHÍ, LUYỆN KIM",Loại IV,"Nặng nhọc, độc hại, nguy hiểm",95,"Vận hành, sửa chữa đồng hồ lưu lượng","Tiếp xúc với nhiệt độ cao, bụi và thủy ngân"
250,TT 11/2020/TT-BLĐTBXH,II,"CƠ KHÍ, LUYỆN KIM",Loại IV,"Nặng nhọc, độc hại, nguy hiểm",96,Phối liệu thiêu kết,Chịu tác động của nóng và bụi nồng độ cao
251,TT 11/2020/TT-BLĐTBXH,II,"CƠ KHÍ, LUYỆN KIM",Loại IV,"Nặng nhọc, độc hại, nguy hiểm",97,"Sửa chữa, bơm mỡ bảo dưỡng thiết bị luyện kim","Công việc nặng nhọc, tư thế lao động gò bó, tiếp xúc với nóng, bụi"
252,TT 11/2020/TT-BLĐTBXH,II,"CƠ KHÍ, LUYỆN KIM",Loại IV,"Nặng nhọc, độc hại, nguy hiểm",98,"Vận hành máy, van hơi thiêu kết","Công việc rất nặng nhọc, tiếp xúc với nhiệt độ cao, CO, CO2"
253,TT 11/2020/TT-BLĐTBXH,II,"CƠ KHÍ, LUYỆN KIM",Loại IV,"Nặng nhọc, độc hại, nguy hiểm",99,Bơm nước dập lửa than cốc,"Công việc nặng nhọc, tiếp xúc với nóng và bụi nồng độ rất cao"
254,TT 11/2020/TT-BLĐTBXH,II,"CƠ KHÍ, LUYỆN KIM",Loại IV,"Nặng nhọc, độc hại, nguy hiểm",100,"Sấy, phân loại quặng","Công việc nặng nhọc, nóng, bụi"
255,TT 11/2020/TT-BLĐTBXH,II,"CƠ KHÍ, LUYỆN KIM",Loại IV,"Nặng nhọc, độc hại, nguy hiểm",101,"Vận hành máy nghiền bùn để luyện, đúc gang thép","Công việc nặng nhọc, nơi làm việc lầy lội, ẩm ướt, chịu tác động của ồn, rung"
256,TT 11/2020/TT-BLĐTBXH,II,"CƠ KHÍ, LUYỆN KIM",Loại IV,"Nặng nhọc, độc hại, nguy hiểm",102,Thao tác phễu thành phẩm thiêu kết,"Chịu tác động của nóng, bụi nồng độ cao"
257,TT 11/2020/TT-BLĐTBXH,II,"CƠ KHÍ, LUYỆN KIM",Loại IV,"Nặng nhọc, độc hại, nguy hiểm",103,Vận hành máy lọc bụi quặng thiêu kết,Chịu tác động của nóng và bụi nồng độ rất cao
258,TT 11/2020/TT-BLĐTBXH,II,"CƠ KHÍ, LUYỆN KIM",Loại IV,"Nặng nhọc, độc hại, nguy hiểm",104,"Trực tiếp chỉ đạo kỹ thuật luyện gang, thép, cán thép","Thường xuyên tiếp xúc với nhiệt độ cao, bụi, CO và CO2"
259,TT 11/2020/TT-BLĐTBXH,II,"CƠ KHÍ, LUYỆN KIM",Loại IV,"Nặng nhọc, độc hại, nguy hiểm",105,"Làm việc trên sàn nguội, cắt, bó sản phẩm thép cán","Công việc nặng nhọc, chịu tác động của nóng, bụi"
260,TT 11/2020/TT-BLĐTBXH,II,"CƠ KHÍ, LUYỆN KIM",Loại IV,"Nặng nhọc, độc hại, nguy hiểm",106,"Sản xuất, sửa chữa khuôn kéo dây thép","Công việc nặng nhọc, tư thế lao động gò bó, thường xuyên tiếp xúc với bụi, nóng"
261,TT 11/2020/TT-BLĐTBXH,II,"CƠ KHÍ, LUYỆN KIM",Loại IV,"Nặng nhọc, độc hại, nguy hiểm",107,"Tu sửa đường ống khí than, khí nén, nước nhà máy luyện kim","Công việc nặng nhọc, nguy hiểm, tư thế lao động gò bó, thường xuyên chịu tác động của bụi, nóng"
262,TT 11/2020/TT-BLĐTBXH,II,"CƠ KHÍ, LUYỆN KIM",Loại IV,"Nặng nhọc, độc hại, nguy hiểm",108,Vệ sinh công nghiệp nhà máy luyện kim,"Công việc thủ công, nặng nhọc, chịu tác động của nóng, bụi."
263,TT 11/2020/TT-BLĐTBXH,II,"CƠ KHÍ, LUYỆN KIM",Loại IV,"Nặng nhọc, độc hại, nguy hiểm",109,Nghiền sàng Đôlômít và vôi,"Chịu tác động của rung, ồn và bụi"
264,TT 11/2020/TT-BLĐTBXH,II,"CƠ KHÍ, LUYỆN KIM",Loại IV,"Nặng nhọc, độc hại, nguy hiểm",110,Xuống than và gom than,"Công việc thủ công nặng nhọc, chịu tác động của bụi nồng độ rất cao"
265,TT 11/2020/TT-BLĐTBXH,II,"CƠ KHÍ, LUYỆN KIM",Loại IV,"Nặng nhọc, độc hại, nguy hiểm",111,Thủ kho dầu cốc,"Công việc nặng nhọc, thường xuyên tiếp xúc với hơi dầu cốc nóng và độc"
266,TT 11/2020/TT-BLĐTBXH,II,"CƠ KHÍ, LUYỆN KIM",Loại IV,"Nặng nhọc, độc hại, nguy hiểm",112,Bảo quản kim khí,"Công việc thủ công, nặng nhọc, thường xuyên tiếp xúc với dầu, mỡ"
267,TT 11/2020/TT-BLĐTBXH,II,"CƠ KHÍ, LUYỆN KIM",Loại IV,"Nặng nhọc, độc hại, nguy hiểm",113,"Vận hành máy nghiền, sàng bột xây dựng","Chịu tác động của ồn, rung và bụi có nồng độ rất cao"
268,TT 11/2020/TT-BLĐTBXH,II,"CƠ KHÍ, LUYỆN KIM",Loại IV,"Nặng nhọc, độc hại, nguy hiểm",114,"Vận hành máy mài, băng dũa","Tư thế lao động gò bó, chịu tác động của ồn, bụi"
269,TT 11/2020/TT-BLĐTBXH,II,"CƠ KHÍ, LUYỆN KIM",Loại IV,"Nặng nhọc, độc hại, nguy hiểm",115,Nhiệt luyện kim loại bằng lò tôi cao tần,"Công việc nặng nhọc, chịu tác động của nóng và bụi"
270,TT 11/2020/TT-BLĐTBXH,II,"CƠ KHÍ, LUYỆN KIM",Loại IV,"Nặng nhọc, độc hại, nguy hiểm",116,"Vận hành máy cắt phôi dũa, máy cán mũi và chuôi dũa","Công việc nặng nhọc, chịu tác động của ồn, rung"
271,TT 11/2020/TT-BLĐTBXH,II,"CƠ KHÍ, LUYỆN KIM",Loại IV,"Nặng nhọc, độc hại, nguy hiểm",117,Nung kim loại bằng lò trung tần,"Công việc nặng nhọc, thường xuyên chịu tác động của nhiệt độ cao"
272,TT 11/2020/TT-BLĐTBXH,II,"CƠ KHÍ, LUYỆN KIM",Loại IV,"Nặng nhọc, độc hại, nguy hiểm",118,"Đốt, vận hành lò ủ kim loại","Công việc nặng nhọc, thường xuyên chịu tác động của nhiệt độ cao, CO và CO2"
273,TT 11/2020/TT-BLĐTBXH,II,"CƠ KHÍ, LUYỆN KIM",Loại IV,"Nặng nhọc, độc hại, nguy hiểm",119,"Tẩy rửa, nhuộm đen kim loại và các sản phẩm kim loại bằng hóa chất","Thường xuyên tiếp xúc với các loại axít, xút...."
274,TT 11/2020/TT-BLĐTBXH,II,"CƠ KHÍ, LUYỆN KIM",Loại IV,"Nặng nhọc, độc hại, nguy hiểm",120,"Mạ Niken, Crôm",Thường xuyên tiếp xúc với các hóa chất độc hại
275,TT 11/2020/TT-BLĐTBXH,II,"CƠ KHÍ, LUYỆN KIM",Loại IV,"Nặng nhọc, độc hại, nguy hiểm",121,"Chà sàng, cạo rỉ, đánh bóng kim loại","Tư thế lao động gò bó, thường xuyên chịu tác động của ồn, bụi nồng độ cao"
276,TT 11/2020/TT-BLĐTBXH,II,"CƠ KHÍ, LUYỆN KIM",Loại IV,"Nặng nhọc, độc hại, nguy hiểm",122,"Vận hành máy dập, dũa, mài bi kim loại","Thường xuyên tiếp xúc với rung, ồn và hóa chất độc"
277,TT 11/2020/TT-BLĐTBXH,II,"CƠ KHÍ, LUYỆN KIM",Loại IV,"Nặng nhọc, độc hại, nguy hiểm",123,"Vận hành máy quay, đánh bóng bi kim loại","Công việc nặng nhọc, thường xuyên tiếp xúc với bụi, ồn"
278,TT 11/2020/TT-BLĐTBXH,II,"CƠ KHÍ, LUYỆN KIM",Loại IV,"Nặng nhọc, độc hại, nguy hiểm",124,Cà đá mài bi,"Công việc nặng nhọc, chịu tác động của bụi, ồn"
279,TT 11/2020/TT-BLĐTBXH,II,"CƠ KHÍ, LUYỆN KIM",Loại IV,"Nặng nhọc, độc hại, nguy hiểm",125,Đúc chì để gắn đá mài bi,Thường xuyên tiếp xúc với nóng và hơi chì
280,TT 11/2020/TT-BLĐTBXH,II,"CƠ KHÍ, LUYỆN KIM",Loại IV,"Nặng nhọc, độc hại, nguy hiểm",126,Chọn bi kim loại (đường kính dưới 1cm) bằng mắt,"Công việc nặng nhọc, đơn điệu, rất căng thẳng thị giác, tư thế lao động gò bó"
281,TT 11/2020/TT-BLĐTBXH,II,"CƠ KHÍ, LUYỆN KIM",Loại IV,"Nặng nhọc, độc hại, nguy hiểm",127,Hàn bằng phương pháp nung chảy,"Công việc nặng nhọc, tư thế lao động gò bó, chịu tác động của nóng, bụi"
282,TT 11/2020/TT-BLĐTBXH,II,"CƠ KHÍ, LUYỆN KIM",Loại IV,"Nặng nhọc, độc hại, nguy hiểm",128,Hàn cao áp,"Tư thế lao động gò bó, chịu tác động của nóng và khí độc"
283,TT 11/2020/TT-BLĐTBXH,II,"CƠ KHÍ, LUYỆN KIM",Loại IV,"Nặng nhọc, độc hại, nguy hiểm",129,Nguội sửa chữa xe cơ giới loại từ 10 tấn trở lên và các loại xe chạy bằng bánh xích,"Công việc nặng nhọc, tư thế lao động gò bó, thường xuyên tiếp xúc với dầu mỡ"
284,TT 11/2020/TT-BLĐTBXH,II,"CƠ KHÍ, LUYỆN KIM",Loại IV,"Nặng nhọc, độc hại, nguy hiểm",130,Vệ sinh công nghiệp nhà máy cơ khí,"Công việc thủ công nặng nhọc, thường xuyên tiếp xúc với bụi, hóa chất"
285,TT 11/2020/TT-BLĐTBXH,II,"CƠ KHÍ, LUYỆN KIM",Loại IV,"Nặng nhọc, độc hại, nguy hiểm",131,"Khoan, bào, tiện gang","Bụi, căng thẳng thị giác, tập trung chú ý cao"
286,TT 11/2020/TT-BLĐTBXH,II,"CƠ KHÍ, LUYỆN KIM",Loại IV,"Nặng nhọc, độc hại, nguy hiểm",132,"Tiện, phay, bào, cưa phíp, bakelit","Chịu tác động của bụi gỗ phíp, bụi bakelit, hơi Phenol nồng độ cao"
287,TT 11/2020/TT-BLĐTBXH,II,"CƠ KHÍ, LUYỆN KIM",Loại IV,"Nặng nhọc, độc hại, nguy hiểm",133,Sơn tĩnh điện,"Thường xuyên tiếp xúc với hóa chất độc, nơi làm việc nóng, thiếu không khí"
288,TT 11/2020/TT-BLĐTBXH,II,"CƠ KHÍ, LUYỆN KIM",Loại IV,"Nặng nhọc, độc hại, nguy hiểm",134,Vận hành búa máy,"Chịu tác động của nhiệt độ cao, rung động lớn, và tiếng ồn vượt tiêu chuẩn cho phép"
289,TT 11/2020/TT-BLĐTBXH,III,HÓA CHẤT,Loại VI,"Đặc biệt nặng nhọc, độc hại, nguy hiểm",1,Điều chế Supe lân,"Làm việc trên sàn cao, tiếp xúc với hóa chất độc (HF, SO3) nồng độ cao dễ bị nhiễm độc, nguy hiểm"
290,TT 11/2020/TT-BLĐTBXH,III,HÓA CHẤT,Loại VI,"Đặc biệt nặng nhọc, độc hại, nguy hiểm",2,Hàn chì trong thùng tháp kín,"Nơi làm việc chật hẹp, tư thế lao động gò bó, chịu tác động của nóng và hơi chì nồng độ rất cao"
291,TT 11/2020/TT-BLĐTBXH,III,HÓA CHẤT,Loại VI,"Đặc biệt nặng nhọc, độc hại, nguy hiểm",3,"Sản xuất hoạt chất thuốc bảo vệ thực vật, sản xuất thuốc bảo vệ thực vật các loại","Công việc nặng nhọc, tiếp xúc với các loại hóa chất độc mạnh"
292,TT 11/2020/TT-BLĐTBXH,III,HÓA CHẤT,Loại VI,"Đặc biệt nặng nhọc, độc hại, nguy hiểm",4,Sản xuất và đóng thùng Phốt pho vàng (P4),"Làm việc trên cao, cạnh lò nóng, tiếp xúc trực tiếp với bụi (đá Quắc zit, Apatit, than cốc) và khí độc (CO, P2O5, PH3, HF, P4…) ồn và dễ bị nhiễm độc, dễ cháy nổ"
293,TT 11/2020/TT-BLĐTBXH,III,HÓA CHẤT,Loại V,"Đặc biệt nặng nhọc, độc hại, nguy hiểm",1,"Sản xuất, đóng bao Na2SiFe","Công việc nặng nhọc, thường xuyên tiếp xúc với khí độc (HF), ồn và nồng độ bụi rất cao"
294,TT 11/2020/TT-BLĐTBXH,III,HÓA CHẤT,Loại V,"Đặc biệt nặng nhọc, độc hại, nguy hiểm",2,"Nghiền quặng Apatít, pyrít; đóng bao bột Apatít","Thường xuyên tiếp xúc với bụi, ồn vượt tiêu chuẩn cho phép nhiều lần"
295,TT 11/2020/TT-BLĐTBXH,III,HÓA CHẤT,Loại V,"Đặc biệt nặng nhọc, độc hại, nguy hiểm",3,"Vận hành lò, cấp quặng pyrít vào lò tầng sôi sản xuất axít H2SO4.","Làm việc trên sàn cao cạnh lò, tiếp xúc trực tiếp với bụi, ồn và khí SO2 nồng độ cao"
296,TT 11/2020/TT-BLĐTBXH,III,HÓA CHẤT,Loại V,"Đặc biệt nặng nhọc, độc hại, nguy hiểm",4,Vận hành bơm và đóng bình axít H2SO4,Thường xuyên tiếp xúc với hóa chất độc và ồn
297,TT 11/2020/TT-BLĐTBXH,III,HÓA CHẤT,Loại V,"Đặc biệt nặng nhọc, độc hại, nguy hiểm",5,Lọc bụi điện sản xuất axít H2SO4,"Thường xuyên tiếp xúc với bụi, hóa chất độc và ồn cao"
298,TT 11/2020/TT-BLĐTBXH,III,HÓA CHẤT,Loại V,"Đặc biệt nặng nhọc, độc hại, nguy hiểm",6,"Sản xuất ắc quy: luyện chì tái sinh; nghiền bột chì, đúc chì; trộn trát cao chì; cắt mài, sấy tấm cực chì; hàn chùm cực, cầu tiếp; hóa thành tấm cực chì; lắp ráp ắc quy","Thường xuyên tiếp xúc với ồn, nóng và bụi chì nồng độ rất cao"
299,TT 11/2020/TT-BLĐTBXH,III,HÓA CHẤT,Loại V,"Đặc biệt nặng nhọc, độc hại, nguy hiểm",7,Nghiền bột Puzôlan,"Công việc nặng nhọc, ảnh hưởng của ồn cao và bụi vượt tiêu chuẩn cho phép nhiều lần"
300,TT 11/2020/TT-BLĐTBXH,III,HÓA CHẤT,Loại V,"Đặc biệt nặng nhọc, độc hại, nguy hiểm",8,Luyện đất đèn,"Công việc thủ công, nặng nhọc, ảnh hưởng của nóng, ồn, CO2, CO và bụi có nồng độ rất cao"
301,TT 11/2020/TT-BLĐTBXH,III,HÓA CHẤT,Loại V,"Đặc biệt nặng nhọc, độc hại, nguy hiểm",9,Luyện cao su,"Công việc nặng nhọc, độc hại, tiếp xúc nhiệt độ cao, bụi, SO2, H2S"
302,TT 11/2020/TT-BLĐTBXH,III,HÓA CHẤT,Loại V,"Đặc biệt nặng nhọc, độc hại, nguy hiểm",10,Vận hành lò khí hóa than trong công nghệ sản xuất phân đạm,"Làm việc trên sàn cao, công việc nặng nhọc, độc hại, tiếp xúc CO vượt tiêu chuẩn cho phép nhiều lần."
303,TT 11/2020/TT-BLĐTBXH,III,HÓA CHẤT,Loại V,"Đặc biệt nặng nhọc, độc hại, nguy hiểm",11,Sửa chữa hệ thống lò khí hóa than trong công nghệ sản xuất phân đạm.,"Công việc nặng nhọc, nguy hiểm, tư thế lao động gò bó, tiếp xúc CO"
304,TT 11/2020/TT-BLĐTBXH,III,HÓA CHẤT,Loại V,"Đặc biệt nặng nhọc, độc hại, nguy hiểm",12,Tổng hợp amôniắc (NH3) trong công nghệ sản xuất phân đạm,"Độc hại, nguy hiểm, thường xuyên tiếp xúc NH3 nồng độ cao"
305,TT 11/2020/TT-BLĐTBXH,III,HÓA CHẤT,Loại V,"Đặc biệt nặng nhọc, độc hại, nguy hiểm",13,Vận hành máy nén cao áp trong công nghệ sản xuất phân đạm,"Công việc nguy hiểm, tiếp xúc ồn, NH3 nồng độ cao"
306,TT 11/2020/TT-BLĐTBXH,III,HÓA CHẤT,Loại V,"Đặc biệt nặng nhọc, độc hại, nguy hiểm",14,Vận hành bơm trung cao áp amôniắc và phân giải urê,"Công việc nguy hiểm, căng thẳng thần kinh tâm lý, tiếp xúc với NH3"
307,TT 11/2020/TT-BLĐTBXH,III,HÓA CHẤT,Loại V,"Đặc biệt nặng nhọc, độc hại, nguy hiểm",15,"Cô đặc, tạo hạt và khống chế tập trung urê",Tiếp xúc với các loại hóa chất độc
308,TT 11/2020/TT-BLĐTBXH,III,HÓA CHẤT,Loại V,"Đặc biệt nặng nhọc, độc hại, nguy hiểm",16,"Sản xuất axít salixilic, HNO3, H3PO4.",Thường xuyên tiếp xúc với các loại hóa chất độc mạnh
309,TT 11/2020/TT-BLĐTBXH,III,HÓA CHẤT,Loại V,"Đặc biệt nặng nhọc, độc hại, nguy hiểm",17,Trung hòa supe lân.,Thường xuyên tiếp xúc với bụi và hóa chất độc mạnh
310,TT 11/2020/TT-BLĐTBXH,III,HÓA CHẤT,Loại V,"Đặc biệt nặng nhọc, độc hại, nguy hiểm",18,Vận hành hệ thống tháp rửa khí nguyên liệu,"Công việc độc hại, thường xuyên tiếp xúc với SO2, SO3 và H2SO4"
311,TT 11/2020/TT-BLĐTBXH,III,HÓA CHẤT,Loại V,"Đặc biệt nặng nhọc, độc hại, nguy hiểm",19,Sấy hấp thụ khí SO2và SO3 trong sản xuất axít SO2,"Thường xuyên tiếp xúc với H2SO4, SO3"
312,TT 11/2020/TT-BLĐTBXH,III,HÓA CHẤT,Loại V,"Đặc biệt nặng nhọc, độc hại, nguy hiểm",20,Vận hành thiết bị tiếp xúc trong công nghệ sản xuất axít H2SO4,"Tiếp xúc với SO2, SO3"
313,TT 11/2020/TT-BLĐTBXH,III,HÓA CHẤT,Loại V,"Đặc biệt nặng nhọc, độc hại, nguy hiểm",21,Sản xuất ôxít sắt trong khu vực sản xuất supe phốt phát,"Tiếp xúc nóng, bụi Fe2SO3 và hóa chất độc"
314,TT 11/2020/TT-BLĐTBXH,III,HÓA CHẤT,Loại V,"Đặc biệt nặng nhọc, độc hại, nguy hiểm",22,Trích ly axít H3PO4 từ supe lân,Tiếp xúc với bụi và các hợp chất chứa Flo
315,TT 11/2020/TT-BLĐTBXH,III,HÓA CHẤT,Loại V,"Đặc biệt nặng nhọc, độc hại, nguy hiểm",23,Vận hành tời nạp liệu lò cao sản xuất phân lân nung chảy,"Độc hại, tiếp xúc CO, CO2, H2S"
316,TT 11/2020/TT-BLĐTBXH,III,HÓA CHẤT,Loại V,"Đặc biệt nặng nhọc, độc hại, nguy hiểm",24,Ra liệu lò cao sản xuất phân lân nung chảy,"Tiếp xúc với CO, Fluor và nhiệt độ cao"
317,TT 11/2020/TT-BLĐTBXH,III,HÓA CHẤT,Loại V,"Đặc biệt nặng nhọc, độc hại, nguy hiểm",25,Vận hành hệ thống tháp hấp thụ khí thải lò cao sản xuất phân lân nung chảy,"Tiếp xúc khí độc HF, SiF4, sữa vôi, xỉ lò"
318,TT 11/2020/TT-BLĐTBXH,III,HÓA CHẤT,Loại V,"Đặc biệt nặng nhọc, độc hại, nguy hiểm",26,Vận hành lò đốt gió nóng (CO) trong công nghệ sản xuất phân lân nung chảy,"Công việc nặng nhọc, tiếp xúc khí độc, nhiệt độ cao."
319,TT 11/2020/TT-BLĐTBXH,III,HÓA CHẤT,Loại V,"Đặc biệt nặng nhọc, độc hại, nguy hiểm",27,Sản xuất phụ gia thuốc trừ sâu,"Chịu tác động của bụi độc, SiO2 và các ôxít kim loại."
320,TT 11/2020/TT-BLĐTBXH,III,HÓA CHẤT,Loại V,"Đặc biệt nặng nhọc, độc hại, nguy hiểm",28,"Hóa lỏng, đóng bình Clo; sản xuất axít HCl tinh khiết","Tiếp xúc với Clo, axít HCl rất độc"
321,TT 11/2020/TT-BLĐTBXH,III,HÓA CHẤT,Loại V,"Đặc biệt nặng nhọc, độc hại, nguy hiểm",29,Xử lý Clo thừa,"Độc hại, tiếp xúc với khí Clo rất độc"
322,TT 11/2020/TT-BLĐTBXH,III,HÓA CHẤT,Loại V,"Đặc biệt nặng nhọc, độc hại, nguy hiểm",30,"Nghiền sàng, sấy, xử lý nguyên liệu thuốc bọc que hàn","Công việc nặng nhọc, tiếp xúc với nóng, bụi SiO2, Silic và chất độc mạnh Na2SiF6…"
323,TT 11/2020/TT-BLĐTBXH,III,HÓA CHẤT,Loại V,"Đặc biệt nặng nhọc, độc hại, nguy hiểm",31,"Cân phối liệu, trộn khô thuốc bọc que hàn",Tiếp xúc với hóa chất độc
324,TT 11/2020/TT-BLĐTBXH,III,HÓA CHẤT,Loại V,"Đặc biệt nặng nhọc, độc hại, nguy hiểm",32,"Sấy, nghiền, đóng bao quặng mangan","Tiếp xúc với nóng, ồn và bụi mangan nồng độ cao"
325,TT 11/2020/TT-BLĐTBXH,III,HÓA CHẤT,Loại V,"Đặc biệt nặng nhọc, độc hại, nguy hiểm",33,Vận hành băng tải xích và băng tải cao su dưới hầm nhà máy tuyển apatít,"Làm việc dưới hầm sâu, ẩm ướt, thiếu ánh sáng, thiếu không khí, chịu tác động của ồn, bụi nồng độ cao"
326,TT 11/2020/TT-BLĐTBXH,III,HÓA CHẤT,Loại V,"Đặc biệt nặng nhọc, độc hại, nguy hiểm",34,Vận hành máy sàng GHIT trong nhà máy tuyển quặng apatít,"Làm việc dưới hầm, ẩm ướt, chịu tác động của ồn, bụi"
327,TT 11/2020/TT-BLĐTBXH,III,HÓA CHẤT,Loại V,"Đặc biệt nặng nhọc, độc hại, nguy hiểm",35,"Vận hành máy đập hàm, đập búa dưới hầm nhà máy tuyển quặng apatít","Làm việc dưới hầm sâu, ẩm ướt, chịu tác động của bụi và ồn cao"
328,TT 11/2020/TT-BLĐTBXH,III,HÓA CHẤT,Loại V,"Đặc biệt nặng nhọc, độc hại, nguy hiểm",36,Vận hành máy bơm bùn dưới hầm sâu,"Làm việc dưới hầm sâu, thiếu ánh sáng, lầy lội, ẩm ướt, công việc rất nặng nhọc, tư thế lao động gò bó"
329,TT 11/2020/TT-BLĐTBXH,III,HÓA CHẤT,Loại V,"Đặc biệt nặng nhọc, độc hại, nguy hiểm",37,Hàn chì trong công nghệ sản xuất hóa chất,Tiếp xúc hơi chì nồng độ cao
330,TT 11/2020/TT-BLĐTBXH,III,HÓA CHẤT,Loại V,"Đặc biệt nặng nhọc, độc hại, nguy hiểm",38,"Sửa chữa lò, thùng tháp trong công nghệ sản xuất hóa chất","Nơi làm việc chật hẹp, công việc nặng nhọc, tư thế lao động gò bó, chịu tác động của nhiệt độ cao và hóa chất mạnh"
331,TT 11/2020/TT-BLĐTBXH,III,HÓA CHẤT,Loại V,"Đặc biệt nặng nhọc, độc hại, nguy hiểm",39,"Bốc xếp, vận chuyển than đen thủ công","Công việc thủ công, nặng nhọc, tiếp xúc với bụi than (bụi hô hấp) nồng độ rất cao"
332,TT 11/2020/TT-BLĐTBXH,III,HÓA CHẤT,Loại V,"Đặc biệt nặng nhọc, độc hại, nguy hiểm",40,"Sửa chữa, nạo vét cống ngầm trong nhà máy hóa chất","Công việc thủ công, rất nặng nhọc, tư thế lao động gò bó, thường xuyên tiếp xúc với các chất phế thải và hóa chất độc hại"
333,TT 11/2020/TT-BLĐTBXH,III,HÓA CHẤT,Loại V,"Đặc biệt nặng nhọc, độc hại, nguy hiểm",41,Sản xuất hợp chất crôm.,Thường xuyên tiếp xúc với hóa chất độc mạnh.
334,TT 11/2020/TT-BLĐTBXH,III,HÓA CHẤT,Loại V,"Đặc biệt nặng nhọc, độc hại, nguy hiểm",42,"Vận hành trạm bơm nước thải (thải nhiễm dầu, thải bẩn); trạm bơm nước tuần hoàn và xử lý nước thải","Thường xuyên làm việc ở độ sâu từ - 10m đến - 20m; tiếp xúc với tiếng ồn, chất thải độc hại, vi sinh vật gây bệnh và hóa chất xử lý nước"
335,TT 11/2020/TT-BLĐTBXH,III,HÓA CHẤT,Loại V,"Đặc biệt nặng nhọc, độc hại, nguy hiểm",43,"Sửa chữa, vận hành các thiết bị hóa (xử lý nước, khử muối, trưởng kíp vận hành)","Thường xuyên tiếp xúc với các hóa chất độc hại, tiếng ồn và bụi"
336,TT 11/2020/TT-BLĐTBXH,III,HÓA CHẤT,Loại V,"Đặc biệt nặng nhọc, độc hại, nguy hiểm",44,"Sản xuất CO2 lỏng, rắn","Thường xuyên tiếp xúc với tiếng ồn, hóa chất (CO2 lỏng, rắn, nồng độ cao; thuốc tím; khí H2S) và máy nén khí CO2 áp suất cao"
337,TT 11/2020/TT-BLĐTBXH,III,HÓA CHẤT,Loại V,"Đặc biệt nặng nhọc, độc hại, nguy hiểm",45,"Thu hồi, lọc dầu, tái sinh dầu bôi trơn",Công việc thủ công; làm việc trong môi trường hóa chất độc hại và tiếng ồn cao; chịu tác động trực tiếp của hơi dầu nóng và hơi nước
338,TT 11/2020/TT-BLĐTBXH,III,HÓA CHẤT,Loại V,"Đặc biệt nặng nhọc, độc hại, nguy hiểm",46,Thải xỉ nóng lò hơi nhiệt,"Công việc thủ công, nặng nhọc; thường xuyên tiếp xúc với nguồn nhiệt lớn, bụi xỉ than và hơi khí độc"
339,TT 11/2020/TT-BLĐTBXH,III,HÓA CHẤT,Loại V,"Đặc biệt nặng nhọc, độc hại, nguy hiểm",47,"Thủ kho bình (chai) chịu áp lực (O2, N2, CO2 lỏng, NH3 lỏng)","Thường xuyên tiếp xúc với các bình chứa khí có áp suất cao, dễ cháy nổ, nguy hiểm; Chịu ảnh hưởng của hơi hóa chất độc hại"
340,TT 11/2020/TT-BLĐTBXH,III,HÓA CHẤT,Loại V,"Đặc biệt nặng nhọc, độc hại, nguy hiểm",48,Nhặt than thủ công tại bãi xỉ thải của lò khí hóa than,"Làm việc ngoài trời, công việc thủ công nặng nhọc; Chịu tác động của nóng, bụi xỉ than và hỗn hợp hơi nước, khí CO, H2S"
341,TT 11/2020/TT-BLĐTBXH,III,HÓA CHẤT,Loại V,"Đặc biệt nặng nhọc, độc hại, nguy hiểm",49,"Khai thác, vận chuyển than bùn","Làm việc ngoài trời trên các hồ lắng than bùn, công việc thủ công nặng nhọc; Chịu tác động trực tiếp của nhiệt độ, hơi ẩm, bụi xỉ than và hỗn hợp hơi nước, khí CO, CO2, NH3, H2S"
342,TT 11/2020/TT-BLĐTBXH,III,HÓA CHẤT,Loại V,"Đặc biệt nặng nhọc, độc hại, nguy hiểm",50,Vận hành hệ thống thu hồi nhiệt từ khí hóa than,"Thường xuyên làm việc trong môi trường có nhiệt độ cao, tiếng ồn lớn; tiếp xúc với thiết bị có áp suất cao, phát sinh hơi khí độc CO, CO2, NH3, H2S"
343,TT 11/2020/TT-BLĐTBXH,III,HÓA CHẤT,Loại V,"Đặc biệt nặng nhọc, độc hại, nguy hiểm",51,"Sản xuất, đóng bao Al(OH)3","Thường xuyên tiếp xúc với hóa chất độc NaOH, hơi ẩm, bụi ở nhiệt độ cao"
344,TT 11/2020/TT-BLĐTBXH,III,HÓA CHẤT,Loại V,"Đặc biệt nặng nhọc, độc hại, nguy hiểm",52,"Vận hành băng tải cấp lưu huỳnh, vận hành lò đốt lưu huỳnh để sản xuất axit H2SO4","Tiếp xúc thường xuyên nóng, ồn, nồng độ SO2, khí H2S cao"
345,TT 11/2020/TT-BLĐTBXH,III,HÓA CHẤT,Loại V,"Đặc biệt nặng nhọc, độc hại, nguy hiểm",53,Vận hành cầu trục đảo trộn supe lân,"Tiếp xúc thường xuyên với bụi, ồn, nồng độ Flo, khí H2S rất cao"
346,TT 11/2020/TT-BLĐTBXH,III,HÓA CHẤT,Loại V,"Đặc biệt nặng nhọc, độc hại, nguy hiểm",54,Công nhân sản xuất muối ZnCl2,"Thường xuyên tiếp xúc với nhiệt độ cao, khí độc CO, HCl, H2S"
347,TT 11/2020/TT-BLĐTBXH,III,HÓA CHẤT,Loại V,"Đặc biệt nặng nhọc, độc hại, nguy hiểm",55,"Sản xuất, đóng bao Na2SiF6","Công việc nặng nhọc, thường xuyên tiếp xúc với khí độc (HF), ồn, nồng độ bụi cao"
348,TT 11/2020/TT-BLĐTBXH,III,HÓA CHẤT,Loại IV,"Nặng nhọc, độc hại, nguy hiểm",1,Nghiền vôi và than để luyện đất đèn; đóng thùng đất đèn,"Công việc thủ công, nặng nhọc, thường xuyên tiếp xúc với tiếng ồn và bụi vượt tiêu chuẩn cho phép nhiều lần"
349,TT 11/2020/TT-BLĐTBXH,III,HÓA CHẤT,Loại IV,"Nặng nhọc, độc hại, nguy hiểm",2,Vận hành lò hơi,"Công việc nặng nhọc, bụi, ồn và nóng"
350,TT 11/2020/TT-BLĐTBXH,III,HÓA CHẤT,Loại IV,"Nặng nhọc, độc hại, nguy hiểm",3,"Vận hành lò sấy quặng apatít, pyrít","Công việc nặng nhọc, bụi, ồn và nóng"
351,TT 11/2020/TT-BLĐTBXH,III,HÓA CHẤT,Loại IV,"Nặng nhọc, độc hại, nguy hiểm",4,"Vận hành băng tải quặng pyrít, apatít, lưu huỳnh, than và các sản phẩm axít","Thường xuyên tiếp xúc với ồn, bụi quặng nồng độ cao"
352,TT 11/2020/TT-BLĐTBXH,III,HÓA CHẤT,Loại IV,"Nặng nhọc, độc hại, nguy hiểm",5,"Lái cẩu trục chuyển quặng pyrít, apatít","Ảnh hưởng của ồn, bụi quặng nồng độ cao"
353,TT 11/2020/TT-BLĐTBXH,III,HÓA CHẤT,Loại IV,"Nặng nhọc, độc hại, nguy hiểm",6,Nghiền phụ gia để sản xuất phân NPK,"Công việc nặng nhọc, ồn và bụi vượt tiêu chuẩn cho phép nhiều lần"
354,TT 11/2020/TT-BLĐTBXH,III,HÓA CHẤT,Loại IV,"Nặng nhọc, độc hại, nguy hiểm",7,"Sấy, vê viên, đóng bao phân NPK","Tiếp xúc thường xuyên với nóng, bụi và NH3"
355,TT 11/2020/TT-BLĐTBXH,III,HÓA CHẤT,Loại IV,"Nặng nhọc, độc hại, nguy hiểm",8,"Đóng bao, khâu bao và bốc vác supe lân","Công việc thủ công, nặng nhọc, ảnh hưởng của bụi, SO3, HF"
356,TT 11/2020/TT-BLĐTBXH,III,HÓA CHẤT,Loại IV,"Nặng nhọc, độc hại, nguy hiểm",9,"Cán màng mỏng PVC, PP, PE","Tiếp xúc với hơi xăng, nóng và các chất nhựa độc"
357,TT 11/2020/TT-BLĐTBXH,III,HÓA CHẤT,Loại IV,"Nặng nhọc, độc hại, nguy hiểm",10,"Ép suất, thành hình các sản phẩm cao su","Công việc nặng nhọc, nóng, bụi, ồn và hơi xăng dầu"
358,TT 11/2020/TT-BLĐTBXH,III,HÓA CHẤT,Loại IV,"Nặng nhọc, độc hại, nguy hiểm",11,"Cán tráng, cán hình vải cao su","Ảnh hưởng của ồn, xăng và SO2"
359,TT 11/2020/TT-BLĐTBXH,III,HÓA CHẤT,Loại IV,"Nặng nhọc, độc hại, nguy hiểm",12,Xử lý tanh trong sản xuất lốp các loại,"Thường xuyên tiếp xúc với bụi, xăng và chất độc mạnh như xylen"
360,TT 11/2020/TT-BLĐTBXH,III,HÓA CHẤT,Loại IV,"Nặng nhọc, độc hại, nguy hiểm",13,Vận hành điện lò luyện đất đèn,"Thường xuyên tiếp xúc với tiếng ồn, bụi nồng độ cao"
361,TT 11/2020/TT-BLĐTBXH,III,HÓA CHẤT,Loại IV,"Nặng nhọc, độc hại, nguy hiểm",14,Phân loại tấm cực chì sản xuất ắc quy,"Công việc thủ công, ảnh hưởng của ồn và bụi chì"
362,TT 11/2020/TT-BLĐTBXH,III,HÓA CHẤT,Loại IV,"Nặng nhọc, độc hại, nguy hiểm",15,"Sàng, sấy hóa chất, phối liệu cao su","Tiếp xúc với nhiệt độ cao, bụi, hóa chất độc"
363,TT 11/2020/TT-BLĐTBXH,III,HÓA CHẤT,Loại IV,"Nặng nhọc, độc hại, nguy hiểm",16,Chế tạo cao su tái sinh,"Công việc nặng nhọc, tiếp xúc với bụi than, và hóa chất độc"
364,TT 11/2020/TT-BLĐTBXH,III,HÓA CHẤT,Loại IV,"Nặng nhọc, độc hại, nguy hiểm",17,Lưu hóa các sản phẩm cao su,"Công việc nặng nhọc, tiếp xúc với các hóa chất độc"
365,TT 11/2020/TT-BLĐTBXH,III,HÓA CHẤT,Loại IV,"Nặng nhọc, độc hại, nguy hiểm",18,Chế tạo băng tải công nghiệp,"Công việc nặng nhọc, tiếp xúc với dung môi hữu cơ (benzene) và hóa chất độc"
366,TT 11/2020/TT-BLĐTBXH,III,HÓA CHẤT,Loại IV,"Nặng nhọc, độc hại, nguy hiểm",19,"Ép suất thành hình săm, lốp ôtô, máy bay, máy kéo","Công việc nặng nhọc,tiếp xúc với nhiệt độ cao, các hóa chất và dung môi hữu cơ"
367,TT 11/2020/TT-BLĐTBXH,III,HÓA CHẤT,Loại IV,"Nặng nhọc, độc hại, nguy hiểm",20,Tổng hợp nhựa ankýt sản xuất sơn,"Tiếp xúc với phênol, benzen, xylen"
368,TT 11/2020/TT-BLĐTBXH,III,HÓA CHẤT,Loại IV,"Nặng nhọc, độc hại, nguy hiểm",21,Nấu cán kẽm trong công nghệ sản xuất pin,"Tiếp xúc với nhiệt độ cao, bụi kẽm"
369,TT 11/2020/TT-BLĐTBXH,III,HÓA CHẤT,Loại IV,"Nặng nhọc, độc hại, nguy hiểm",22,Vận hành lò nung cọc than trong công nghệ sản xuất pin,"Tiếp xúc với nhiệt độ cao, dung môi hữu cơ và bụi"
370,TT 11/2020/TT-BLĐTBXH,III,HÓA CHẤT,Loại IV,"Nặng nhọc, độc hại, nguy hiểm",23,Trộn bột cực dương trong công nghệ sản xuất pin,Tiếp xúc với hóa chất điện giải và bụi
371,TT 11/2020/TT-BLĐTBXH,III,HÓA CHẤT,Loại IV,"Nặng nhọc, độc hại, nguy hiểm",24,Trộn bột ép cọc than trong công nghệ sản xuất pin,Tiếp xúc với nhiệt độ cao và bụi than
372,TT 11/2020/TT-BLĐTBXH,III,HÓA CHẤT,Loại IV,"Nặng nhọc, độc hại, nguy hiểm",25,Sản xuất khí C2H2 và muội axêtylen.,"Công việc nguy hiểm, tiếp xúc với khí độc và bụi than."
373,TT 11/2020/TT-BLĐTBXH,III,HÓA CHẤT,Loại IV,"Nặng nhọc, độc hại, nguy hiểm",26,Vận hành bơm cô đặc trong công nghệ tuyển quặng apatít.,"Môi trường ẩm ướt, tiếp xúc với axít và muối axít."
374,TT 11/2020/TT-BLĐTBXH,III,HÓA CHẤT,Loại IV,"Nặng nhọc, độc hại, nguy hiểm",27,Vận hành bơm cấp axít và thùng tiếp xúc trong công nghệ tuyển quặng apatít,Tiếp xúc với các axít mạnh nồng độ rất cao.
375,TT 11/2020/TT-BLĐTBXH,III,HÓA CHẤT,Loại IV,"Nặng nhọc, độc hại, nguy hiểm",28,Tái sinh dung dịch đồng,Tiếp xúc với các axít vô cơ mạnh.
376,TT 11/2020/TT-BLĐTBXH,III,HÓA CHẤT,Loại IV,"Nặng nhọc, độc hại, nguy hiểm",29,Sản xuất amôn bicácbônát,Tiếp xúc với axít mạnh (HCl) và Cl2.
377,TT 11/2020/TT-BLĐTBXH,III,HÓA CHẤT,Loại IV,"Nặng nhọc, độc hại, nguy hiểm",30,"Vận hành tháp rửa bằng dung dịch đồng, kiềm trong công nghệ sản xuất phân đạm",Tiếp xúc với các chất xút và dung dịch các muối hữu cơ ăn mòn
378,TT 11/2020/TT-BLĐTBXH,III,HÓA CHẤT,Loại IV,"Nặng nhọc, độc hại, nguy hiểm",31,"Đóng bình nguyên liệu, thành phẩm khí và lỏng trong công nghiệp hóa chất","Làm việc trong môi trường nhiều hóa chất độc: C2H2, NH3, CO2"
379,TT 11/2020/TT-BLĐTBXH,III,HÓA CHẤT,Loại IV,"Nặng nhọc, độc hại, nguy hiểm",32,"Đóng bao, bốc xếp urê","Công việc nặng nhọc, tiếp xúc bụi, NH3"
380,TT 11/2020/TT-BLĐTBXH,III,HÓA CHẤT,Loại IV,"Nặng nhọc, độc hại, nguy hiểm",33,Sản xuất than hoạt tính,Thường xuyên tiếp xúc với khí NH3
381,TT 11/2020/TT-BLĐTBXH,III,HÓA CHẤT,Loại IV,"Nặng nhọc, độc hại, nguy hiểm",34,Sản xuất Bari cabonát (BaCO3),"Nặng nhọc, tiếp xúc với bụi, H2SO4"
382,TT 11/2020/TT-BLĐTBXH,III,HÓA CHẤT,Loại IV,"Nặng nhọc, độc hại, nguy hiểm",35,Sản xuất các muối sunfít,Tiếp xúc với axít H2SO4 đậm đặc
383,TT 11/2020/TT-BLĐTBXH,III,HÓA CHẤT,Loại IV,"Nặng nhọc, độc hại, nguy hiểm",36,Sản xuất tripoly,"Tiếp xúc với bụi, axít H3PO4"
384,TT 11/2020/TT-BLĐTBXH,III,HÓA CHẤT,Loại IV,"Nặng nhọc, độc hại, nguy hiểm",37,Sản xuất nước lọc dùng trong công nghiệp sản xuất hóa chất,"Nơi làm việc ẩm ướt, tiếp xúc với Clo và zaven"
385,TT 11/2020/TT-BLĐTBXH,III,HÓA CHẤT,Loại IV,"Nặng nhọc, độc hại, nguy hiểm",38,"Vận hành cầu trục, máy vớt bán thành phầm phân lân nung chảy","Nơi làm việc ẩm ướt, tiếp xúc với bụi và hóa chất độc mạnh (HF)"
386,TT 11/2020/TT-BLĐTBXH,III,HÓA CHẤT,Loại IV,"Nặng nhọc, độc hại, nguy hiểm",39,Nạp liệu lò cao sản xuất phân lân nung chảy.,"Tiếp xúc bụi than đá, khí CO, H2S, CO2 ở nhiệt độ cao"
387,TT 11/2020/TT-BLĐTBXH,III,HÓA CHẤT,Loại IV,"Nặng nhọc, độc hại, nguy hiểm",40,Vận hành băng tải bán thành phẩm phân lân nung chảy,"Phải đi lại nhiều, tiếp xúc với ồn, bụi nồng độ rất cao"
388,TT 11/2020/TT-BLĐTBXH,III,HÓA CHẤT,Loại IV,"Nặng nhọc, độc hại, nguy hiểm",41,"Vận hành quạt gió cao áp, lò cao sản xuất phân lân nung chảy.","Chịu tác động của ồn, rung và bụi"
389,TT 11/2020/TT-BLĐTBXH,III,HÓA CHẤT,Loại IV,"Nặng nhọc, độc hại, nguy hiểm",42,Kiểm tra lò cao sản xuất phân lân nung chảy.,"Làm việc trong điều kiện nhiệt độ cao, tiếp xúc CO, Fluor, HF"
390,TT 11/2020/TT-BLĐTBXH,III,HÓA CHẤT,Loại IV,"Nặng nhọc, độc hại, nguy hiểm",43,Vận hành cầu trục nạp liệu máy sấy.,"Tiếp xúc nhiệt độ cao, bụi."
391,TT 11/2020/TT-BLĐTBXH,III,HÓA CHẤT,Loại IV,"Nặng nhọc, độc hại, nguy hiểm",44,Vận hành máy sấy thùng quay sản xuất phân lân.,"Làm việc trong điều kiện nhiệt độ cao, bụi."
392,TT 11/2020/TT-BLĐTBXH,III,HÓA CHẤT,Loại IV,"Nặng nhọc, độc hại, nguy hiểm",45,Vận hành máy nghiền thành phẩm phân lân.,"Tiếp xúc với bụi, ồn."
393,TT 11/2020/TT-BLĐTBXH,III,HÓA CHẤT,Loại IV,"Nặng nhọc, độc hại, nguy hiểm",46,Vận hành lò đốt cấp nhiệt cho máy sấy.,"Tiếp xúc với nóng, bụi và khí CO."
394,TT 11/2020/TT-BLĐTBXH,III,HÓA CHẤT,Loại IV,"Nặng nhọc, độc hại, nguy hiểm",47,Vận hành băng tải thành phẩm phân lân.,"Tiếp xúc với bụi, ồn."
395,TT 11/2020/TT-BLĐTBXH,III,HÓA CHẤT,Loại IV,"Nặng nhọc, độc hại, nguy hiểm",48,Vận hành máy đóng bao phân lân.,"Công việc nặng nhọc, chịu tác động của bụi nồng độ rất cao và ồn."
396,TT 11/2020/TT-BLĐTBXH,III,HÓA CHẤT,Loại IV,"Nặng nhọc, độc hại, nguy hiểm",49,"Bốc xếp, vận chuyển bao phân lân.","Công việc thủ công, rất nặng nhọc, chịu tác động của bụi."
397,TT 11/2020/TT-BLĐTBXH,III,HÓA CHẤT,Loại IV,"Nặng nhọc, độc hại, nguy hiểm",50,Vận hành máy đập quặng nguyên liệu sản xuất phân lân.,"Công việc nặng nhọc, chịu tác động bụi và ồn."
398,TT 11/2020/TT-BLĐTBXH,III,HÓA CHẤT,Loại IV,"Nặng nhọc, độc hại, nguy hiểm",51,Vận hành băng tải trong dây chuyền sản xuất phân lân.,Thường xuyên tiếp xúc với bụi và ồn.
399,TT 11/2020/TT-BLĐTBXH,III,HÓA CHẤT,Loại IV,"Nặng nhọc, độc hại, nguy hiểm",52,"Vận hành thiết bị sàng tuyển nguyên liệu khô, ướt trong công nghệ sản xuất hóa chất.","Nơi làm việc ẩm ướt, tiếp xúc bụi, ồn."
400,TT 11/2020/TT-BLĐTBXH,III,HÓA CHẤT,Loại IV,"Nặng nhọc, độc hại, nguy hiểm",53,"Sàng tuyển, vận chuyển than trong công nghệ sản xuất phân bón hóa học.","Công việc nặng nhọc, chịu tác động của bụi."
401,TT 11/2020/TT-BLĐTBXH,III,HÓA CHẤT,Loại IV,"Nặng nhọc, độc hại, nguy hiểm",54,Vận chuyển bụi lò cao trong công nghệ sản xuất phân lân nung chảy.,"Công việc nặng nhọc, tiếp xúc với bụi và hơi khí độc của khói lò cao."
402,TT 11/2020/TT-BLĐTBXH,III,HÓA CHẤT,Loại IV,"Nặng nhọc, độc hại, nguy hiểm",55,"Ép bánh quặng apatít mịn, than cám trong công nghệ sản xuất phân lân.","Lao động ngoài trời, công việc nặng nhọc, tiếp xúc với bụi."
403,TT 11/2020/TT-BLĐTBXH,III,HÓA CHẤT,Loại IV,"Nặng nhọc, độc hại, nguy hiểm",56,Điện phân dung dịch NaCl sản xuất NaOH.,Làm việc trong môi trường có Clo và dung dịch bão hòa.
404,TT 11/2020/TT-BLĐTBXH,III,HÓA CHẤT,Loại IV,"Nặng nhọc, độc hại, nguy hiểm",57,Cô đặc xút NaOH.,Tiếp xúc với xút ăn da.
405,TT 11/2020/TT-BLĐTBXH,III,HÓA CHẤT,Loại IV,"Nặng nhọc, độc hại, nguy hiểm",58,Sửa chữa thùng điện giải trong công nghệ sản xuất NaOH.,"Tiếp xúc với các chất độc mạnh như: NaOH, axít."
406,TT 11/2020/TT-BLĐTBXH,III,HÓA CHẤT,Loại IV,"Nặng nhọc, độc hại, nguy hiểm",59,Sản xuất phèn.,"Tiếp xúc với bụi, axít H2SO4, khí SO2 và SO3."
407,TT 11/2020/TT-BLĐTBXH,III,HÓA CHẤT,Loại IV,"Nặng nhọc, độc hại, nguy hiểm",60,"Trộn ướt, ép bánh thuốc bọc que hàn.","Tiếp xúc với bụi MnO2, SiO2."
408,TT 11/2020/TT-BLĐTBXH,III,HÓA CHẤT,Loại IV,"Nặng nhọc, độc hại, nguy hiểm",61,Sấy que hàn bằng lò điện.,"Tiếp xúc với nhiệt độ cao, bụi fri."
409,TT 11/2020/TT-BLĐTBXH,III,HÓA CHẤT,Loại IV,"Nặng nhọc, độc hại, nguy hiểm",62,Gia công làm sạch bề mặt lõi que hàn điện.,Thường xuyên tiếp xúc với bụi sắt và axít.
410,TT 11/2020/TT-BLĐTBXH,III,HÓA CHẤT,Loại IV,"Nặng nhọc, độc hại, nguy hiểm",63,"Nghiền, cán, khuấy, trộn, pha màu; đóng hộp sơn.","Tiếp xúc với phenol, xylen, benzen, ôxít crôm, sắt, kẽm."
411,TT 11/2020/TT-BLĐTBXH,III,HÓA CHẤT,Loại IV,"Nặng nhọc, độc hại, nguy hiểm",64,"Nấu si, sáp trong công nghệ sản xuất pin.","Làm việc trong môi trường nhiệt độ cao, dễ cháy, độc hại."
412,TT 11/2020/TT-BLĐTBXH,III,HÓA CHẤT,Loại IV,"Nặng nhọc, độc hại, nguy hiểm",65,Tuyển chọn Mangan theo phương pháp trọng lực trong công nghệ sản xuất pin.,"Công việc nặng nhọc, tiếp xúc với bụi mangan."
413,TT 11/2020/TT-BLĐTBXH,III,HÓA CHẤT,Loại IV,"Nặng nhọc, độc hại, nguy hiểm",66,"Vận hành máy đập, sàng quặng mangan.","Công việc nặng nhọc, tiếp xúc với bụi, ồn."
414,TT 11/2020/TT-BLĐTBXH,III,HÓA CHẤT,Loại IV,"Nặng nhọc, độc hại, nguy hiểm",67,"Cắt vải, dán ống lốp máy bay, máy kéo, ôtô, mô tô.","Tiếp xúc với xăng, dung môi hữu cơ."
415,TT 11/2020/TT-BLĐTBXH,III,HÓA CHẤT,Loại IV,"Nặng nhọc, độc hại, nguy hiểm",68,Chế tạo ống cao su chịu áp lực.,"Nặng nhọc, tiếp xúc với các hóa chất xúc tác, lưu huỳnh."
416,TT 11/2020/TT-BLĐTBXH,III,HÓA CHẤT,Loại IV,"Nặng nhọc, độc hại, nguy hiểm",69,Đục khuôn mẫu lốp các loại,Chịu tác động của tiếng ồn và bụi kim loại
417,TT 11/2020/TT-BLĐTBXH,III,HÓA CHẤT,Loại IV,"Nặng nhọc, độc hại, nguy hiểm",70,Sản xuất bột CaCO3,"Tiếp xúc với bụi SiO2, sữa vôi"
418,TT 11/2020/TT-BLĐTBXH,III,HÓA CHẤT,Loại IV,"Nặng nhọc, độc hại, nguy hiểm",71,"Vận hành băng tải xích, băng tải cao su trong tuyển quặng apatít.","Chịu tác động của rung, ồn và bụi."
419,TT 11/2020/TT-BLĐTBXH,III,HÓA CHẤT,Loại IV,"Nặng nhọc, độc hại, nguy hiểm",72,Vận hành máy sàng ướt tuyển quặng apatít.,"Nơi làm việc ẩm ướt, chịu tác động của ồn và rung."
420,TT 11/2020/TT-BLĐTBXH,III,HÓA CHẤT,Loại IV,"Nặng nhọc, độc hại, nguy hiểm",73,Vận hành máy nghiền phân cấp tuyển quặng apatít.,"Làm việc trong môi trường ẩm ướt, ồn, rung và bụi."
421,TT 11/2020/TT-BLĐTBXH,III,HÓA CHẤT,Loại IV,"Nặng nhọc, độc hại, nguy hiểm",74,Vận hành thiết bị tiếp thuốc tuyển quặng apatít.,Tiếp xúc thường xuyên với hóa chất độc.
422,TT 11/2020/TT-BLĐTBXH,III,HÓA CHẤT,Loại IV,"Nặng nhọc, độc hại, nguy hiểm",75,Pha chế thuốc tuyển nổi quặng apatít.,Tiếp xúc thường xuyên với hóa chất độc
423,TT 11/2020/TT-BLĐTBXH,III,HÓA CHẤT,Loại IV,"Nặng nhọc, độc hại, nguy hiểm",76,Vận hành hệ thống máy lọc thành phẩm quặng apatít.,Tiếp xúc dung môi hữu cơ và axít.
424,TT 11/2020/TT-BLĐTBXH,III,HÓA CHẤT,Loại IV,"Nặng nhọc, độc hại, nguy hiểm",77,Vận hành hệ thống máy sấy thành phẩm quặng apaptít.,"Chịu tác động của bụi, ồn, nhiệt độ cao."
425,TT 11/2020/TT-BLĐTBXH,III,HÓA CHẤT,Loại IV,"Nặng nhọc, độc hại, nguy hiểm",78,Sản xuất ống PVC các loại,"Tiếp xúc với nóng, bụi, hơi và khí độc."
426,TT 11/2020/TT-BLĐTBXH,III,HÓA CHẤT,Loại IV,"Nặng nhọc, độc hại, nguy hiểm",79,"Vận hành máy dệt bao PP, PE các loại.","Đứng suốt ca làm việc, chịu tác động của ồn, rung và bụi."
427,TT 11/2020/TT-BLĐTBXH,III,HÓA CHẤT,Loại IV,"Nặng nhọc, độc hại, nguy hiểm",80,Vận hành nồi hơi trong công nghệ sản xuất hóa chất.,"Tiếp xúc với bụi, khói từ các loại nguyên liệu, các loại dầu nhớt và nhiệt độ cao."
428,TT 11/2020/TT-BLĐTBXH,III,HÓA CHẤT,Loại IV,"Nặng nhọc, độc hại, nguy hiểm",81,Vận hành máy nén khí trong công nghệ sản xuất hóa chất.,"Chịu tác động của ồn, rung và hóa chất."
429,TT 11/2020/TT-BLĐTBXH,III,HÓA CHẤT,Loại IV,"Nặng nhọc, độc hại, nguy hiểm",82,"Sửa chữa cơ, điện trong dây chuyển sản xuất hóa chất.","Làm việc trong môi trường có hóa chất độc, tư thế lao động gò bó."
430,TT 11/2020/TT-BLĐTBXH,III,HÓA CHẤT,Loại IV,"Nặng nhọc, độc hại, nguy hiểm",83,Bọc lót chống ăn mòn trong dây chuyển sản xuất hóa chất,"Tư thế lao động gò bó, thường xuyên tiếp xúc với hóa chất độc."
431,TT 11/2020/TT-BLĐTBXH,III,HÓA CHẤT,Loại IV,"Nặng nhọc, độc hại, nguy hiểm",84,"Sửa chữa hệ thống, thiết bị đo lường trong công nghệ sản xuất hóa chất","Làm việc trong môi trường hóa chất độc hại, tư thế lao động gò bó."
432,TT 11/2020/TT-BLĐTBXH,III,HÓA CHẤT,Loại IV,"Nặng nhọc, độc hại, nguy hiểm",85,"Vận hành bơm các dung dịch axít, bazơ trong công nghệ sản xuất hóa chất.",Thường xuyên xúc tiếp axít và bazơ độc hại.
433,TT 11/2020/TT-BLĐTBXH,III,HÓA CHẤT,Loại IV,"Nặng nhọc, độc hại, nguy hiểm",86,Vệ sinh công nghiệp trong các nhà máy sản xuất hóa chất.,"Làm việc trong môi trường hóa chất độc công việc thủ công, nặng nhọc."
434,TT 11/2020/TT-BLĐTBXH,III,HÓA CHẤT,Loại IV,"Nặng nhọc, độc hại, nguy hiểm",87,Chỉ đạo kỹ thuật trực tiếp trong dây chuyền sản xuất hóa chất.,"Xử lý nhiều công việc phức tạp, chịu tác động của ồn, bụi và hóa chất độc."
435,TT 11/2020/TT-BLĐTBXH,III,HÓA CHẤT,Loại IV,"Nặng nhọc, độc hại, nguy hiểm",88,Sản xuất các hóa chất tinh khiết.,"Công việc thủ công nặng nhọc, làm việc trong môi trường hóa chất độc hại."
436,TT 11/2020/TT-BLĐTBXH,III,HÓA CHẤT,Loại IV,"Nặng nhọc, độc hại, nguy hiểm",89,Vận hành máy tuyển nổi quặng nguyên liệu.,"Chịu tác động của ồn, rung."
437,TT 11/2020/TT-BLĐTBXH,III,HÓA CHẤT,Loại IV,"Nặng nhọc, độc hại, nguy hiểm",90,Vận hành máy cấp thuốc tuyển.,Tiếp xúc với dung môi hữu cơ và axít.
438,TT 11/2020/TT-BLĐTBXH,III,HÓA CHẤT,Loại IV,"Nặng nhọc, độc hại, nguy hiểm",91,"Sản xuất xà phòng kem, xà phòng bột.","Thường xuyên chịu tác động của hóa chất, bụi độc."
439,TT 11/2020/TT-BLĐTBXH,III,HÓA CHẤT,Loại IV,"Nặng nhọc, độc hại, nguy hiểm",92,"Lấy mẫu, phân tích chất lượng nguyên liệu, bán thành phẩm, thành phẩm trong dây chuyền sản xuất hóa chất và các sản phẩm hóa chất…","Thường xuyên tiếp xúc với các hóa chất độc, ồn và bụi."
440,TT 11/2020/TT-BLĐTBXH,III,HÓA CHẤT,Loại IV,"Nặng nhọc, độc hại, nguy hiểm",93,"Vận hành, sửa chữa đồng hồ đo áp lực trong dây chuyền sản xuất hóa chất","Thường xuyên phải đi lại, tư thế làm việc gò bó, chịu tác động của bụi và hóa chất độc."
441,TT 11/2020/TT-BLĐTBXH,III,HÓA CHẤT,Loại IV,"Nặng nhọc, độc hại, nguy hiểm",94,Sửa chữa ắc quy,"Công việc thủ công, thường xuyên tiếp xúc chì và axít."
442,TT 11/2020/TT-BLĐTBXH,III,HÓA CHẤT,Loại IV,"Nặng nhọc, độc hại, nguy hiểm",95,"Thí nghiệm, kiểm tra chất lượng bán thành phẩm, thành phẩm ắc quy","Công việc thủ công, thường xuyên tiếp xúc với hơi, bụi chì và axít."
443,TT 11/2020/TT-BLĐTBXH,III,HÓA CHẤT,Loại IV,"Nặng nhọc, độc hại, nguy hiểm",96,Nạp điện ắc quy trong dây chuyền sản xuất ắc quy,"Công việc thủ công, tiếp xúc với hơi, bụi chì và axít."
444,TT 11/2020/TT-BLĐTBXH,III,HÓA CHẤT,Loại IV,"Nặng nhọc, độc hại, nguy hiểm",97,"Bốc xếp, vận chuyển hóa chất và các sản phẩm hóa chất trong công nghệ sản xuất hóa chất.","Công việc thủ công, nặng nhọc, thường xuyên tiếp xúc với các loại hóa chất độc."
445,TT 11/2020/TT-BLĐTBXH,III,HÓA CHẤT,Loại IV,"Nặng nhọc, độc hại, nguy hiểm",98,Công nhân lò đốt than trong công nghệ sản xuất hóa chất.,"Lao động thủ công, tiếp xúc thường xuyên với bụi, nóng, nồng độ khí CO2, khí SO2 cao."
446,TT 11/2020/TT-BLĐTBXH,III,HÓA CHẤT,Loại IV,"Nặng nhọc, độc hại, nguy hiểm",99,Công nhân sản xuất Na2SiO3.,"Thường xuyên tiếp xúc nhiệt độ cao, bụi Silic, sôđa (Na2CO3)."
447,TT 11/2020/TT-BLĐTBXH,III,HÓA CHẤT,Loại IV,"Nặng nhọc, độc hại, nguy hiểm",100,"Công nhân sản xuất Poly aluminium clorua (P.A.C), sản xuất CaCl2.","Thường xuyên tiếp xúc nhiệt độ cao, khí HCl."
448,TT 11/2020/TT-BLĐTBXH,IV,VẬN TẢI,Loại VI,"Đặc biệt nặng nhọc, độc hại, nguy hiểm",1,"Sĩ quan máy, thợ máy, thợ điện tàu viễn dương, tàu ven biển vận tải hàng hoá, xăng, dầu","Công việc rất nặng nhọc, nguy hiểm, nơi làm việc chật hẹp, tư thế lao động gò bó, chịu tác động nóng, rung và ồn."
449,TT 11/2020/TT-BLĐTBXH,IV,VẬN TẢI,Loại VI,"Đặc biệt nặng nhọc, độc hại, nguy hiểm",2,"Lái xe vận tải chuyên dùng, có trọng tải từ 60 tấn trở lên.","Công việc nặng nhọc, nguy hiểm chịu tác động của ồn, rung và bụi."
450,TT 11/2020/TT-BLĐTBXH,IV,VẬN TẢI,Loại VI,"Đặc biệt nặng nhọc, độc hại, nguy hiểm",3,Bốc xếp thủ công dưới các hầm tàu vận tải biển,"Công việc rất nặng nhọc, nơi làm việc chật hẹp, thiếu dưỡng khí, tư thế làm việc gò bó."
451,TT 11/2020/TT-BLĐTBXH,IV,VẬN TẢI,Loại V,"Đặc biệt nặng nhọc, độc hại, nguy hiểm",1,"Sĩ quan, thuyền viên, kỹ thuật viên, thợ máy các tàu công trình","Thường xuyên ăn ở sinh hoạt trên sông, biển; công việc nặng nhọc, chịu tác động của sóng và tiếng ồn lớn.."
452,TT 11/2020/TT-BLĐTBXH,IV,VẬN TẢI,Loại V,"Đặc biệt nặng nhọc, độc hại, nguy hiểm",2,Lái đầu máy xe lửa,"Thường xuyên lưu động trên tàu, luôn căng thẳng thần kinh, ảnh hưởng của tiếng ồn."
453,TT 11/2020/TT-BLĐTBXH,IV,VẬN TẢI,Loại V,"Đặc biệt nặng nhọc, độc hại, nguy hiểm",3,"Lái xe vận tải, có trọng tải 20 tấn trở lên","Công việc nặng nhọc, nguy hiểm, ảnh hưởng của bụi, rung và ồn cao"
454,TT 11/2020/TT-BLĐTBXH,IV,VẬN TẢI,Loại V,"Đặc biệt nặng nhọc, độc hại, nguy hiểm",4,Lái máy xúc dung tích gầu từ 4m3 trở lên,"Công việc nặng nhọc, ảnh hưởng của bụi, ồn cao."
455,TT 11/2020/TT-BLĐTBXH,IV,VẬN TẢI,Loại V,"Đặc biệt nặng nhọc, độc hại, nguy hiểm",5,"Sĩ quan boong, sĩ quan điện, vô tuyến điện, thủy thủ, cấp dưỡng, phục vụ, bác sĩ, quản trị trưởng trên tàu viễn dương, tàu ven biển vận tải hàng hóa, xăng, dầu","Công việc nặng nhọc, nguy hiểm, chịu tác động của sóng gió, ồn và rung."
456,TT 11/2020/TT-BLĐTBXH,IV,VẬN TẢI,Loại V,"Đặc biệt nặng nhọc, độc hại, nguy hiểm",6,Lái xe ôtô chở khách từ 80 ghế trở lên.,"Công việc nguy hiểm, căng thẳng thần kinh tâm lý, chịu tác động của ồn và rung."
457,TT 11/2020/TT-BLĐTBXH,IV,VẬN TẢI,Loại V,"Đặc biệt nặng nhọc, độc hại, nguy hiểm",7,"Máy trưởng, thợ máy phà tự hành, ca nô lai dắt phà và tàu sông có công suất từ 90 CV trở lên.","Nơi làm việc chật hẹp, chịu tác động của ồn, rung, nóng, thường xuyên tiếp xúc với xăng, dầu, tư thế lao động gò bó."
458,TT 11/2020/TT-BLĐTBXH,IV,VẬN TẢI,Loại V,"Đặc biệt nặng nhọc, độc hại, nguy hiểm",8,Sản xuất vỏ tàu và các sản phẩm từ Composic,"Tiếp xúc với các hóa chất độc như: butanol, axetol, bông thủy tinh…"
459,TT 11/2020/TT-BLĐTBXH,IV,VẬN TẢI,Loại V,"Đặc biệt nặng nhọc, độc hại, nguy hiểm",9,Làm việc trên đốc nổi,"Thường xuyên làm việc trong hầm chật hẹp, thiếu dưỡng khí, chịu tác động của nóng và tiếng ồn cao"
460,TT 11/2020/TT-BLĐTBXH,IV,VẬN TẢI,Loại V,"Đặc biệt nặng nhọc, độc hại, nguy hiểm",10,"Lặn kiểm tra tàu, vệ sinh lòng bến, đặt goong phục vụ hạ thủy","Công việc thủ công, rất nặng nhọc, nguy hiểm, thường xuyên tiếp xúc với các vi sinh vật gây bệnh"
461,TT 11/2020/TT-BLĐTBXH,IV,VẬN TẢI,Loại V,"Đặc biệt nặng nhọc, độc hại, nguy hiểm",11,Nhân viên điều độ chạy tàu (Điều độ viên trực tiếp chỉ huy chạy tàu tại các trung tâm).,"Công việc rất phức tạp, căng thẳng thần kinh tâm lý."
462,TT 11/2020/TT-BLĐTBXH,IV,VẬN TẢI,Loại V,"Đặc biệt nặng nhọc, độc hại, nguy hiểm",12,Vận hành cần trục giàn cầu tầu.,"Làm việc trên cao, độ rung lắc lớn, nguy cơ mất an toàn cao."
463,TT 11/2020/TT-BLĐTBXH,IV,VẬN TẢI,Loại V,"Đặc biệt nặng nhọc, độc hại, nguy hiểm",13,Vận hành cần trục chân đế.,"Làm việc trên cao, độ rung lắc lớn, nguy cơ mất an toàn cao."
464,TT 11/2020/TT-BLĐTBXH,IV,VẬN TẢI,Loại V,"Đặc biệt nặng nhọc, độc hại, nguy hiểm",14,Vận hành cần trục bánh lốp.,"Môi trường bụi, ồn, cường độ lao động khẩn trương."
465,TT 11/2020/TT-BLĐTBXH,IV,VẬN TẢI,Loại V,"Đặc biệt nặng nhọc, độc hại, nguy hiểm",15,Vận hành xe nâng hàng xếp dỡ Container.,"Môi trường bụi, ồn, cường độ lao động khẩn trương."
466,TT 11/2020/TT-BLĐTBXH,IV,VẬN TẢI,Loại V,"Đặc biệt nặng nhọc, độc hại, nguy hiểm",16,Vận hành xe nâng hàng bách hóa (không phải Container).,"Môi trường bụi, ồn, cường độ lao động khẩn trương"
467,TT 11/2020/TT-BLĐTBXH,IV,VẬN TẢI,Loại V,"Đặc biệt nặng nhọc, độc hại, nguy hiểm",17,Lái xe vận tải trong dây chuyền xếp dỡ.,"Môi trường bụi, ồn, cường độ lao động khẩn trương."
468,TT 11/2020/TT-BLĐTBXH,IV,VẬN TẢI,Loại V,"Đặc biệt nặng nhọc, độc hại, nguy hiểm",18,Bốc xếp thủ công.,"Môi trường bụi, ồn, hơi khí độc, cường độ lao động khẩn trương, nặng nhọc nguy hiểm."
469,TT 11/2020/TT-BLĐTBXH,IV,VẬN TẢI,Loại V,"Đặc biệt nặng nhọc, độc hại, nguy hiểm",19,"Trực tiếp làm việc trong Hầm đường bộ Hải Vân (vận hành máy, thiết bị; phòng cháy chữa cháy; bảo dưỡng, vệ sinh hầm; đảm bảo an toàn giao thông, hướng dẫn lánh nạn).","Chịu tác động của từ trường lớn do có sự cộng hưởng từ các thiết bị điện; chịu ảnh hưởng của tiếng ồn, hơi xăng dầu, hơi khí độc, bụi; chịu ảnh hưởng của khí hậu khắc nghiệt do ở độ cao 127m so với mặt nước biển; chịu ảnh hưởng của nước thải và hóa chất tẩy rửa từ công tác vệ sinh hầm; làm việc trong điều kiện thiếu dưỡng khí, dễ xảy ra tai nạn lao động, tai nạn giao thông."
470,TT 11/2020/TT-BLĐTBXH,IV,VẬN TẢI,Loại V,"Đặc biệt nặng nhọc, độc hại, nguy hiểm",20,Khai thác viên hệ thống thông tin Duyên hải Việt Nam.,"Công việc căng thẳng thần kinh tâm lý, chịu tác động của ồn."
471,TT 11/2020/TT-BLĐTBXH,IV,VẬN TẢI,Loại V,"Đặc biệt nặng nhọc, độc hại, nguy hiểm",21,Kỹ thuật viên hệ thống thông tin Duyên hải Việt Nam.,"Công việc căng thẳng thần kinh tâm lý, tư thế lao động gò bó, chịu tác động của ồn, điện từ trường."
472,TT 11/2020/TT-BLĐTBXH,IV,VẬN TẢI,Loại V,"Đặc biệt nặng nhọc, độc hại, nguy hiểm",22,"Thuyền viên làm việc trên tàu tìm kiếm cứu nạn, trục vớt tài sản chìm đắm, cứu hộ.","Công việc rất nặng nhọc, nguy hiểm, chịu tác động của sóng, gió, thời tiết, căng thẳng thần kinh tâm lý."
473,TT 11/2020/TT-BLĐTBXH,IV,VẬN TẢI,Loại V,"Đặc biệt nặng nhọc, độc hại, nguy hiểm",23,"Giám sát viên, điều hành viên hệ thống hành hải tàu thuyền.","Căng thẳng thần kinh tâm lý, chịu tác động của ồn, điện từ trường siêu cao tần."
474,TT 11/2020/TT-BLĐTBXH,IV,VẬN TẢI,Loại V,"Đặc biệt nặng nhọc, độc hại, nguy hiểm",24,Kỹ thuật viên điều hành hệ thống hành hải tàu thuyền.,"Căng thẳng thần kinh tâm lý, tư thế lao động gò bó, thường xuyên làm việc trên tháp radar cao 50m, chịu ảnh hưởng của ồn, điện từ trường siêu cao tần."
475,TT 11/2020/TT-BLĐTBXH,IV,VẬN TẢI,Loại V,"Đặc biệt nặng nhọc, độc hại, nguy hiểm",25,"Thuyền viên làm việc trên tàu, ca nô công vụ của cảng vụ hàng hải.","Công việc rất nặng nhọc, nguy hiểm, chịu tác động của sóng, gió, rung, ồn, căng thẳng thần kinh tâm lý."
476,TT 11/2020/TT-BLĐTBXH,IV,VẬN TẢI,Loại V,"Đặc biệt nặng nhọc, độc hại, nguy hiểm",26,"Thuyền viên làm việc trên tàu, ca nô phục vụ tiếp tế, kiểm tra hệ thống báo hiệu hàng hải đèn biển, luồng hàng hải; đưa đón hoa tiêu hàng hải.","Công việc rất nặng nhọc, nguy hiểm, chịu tác động của sóng, gió, rung, ồn."
477,TT 11/2020/TT-BLĐTBXH,IV,VẬN TẢI,Loại V,"Đặc biệt nặng nhọc, độc hại, nguy hiểm",27,"Kiểm tra tàu, thuyền, công trình thủy, báo hiệu hàng hải.","Công việc nguy hiểm, chịu tác động của bụi, hơi khí độc."
478,TT 11/2020/TT-BLĐTBXH,IV,VẬN TẢI,Loại V,"Đặc biệt nặng nhọc, độc hại, nguy hiểm",28,Kiểm tra công trình biển.,"Làm việc ở ngoài khơi, xa bờ, chịu tác động của sóng, gió."
479,TT 11/2020/TT-BLĐTBXH,IV,VẬN TẢI,Loại V,"Đặc biệt nặng nhọc, độc hại, nguy hiểm",29,"Lắp đặt, bảo dưỡng, sửa chữa phao tiêu, báo hiệu hàng hải.","Làm việc ngoài trời, công việc nặng nhọc, nguy hiểm, chịu tác động của ồn, rung."
480,TT 11/2020/TT-BLĐTBXH,IV,VẬN TẢI,Loại V,"Đặc biệt nặng nhọc, độc hại, nguy hiểm",30,"Quản lý và vận hành các thiết bị báo hiệu hàng hải trên luồng hàng hải, cửa sông, dọc theo các sông có vận tải thủy.","Làm việc ngoài trời, công việc nguy hiểm, chịu tác động của sóng, gió, rung."
481,TT 11/2020/TT-BLĐTBXH,IV,VẬN TẢI,Loại V,"Đặc biệt nặng nhọc, độc hại, nguy hiểm",31,"Công nhân quản lý, vận hành đèn biển.","Làm việc ngoài khơi, công việc nguy hiểm, chịu tác động của sóng, gió."
482,TT 11/2020/TT-BLĐTBXH,IV,VẬN TẢI,Loại V,"Đặc biệt nặng nhọc, độc hại, nguy hiểm",32,Thợ giàn giáo trong nhà máy đóng tàu,"Làm việc trên cao, dưới hầm tàu (sâu 20 - 30m), phải mang vác nặng trong lúc leo trèo. Vị trí làm việc chênh vênh nguy hiểm, môi trường làm việc thiếu ánh sáng, thiếu dưỡng khí, nóng bụi. Tư thế làm việc gò bó, chật hẹp."
483,TT 11/2020/TT-BLĐTBXH,IV,VẬN TẢI,Loại IV,"Nặng nhọc, độc hại, nguy hiểm",1,"Điều độ viên trực tiếp chỉ huy chạy tàu tại các trung tâm (Hà Nội, Đà Nẵng, TP Hồ Chí Minh)","Luôn giải quyết những việc phức tạp, căng thẳng thần kinh"
484,TT 11/2020/TT-BLĐTBXH,IV,VẬN TẢI,Loại IV,"Nặng nhọc, độc hại, nguy hiểm",2,"Tuần đường, tuần cầu (đường sắt)","Đi lại nhiều, tập trung quan sát để kiểm tra đường, lưu động ngoài trời"
485,TT 11/2020/TT-BLĐTBXH,IV,VẬN TẢI,Loại IV,"Nặng nhọc, độc hại, nguy hiểm",3,Cấp than đầu máy hơi nước (tàu hỏa),"Công việc nặng nhọc, nóng, bụi và ồn"
486,TT 11/2020/TT-BLĐTBXH,IV,VẬN TẢI,Loại IV,"Nặng nhọc, độc hại, nguy hiểm",4,"Lái ô tô ray, xe goòng","Thường xuyên lưu động, ảnh hưởng của tiếng ồn, bụi"
487,TT 11/2020/TT-BLĐTBXH,IV,VẬN TẢI,Loại IV,"Nặng nhọc, độc hại, nguy hiểm",5,Vận hành máy tàu sông,"Thường xuyên lưu động trên sông, ảnh hưởng nóng, ồn, luôn tiếp xúc với dầu mỡ."
488,TT 11/2020/TT-BLĐTBXH,IV,VẬN TẢI,Loại IV,"Nặng nhọc, độc hại, nguy hiểm",6,"Trưởng dồn móc nối đầu máy toa xe ở các ga lớn (Hà Nội, Đà Nẵng, TP Hồ Chí Minh)","Làm ngoài trời, đi lại nhiều, ảnh hưởng của tiếng ồn, bụi"
489,TT 11/2020/TT-BLĐTBXH,IV,VẬN TẢI,Loại IV,"Nặng nhọc, độc hại, nguy hiểm",7,"Nhân viên nấu ăn, phục vụ ăn uống trên tàu Bắc Nam","Lưu động theo tàu, công việc nặng nhọc, nơi làm việc chật hẹp, nóng, ồn"
490,TT 11/2020/TT-BLĐTBXH,IV,VẬN TẢI,Loại IV,"Nặng nhọc, độc hại, nguy hiểm",8,"Sỹ quan, thuyền viên các tàu vận tải sông có công suất từ 90CV trở lên","Thường xuyên lưu động trên sông, công việc nặng nhọc, ảnh hưởng của sóng, gió, ồn"
491,TT 11/2020/TT-BLĐTBXH,IV,VẬN TẢI,Loại IV,"Nặng nhọc, độc hại, nguy hiểm",9,Cấp dưỡng tàu công trình,"Ăn, ở sinh hoạt trên sông, biển như các thuyền viên; nơi làm việc chật hẹp, công việc nặng nhọc"
492,TT 11/2020/TT-BLĐTBXH,IV,VẬN TẢI,Loại IV,"Nặng nhọc, độc hại, nguy hiểm",10,"Trưởng tàu khách, trưởng tàu hàng.","Thường xuyên lưu động theo tàu, chịu tác động của ồn, rung và bụi, căng thẳng thần kinh tâm lý."
493,TT 11/2020/TT-BLĐTBXH,IV,VẬN TẢI,Loại IV,"Nặng nhọc, độc hại, nguy hiểm",11,"Áp tải, bảo vệ, giao nhận hàng hóa, hành lý, thiết bị theo tàu.","Lưu động theo tàu, chịu tác động của ồn, rung và bụi."
494,TT 11/2020/TT-BLĐTBXH,IV,VẬN TẢI,Loại IV,"Nặng nhọc, độc hại, nguy hiểm",12,"Trực ban, điều độ, chạy tàu ở các ga.","Đi lại nhiều, giải quyết nhiều công việc phức tạp, căng thẳng thần kinh tâm lý."
495,TT 11/2020/TT-BLĐTBXH,IV,VẬN TẢI,Loại IV,"Nặng nhọc, độc hại, nguy hiểm",13,"Trưởng dồn, móc nối, dẫn máy ở các ga lập tàu.","Làm việc ngoài trời, công việc nặng nhọc, đi lại nhiều, chịu tác động của ồn và bụi."
496,TT 11/2020/TT-BLĐTBXH,IV,VẬN TẢI,Loại IV,"Nặng nhọc, độc hại, nguy hiểm",14,Quay ghi đường sắt ở các ga lập tàu.,"Làm việc ngoài trời, công việc thủ công, nặng nhọc, chịu tác động của ồn và bụi."
497,TT 11/2020/TT-BLĐTBXH,IV,VẬN TẢI,Loại IV,"Nặng nhọc, độc hại, nguy hiểm",15,"Gác chắn đường ngang cấp I, gác chắn cầu chung.","Công việc nặng nhọc, chịu tác động của ồn, bụi than và bụi hỗn hợp (khi tàu chạy qua)."
498,TT 11/2020/TT-BLĐTBXH,IV,VẬN TẢI,Loại IV,"Nặng nhọc, độc hại, nguy hiểm",16,Tuần hầm đường sắt.,"Đi lại nhiều trong hầm tối, tập trung quan sát để kiểm tra đường."
499,TT 11/2020/TT-BLĐTBXH,IV,VẬN TẢI,Loại IV,"Nặng nhọc, độc hại, nguy hiểm",17,"Vệ sinh sân ga, vệ sinh toa xe ở các ga xe lửa.","Làm việc ngoài trời, ảnh hưởng của ồn và bụi"
500,TT 11/2020/TT-BLĐTBXH,IV,VẬN TẢI,Loại IV,"Nặng nhọc, độc hại, nguy hiểm",18,Lắp đặt và đại tu thiết bị thông tin tín hiệu đường sắt.,"Làm việc ngoài trời, công việc nặng nhọc, chịu tác động của bụi."
501,TT 11/2020/TT-BLĐTBXH,IV,VẬN TẢI,Loại IV,"Nặng nhọc, độc hại, nguy hiểm",19,Sàng và cấp cát đầu máy xe lửa.,"Làm việc ngoài trời, công việc thủ công, nặng nhọc, chịu tác động của bụi nồng độ rất cao."
502,TT 11/2020/TT-BLĐTBXH,IV,VẬN TẢI,Loại IV,"Nặng nhọc, độc hại, nguy hiểm",20,"Vận hành bể luộc rửa phụ tùng đầu máy, toa xe.","Công việc nặng nhọc, luôn tiếp xúc với dầu mỡ và các hóa chất độc."
503,TT 11/2020/TT-BLĐTBXH,IV,VẬN TẢI,Loại IV,"Nặng nhọc, độc hại, nguy hiểm",21,"Phụ cẩu, móc cáp.","Làm việc ngoài trời, công việc nặng nhọc, nguy hiểm."
504,TT 11/2020/TT-BLĐTBXH,IV,VẬN TẢI,Loại IV,"Nặng nhọc, độc hại, nguy hiểm",22,"Phục vụ ăn, uống cho công nhân duy tu và đại tu đường sắt.","Làm việc ngoài trời, công việc nặng nhọc, đi lại nhiều, chịu tác động của nóng, bụi."
505,TT 11/2020/TT-BLĐTBXH,IV,VẬN TẢI,Loại IV,"Nặng nhọc, độc hại, nguy hiểm",23,"Thuyền trưởng, thuyền phó, thủy phủ phà, canô lai dắt phà.","Chịu tác động của sóng, gió, ồn, rung, thường xuyên tiếp xúc với xăng, dầu."
506,TT 11/2020/TT-BLĐTBXH,IV,VẬN TẢI,Loại IV,"Nặng nhọc, độc hại, nguy hiểm",24,"Điều khiển máy bánh hơi thi công nền, mặt đường.","Làm việc nặng nhọc, ảnh hưởng của nóng, bụi và rung."
507,TT 11/2020/TT-BLĐTBXH,IV,VẬN TẢI,Loại IV,"Nặng nhọc, độc hại, nguy hiểm",25,Lái xe vận tải từ 7 tấn đến dưới 20 tấn.,"Nặng nhọc, căng thẳng thần kinh tâm lý, ồn, rung, nguy hiểm."
508,TT 11/2020/TT-BLĐTBXH,IV,VẬN TẢI,Loại IV,"Nặng nhọc, độc hại, nguy hiểm",26,Lái xe ôtô khách từ 40 ghế đến dưới 80 ghế.,"Lưu động, nguy hiểm, căng thẳng thần kinh, chịu tác động của ồn, rung."
509,TT 11/2020/TT-BLĐTBXH,IV,VẬN TẢI,Loại IV,"Nặng nhọc, độc hại, nguy hiểm",27,"Trực tiếp chỉ đạo kỹ thuật đóng, sửa chữa tàu, thuyền ở các bến cảng","Công việc nặng nhọc, nơi làm việc chật hẹp, tư thế lao động gò bó."
510,TT 11/2020/TT-BLĐTBXH,IV,VẬN TẢI,Loại IV,"Nặng nhọc, độc hại, nguy hiểm",28,Sản xuất Matít để xảm vỏ tàu gỗ,"Công việc nặng nhọc, tư thế lao động gò bó, thường xuyên tiếp xúc với hóa chất."
511,TT 11/2020/TT-BLĐTBXH,IV,VẬN TẢI,Loại IV,"Nặng nhọc, độc hại, nguy hiểm",29,"Soát vé, điều hành xe tại các trạm thu phí cầu, đường, bến phà.","Chịu tác động của bụi, tiếng ồn, hơi xăng dầu, khí độc (CO2, CO…) và thời tiết thay đổi theo mùa."
512,TT 11/2020/TT-BLĐTBXH,IV,VẬN TẢI,Loại IV,"Nặng nhọc, độc hại, nguy hiểm",30,"Dừng xe, hướng dẫn xe lên bàn cân tại các trạm kiểm tra tải trọng xe.","Làm việc ngoài trời, chịu tác động của bụi, tiếng ồn, hơi xăng dầu, khí độc (CO2, CO…)."
513,TT 11/2020/TT-BLĐTBXH,IV,VẬN TẢI,Loại IV,"Nặng nhọc, độc hại, nguy hiểm",31,"Sửa chữa cần cẩu, máy, thiết bị thi công tại các công trình giao thông.","Làm việc ngoài trời, trên cao; chịu tác động của thời tiết thay đổi; tư thế làm việc gò bó, nguy hiểm."
514,TT 11/2020/TT-BLĐTBXH,IV,VẬN TẢI,Loại IV,"Nặng nhọc, độc hại, nguy hiểm",32,"Nhân viên phục vụ (nấu ăn, phục vụ ăn uống, dọn dẹp, vệ sinh toa, giường nằm) trên các đoàn tàu hỏa chở khách.","Phải kiêm nhiệm nhiều việc, công việc vất vả, thường xuyên lưu động theo tàu suốt ngày đêm. Chịu tác động của bụi, ồn, rung và khí hậu thay đổi của các miền trong một thời gian ngắn."
515,TT 11/2020/TT-BLĐTBXH,IV,VẬN TẢI,Loại IV,"Nặng nhọc, độc hại, nguy hiểm",33,"Trực tiếp quản lý, vận hành Hầm đường bộ Hải Vân (làm việc tại Trung tâm điều hành OCC; bảo vệ hầm thông gió; nhân viên vệ sinh, chăm sóc cây cảnh).","Chịu tác động của từ trường lớn; chịu ảnh hưởng của tiếng ồn, hơi xăng dầu, hơi khí độc; chịu ảnh hưởng của khí hậu khắc nghiệt do ở độ cao 127 mét so với mặt nước biển; chịu ảnh hưởng của nước thải và hóa chất tẩy rửa từ công tác vệ sinh hầm, thiếu dưỡng khí, nhiều bụi, khói; làm việc trong điều kiện dễ xảy ra tai nạn lao động, tai nạn giao thông."
516,TT 11/2020/TT-BLĐTBXH,IV,VẬN TẢI,Loại IV,"Nặng nhọc, độc hại, nguy hiểm",34,Công nhân xây dựng cầu đường bộ.,"Lao động phân tán, lưu động, thủ công, ngoài trời; chịu tác động của bụi, tiếng ồn, hơi khí độc; làm việc trong điều kiện dễ xảy ra tai nạn lao động, tai nạn giao thông."
517,TT 11/2020/TT-BLĐTBXH,IV,VẬN TẢI,Loại IV,"Nặng nhọc, độc hại, nguy hiểm",35,"Nhân viên bán vé, hỗ trợ bán vé, hỗ trợ soát vé cầu, đường bộ.","Chịu tác động của bụi, tiếng ồn, hơi xăng dầu, khí độc (CO, CO2…); làm việc ngoài trời, trong điều kiện dễ xảy ra tai nạn giao thông."
518,TT 11/2020/TT-BLĐTBXH,IV,VẬN TẢI,Loại IV,"Nặng nhọc, độc hại, nguy hiểm",36,"Sơn gờ giảm tốc, giải phân làn trên đường bộ.","Chịu tác động của bụi, tiếng ồn, hơi xăng dầu, hơi khí độc; lao động ngoài trời, trong điều kiện dễ xảy ra tai nạn giao thông."
519,TT 11/2020/TT-BLĐTBXH,IV,VẬN TẢI,Loại IV,"Nặng nhọc, độc hại, nguy hiểm",37,Lái máy san.,"Công việc nặng nhọc, ảnh hưởng của ồn, rung và bụi."
520,TT 11/2020/TT-BLĐTBXH,IV,VẬN TẢI,Loại IV,"Nặng nhọc, độc hại, nguy hiểm",38,"Cấp nhiên liệu cho đầu máy, to axe.","Công việc độc hại, tiếp xúc thường xuyên với xăng, dầu và các sản phẩm hóa dầu."
521,TT 11/2020/TT-BLĐTBXH,IV,VẬN TẢI,Loại IV,"Nặng nhọc, độc hại, nguy hiểm",39,"Vận hành, điều khiển cầu đường sắt.","Tiếp xúc thường xuyên với ồn, bụi vượt tiêu chuẩn cho phép."
522,TT 11/2020/TT-BLĐTBXH,IV,VẬN TẢI,Loại IV,"Nặng nhọc, độc hại, nguy hiểm",40,"Phun bi, tẩy rỉ kim loại.","Công việc nặng nhọc, tư thế lao động gò bó, chịu tác động của ồn, rung và bụi nồng độ cao."
523,TT 11/2020/TT-BLĐTBXH,IV,VẬN TẢI,Loại IV,"Nặng nhọc, độc hại, nguy hiểm",41,"Vận hành máy đầm, máy rung, máy dùi, máy xiết đinh đường sắt.","Công việc nặng nhọc, ảnh hưởng của tiếng ồn và rung lớn."
524,TT 11/2020/TT-BLĐTBXH,IV,VẬN TẢI,Loại IV,"Nặng nhọc, độc hại, nguy hiểm",42,"Sản xuất bê tông (tà vẹt bê tông, cấu kiện bê tông…).","Làm việc ngoài trời, công việc nặng nhọc, ồn và bụi."
525,TT 11/2020/TT-BLĐTBXH,IV,VẬN TẢI,Loại IV,"Nặng nhọc, độc hại, nguy hiểm",43,"Duy tu, vệ sinh cầu Thăng Long.","Làm việc ngoài trời, chịu tác động của ồn và bụi vượt tiêu chuẩn cho phép."
526,TT 11/2020/TT-BLĐTBXH,IV,VẬN TẢI,Loại IV,"Nặng nhọc, độc hại, nguy hiểm",44,Gác chắn đường ngang.,"Làm việc ngoài trời, chịu tác động của ồn và bụi vượt tiêu chuẩn cho phép. Công việc nặng nhọc căng thẳng, nguy cơ tai nạn cao."
527,TT 11/2020/TT-BLĐTBXH,IV,VẬN TẢI,Loại IV,"Nặng nhọc, độc hại, nguy hiểm",45,Thợ máy tàu.,"Môi trường bụi, ồn, hơi khí độc, cường độ lao động khẩn trương, nặng nhọc nguy hiểm"
528,TT 11/2020/TT-BLĐTBXH,IV,VẬN TẢI,Loại IV,"Nặng nhọc, độc hại, nguy hiểm",46,"Sỹ quan thủy thủ, thuyên viên trên tàu vận tải.","Môi trường bụi, ồn, hơi khí độc, cường độ lao động khẩn trương, nặng nhọc nguy hiểm"
529,TT 11/2020/TT-BLĐTBXH,IV,VẬN TẢI,Loại IV,"Nặng nhọc, độc hại, nguy hiểm",47,"Sửa chữa gầm, máy các loại ô tô, xe nâng container.","Chịu tác động bụi, ồn, hơi khí độc; công việc nặng nhọc."
530,TT 11/2020/TT-BLĐTBXH,IV,VẬN TẢI,Loại IV,"Nặng nhọc, độc hại, nguy hiểm",48,Chiết nạp và sản xuất khí công nghiệp.,"Chịu tác động bụi, ồn; công việc gò bó, nguy hiểm."
531,TT 11/2020/TT-BLĐTBXH,IV,VẬN TẢI,Loại IV,"Nặng nhọc, độc hại, nguy hiểm",49,Kiểm tra và sửa chữa bình áp lực.,"Chịu tác động bụi, ồn; công việc nguy hiểm."
532,TT 11/2020/TT-BLĐTBXH,IV,VẬN TẢI,Loại IV,"Nặng nhọc, độc hại, nguy hiểm",50,Công nhân quản lý đường thủy nội địa.,"Làm việc ngoài trời, nặng nhọc, ảnh hưởng của sóng, gió."
533,TT 11/2020/TT-BLĐTBXH,IV,VẬN TẢI,Loại IV,"Nặng nhọc, độc hại, nguy hiểm",51,"Công nhân khảo sát, duy tu, bảo trì đường thủy nội địa.","Làm việc ngoài trời, nặng nhọc, ảnh hưởng của sóng, gió."
534,TT 11/2020/TT-BLĐTBXH,IV,VẬN TẢI,Loại IV,"Nặng nhọc, độc hại, nguy hiểm",52,Công nhân lắp đặt báo hiệu đường thủy nội địa.,"Làm việc ngoài trời, chịu tác động của sóng, gió."
535,TT 11/2020/TT-BLĐTBXH,IV,VẬN TẢI,Loại IV,"Nặng nhọc, độc hại, nguy hiểm",53,"Thuyền trưởng, máy trưởng làm việc trên tàu công tác quản lý đường thủy nội địa.","Làm việc ngoài trời, công việc nặng nhọc, chịu ảnh hưởng của sóng, gió."
536,TT 11/2020/TT-BLĐTBXH,IV,VẬN TẢI,Loại IV,"Nặng nhọc, độc hại, nguy hiểm",54,Nhân viên phục vụ hệ thống thông tin Duyên hải Việt Nam.,"Chịu tác động của ồn, điện từ trường."
537,TT 11/2020/TT-BLĐTBXH,IV,VẬN TẢI,Loại IV,"Nặng nhọc, độc hại, nguy hiểm",55,"Vận hành, bảo dưỡng, sửa chữa ra - đa ở các trạm ra - đa trong hệ thống lưu thông hàng hải trên luồng.","Chịu ảnh hưởng của điện từ trường, thường xuyên làm việc trên cao."
538,TT 11/2020/TT-BLĐTBXH,IV,VẬN TẢI,Loại IV,"Nặng nhọc, độc hại, nguy hiểm",56,Công nhân quản lý vận hành luồng hàng hải.,"Làm việc theo ca, chịu nhiều ảnh hưởng của điện từ trường, căng thẳng thần kinh tâm lý."
539,TT 11/2020/TT-BLĐTBXH,IV,VẬN TẢI,Loại IV,"Nặng nhọc, độc hại, nguy hiểm",57,"Tiếp nhận, truyền phát và xử lý thông tin an ninh, an toàn hàng hải.","Công việc căng thẳng thần kinh tâm lý, chịu tác động của điện từ trường."
540,TT 11/2020/TT-BLĐTBXH,IV,VẬN TẢI,Loại IV,"Nặng nhọc, độc hại, nguy hiểm",58,"Vận hành máy thi công đường sắt (máy sang đá, máy thay tà vẹt, máy hàn ray, máy mài ray, máy xúc đào, máy đa năng)","Công việc nặng nhọc, nơi làm việc lầy lội, ẩm ướt, chịu tác động của ồn, rung. Thường xuyên tiếp xúc với các loại axit, kiềm, xút…."
541,TT 11/2020/TT-BLĐTBXH,IV,VẬN TẢI,Loại IV,"Nặng nhọc, độc hại, nguy hiểm",59,"Mộc, nề, kiến trúc, sắt, sửa chữa cơ khí tại hiện trường (đường sắt)","Chịu tác động hơi kiểm, ồn, rung và bụi vượt tiêu chuẩn cho phép"
542,TT 11/2020/TT-BLĐTBXH,IV,VẬN TẢI,Loại IV,"Nặng nhọc, độc hại, nguy hiểm",60,"Điều phối tàu, máy, thiết bị, nhân lực ở các bến cảng","Luôn tiếp xúc với môi trường độc hại, nguy hiểm, nồng độ bụi rất cao, nắng nóng, mưa gió, nguy hiểm cho nhiều thiết bị cùng tác nghiệp."
543,TT 11/2020/TT-BLĐTBXH,IV,VẬN TẢI,Loại IV,"Nặng nhọc, độc hại, nguy hiểm",61,Chế tạo vỏ tàu thủy,"Tư thế làm việc gò bó, công việc nặng nhọc, thường xuyên tiếp xúc với tiếng ồn, bụi"
544,TT 11/2020/TT-BLĐTBXH,IV,VẬN TẢI,Loại IV,"Nặng nhọc, độc hại, nguy hiểm",62,Vận hành dây chuyền làm sạch tôn,"Nơi làm việc chật hẹp, thiếu dưỡng khí, thiếu ánh sáng, thường xuyên tiếp xúc với tiếng ồn, bụi nhiều"
545,TT 11/2020/TT-BLĐTBXH,IV,VẬN TẢI,Loại IV,"Nặng nhọc, độc hại, nguy hiểm",63,Cân hàng tại trạm cân điện tử ở các bến cảng,"Công việc thường xuyên tiếp xúc tiếng ồn, bụi, căng thẳng thần kinh tâm lý"
546,TT 11/2020/TT-BLĐTBXH,IV,VẬN TẢI,Loại IV,"Nặng nhọc, độc hại, nguy hiểm",64,"Sửa chữa, bảo dưỡng thiết bị cơ giới ở các bến cảng","Tư thế lao động gò bó, công việc nặng nhọc, tiếp xúc với dầu mỡ, ồn, bụi"
547,TT 11/2020/TT-BLĐTBXH,IV,VẬN TẢI,Loại IV,"Nặng nhọc, độc hại, nguy hiểm",65,Kỹ thuật viên đánh giá NDT,"Tư thế lao động gò bó, nơi làm việc chật hẹp, tiếp xúc với hóa chất, phóng xạ"
548,TT 11/2020/TT-BLĐTBXH,V,XÂY DỰNG GIAO THÔNG VÀ KHO TÀNG BẾN BÃI,Loại VI,"Đặc biệt nặng nhọc, độc hại, nguy hiểm",1,"Ngâm tẩm, bảo quản tà vẹt phòng mục bán tự động","Công việc nặng nhọc, nguy hiểm và độc hại do phải tiếp xúc trực tiếp với hóa chất độc mạnh (phenol) ở nồng độ rất cao."
549,TT 11/2020/TT-BLĐTBXH,V,XÂY DỰNG GIAO THÔNG VÀ KHO TÀNG BẾN BÃI,Loại VI,"Đặc biệt nặng nhọc, độc hại, nguy hiểm",2,Thợ lặn công trình.,"Công việc rất nặng nhọc, nguy hiểm, tư thế lao động gò bó, chịu tác động của áp suất cao."
550,TT 11/2020/TT-BLĐTBXH,V,XÂY DỰNG GIAO THÔNG VÀ KHO TÀNG BẾN BÃI,Loại VI,"Đặc biệt nặng nhọc, độc hại, nguy hiểm",3,Quản lý và khai thác đèn biển trên quần đảo Trường Sa.,"Thường xuyên chịu tác động của sóng, gió, ồn và khí hậu khắc nghiệt."
551,TT 11/2020/TT-BLĐTBXH,V,XÂY DỰNG GIAO THÔNG VÀ KHO TÀNG BẾN BÃI,Loại V,"Đặc biệt nặng nhọc, độc hại, nguy hiểm",1,Vận hành máy chèn đường sắt.,"Công việc nặng nhọc, ảnh hưởng của tiếng ồn, rung lớn."
552,TT 11/2020/TT-BLĐTBXH,V,XÂY DỰNG GIAO THÔNG VÀ KHO TÀNG BẾN BÃI,Loại V,"Đặc biệt nặng nhọc, độc hại, nguy hiểm",2,Bốc xếp thủ công ở các cảng.,"Công việc thủ công, làm việc ngoài trời và rất nặng nhọc"
553,TT 11/2020/TT-BLĐTBXH,V,XÂY DỰNG GIAO THÔNG VÀ KHO TÀNG BẾN BÃI,Loại V,"Đặc biệt nặng nhọc, độc hại, nguy hiểm",3,"Bốc xếp thủ công ở các ga, kho, bến, bãi.","Làm việc ngoài trời, công việc thủ công rất nặng nhọc."
554,TT 11/2020/TT-BLĐTBXH,V,XÂY DỰNG GIAO THÔNG VÀ KHO TÀNG BẾN BÃI,Loại V,"Đặc biệt nặng nhọc, độc hại, nguy hiểm",4,Kích kéo lắp dầm thép trên cao,"Công việc nặng nhọc, nguy hiểm, chịu tác động của rung và ồn."
555,TT 11/2020/TT-BLĐTBXH,V,XÂY DỰNG GIAO THÔNG VÀ KHO TÀNG BẾN BÃI,Loại V,"Đặc biệt nặng nhọc, độc hại, nguy hiểm",5,"Đổ bê tông, xây mố, trụ cầu.","Công việc nặng nhọc, nguy hiểm, chịu tác động của ồn và rung."
556,TT 11/2020/TT-BLĐTBXH,V,XÂY DỰNG GIAO THÔNG VÀ KHO TÀNG BẾN BÃI,Loại V,"Đặc biệt nặng nhọc, độc hại, nguy hiểm",6,"Gia công cọc, ván thép; lao lắp nâng hạ dầm cầu.","Công việc rất nặng nhọc, nguy hiểm, chịu tác động của ồn và rung."
557,TT 11/2020/TT-BLĐTBXH,V,XÂY DỰNG GIAO THÔNG VÀ KHO TÀNG BẾN BÃI,Loại V,"Đặc biệt nặng nhọc, độc hại, nguy hiểm",7,Phun cát tẩy rỉ,"Làm việc ngoài trời, công việc nặng nhọc, chịu tác động của ồn, rung, bụi nồng độ rất cao."
558,TT 11/2020/TT-BLĐTBXH,V,XÂY DỰNG GIAO THÔNG VÀ KHO TÀNG BẾN BÃI,Loại V,"Đặc biệt nặng nhọc, độc hại, nguy hiểm",8,Vận hành máy đóng cọc xây dựng công trình.,"Làm việc ngoài trời, công việc nặng nhọc, nguy hiểm, tiếp xúc dầu mỡ, ồn, tư thế làm việc gò bó."
559,TT 11/2020/TT-BLĐTBXH,V,XÂY DỰNG GIAO THÔNG VÀ KHO TÀNG BẾN BÃI,Loại V,"Đặc biệt nặng nhọc, độc hại, nguy hiểm",9,Lái cẩu nổi thi công cầu và lao lắp dầm cầu.,"Làm việc ngoài trời, công việc nặng nhọc, nguy hiểm, chịu tác động của tiếng ồn cao."
560,TT 11/2020/TT-BLĐTBXH,V,XÂY DỰNG GIAO THÔNG VÀ KHO TÀNG BẾN BÃI,Loại V,"Đặc biệt nặng nhọc, độc hại, nguy hiểm",10,Tán đinh ri vê kết cấu thép.,"Làm việc ngoài trời, công việc nặng nhọc, nguy hiểm, chịu tác động của ồn, rung, nóng, khí CO và CO2."
561,TT 11/2020/TT-BLĐTBXH,V,XÂY DỰNG GIAO THÔNG VÀ KHO TÀNG BẾN BÃI,Loại V,"Đặc biệt nặng nhọc, độc hại, nguy hiểm",11,Khoan nhồi bê tông tạo cọc móng trụ cầu; vận hành máy tạo vữa Ben-tô-nít vào lỗ khoan cọc nhồi.,"Làm việc ngoài trời, công việc thủ công nặng nhọc, tư thế lao động gò bó, luôn tiếp xúc với hóa chất và ồn."
562,TT 11/2020/TT-BLĐTBXH,V,XÂY DỰNG GIAO THÔNG VÀ KHO TÀNG BẾN BÃI,Loại V,"Đặc biệt nặng nhọc, độc hại, nguy hiểm",12,"Làm việc dưới móng trụ cầu trong vòng vây cọc, ván thép","Làm việc ngoài trời, công việc nặng nhọc, nguy hiểm, chịu tác động của tiếng ồn."
563,TT 11/2020/TT-BLĐTBXH,V,XÂY DỰNG GIAO THÔNG VÀ KHO TÀNG BẾN BÃI,Loại V,"Đặc biệt nặng nhọc, độc hại, nguy hiểm",13,Pha chế sơn và phun sơn dầm cầu.,"Tiếp xúc hóa chất độc hại, tư thế lao động gò bó."
564,TT 11/2020/TT-BLĐTBXH,V,XÂY DỰNG GIAO THÔNG VÀ KHO TÀNG BẾN BÃI,Loại V,"Đặc biệt nặng nhọc, độc hại, nguy hiểm",14,Hàn đối đầu các dầm cầu thép.,"Công việc nặng nhọc, nguy hiểm, căng thẳng thần kinh tâm lý, thường xuyên tiếp xúc hơi khí độc."
565,TT 11/2020/TT-BLĐTBXH,V,XÂY DỰNG GIAO THÔNG VÀ KHO TÀNG BẾN BÃI,Loại V,"Đặc biệt nặng nhọc, độc hại, nguy hiểm",15,"Sử dụng máy quang tuyến X chụp mối hàn dầm cầu, mặt cầu thép.","Làm việc ngoài trời, tư thế lao động gò bó, chịu tác động trực tiếp của tia Rơn ghen."
566,TT 11/2020/TT-BLĐTBXH,V,XÂY DỰNG GIAO THÔNG VÀ KHO TÀNG BẾN BÃI,Loại V,"Đặc biệt nặng nhọc, độc hại, nguy hiểm",16,"Đào đất, đá hạ giếng chìm bằng thủ công.","Lao động thủ công, nặng nhọc, nguy hiểm, chịu tác động của bụi và ồn."
567,TT 11/2020/TT-BLĐTBXH,V,XÂY DỰNG GIAO THÔNG VÀ KHO TÀNG BẾN BÃI,Loại V,"Đặc biệt nặng nhọc, độc hại, nguy hiểm",17,"Phá đá, phá trụ cầu, phá dầm cầu dưới nước.","Công việc nặng nhọc, nguy hiểm."
568,TT 11/2020/TT-BLĐTBXH,V,XÂY DỰNG GIAO THÔNG VÀ KHO TÀNG BẾN BÃI,Loại V,"Đặc biệt nặng nhọc, độc hại, nguy hiểm",18,Vận hành máy trộn bê tông nhựa nóng (không có buồng điều khiển).,"Chịu tác động của nhiệt độ cao, ồn, rung mạnh, hơi khí độc và bụi nhiều."
569,TT 11/2020/TT-BLĐTBXH,V,XÂY DỰNG GIAO THÔNG VÀ KHO TÀNG BẾN BÃI,Loại V,"Đặc biệt nặng nhọc, độc hại, nguy hiểm",19,Cấp nhựa cho máy nấu nhựa bằng thủ công.,"Rất nặng nhọc, độc hại và nóng."
570,TT 11/2020/TT-BLĐTBXH,V,XÂY DỰNG GIAO THÔNG VÀ KHO TÀNG BẾN BÃI,Loại V,"Đặc biệt nặng nhọc, độc hại, nguy hiểm",20,"Nấu, tưới nhựa nóng vá láng mặt đường bằng thủ công.","Nặng nhọc, thường xuyên tiếp xúc với hơi, khí, bụi độc và bức xạ nhiệt."
571,TT 11/2020/TT-BLĐTBXH,V,XÂY DỰNG GIAO THÔNG VÀ KHO TÀNG BẾN BÃI,Loại V,"Đặc biệt nặng nhọc, độc hại, nguy hiểm",21,"Xây dựng, lắp ráp, sửa chữa thiết bị, công trình hải đăng, đèn đảo.","Công việc thủ công, nặng nhọc, nguy hiểm, chịu tác động của sóng, gió."
572,TT 11/2020/TT-BLĐTBXH,V,XÂY DỰNG GIAO THÔNG VÀ KHO TÀNG BẾN BÃI,Loại V,"Đặc biệt nặng nhọc, độc hại, nguy hiểm",22,Quản lý và khai thác đèn biển trên các đảo và cửa biển.,"Chịu tác động của sóng, gió và khí hậu khắc nghiệt."
573,TT 11/2020/TT-BLĐTBXH,V,XÂY DỰNG GIAO THÔNG VÀ KHO TÀNG BẾN BÃI,Loại V,"Đặc biệt nặng nhọc, độc hại, nguy hiểm",23,"Gạt than, phân bón rời dưới hầm tàu biển, tàu sông, xà lan.","Nơi làm việc chật hẹp, thiếu dưỡng khí, công việc thủ công, nặng nhọc, tư thế lao động gò bó."
574,TT 11/2020/TT-BLĐTBXH,V,XÂY DỰNG GIAO THÔNG VÀ KHO TÀNG BẾN BÃI,Loại V,"Đặc biệt nặng nhọc, độc hại, nguy hiểm",24,Thợ lặn căn kê tàu.,"Lao động nặng nhọc, nguy hiểm, tư thế lao động gò bó."
575,TT 11/2020/TT-BLĐTBXH,V,XÂY DỰNG GIAO THÔNG VÀ KHO TÀNG BẾN BÃI,Loại V,"Đặc biệt nặng nhọc, độc hại, nguy hiểm",25,"Sơn, cạo rỉ đáy tàu.","Lao động nặng nhọc, tư thế lao động gò bó, nơi làm việc thiếu dưỡng khí, hôi thối."
576,TT 11/2020/TT-BLĐTBXH,V,XÂY DỰNG GIAO THÔNG VÀ KHO TÀNG BẾN BÃI,Loại V,"Đặc biệt nặng nhọc, độc hại, nguy hiểm",26,"Khảo sát, kiểm tra, thông báo luồng cửa sông, cửa biển.","Thường xuyên làm việc ngoài trời, trên sông nước, môi trường hôi thối, bẩn thỉu."
577,TT 11/2020/TT-BLĐTBXH,V,XÂY DỰNG GIAO THÔNG VÀ KHO TÀNG BẾN BÃI,Loại V,"Đặc biệt nặng nhọc, độc hại, nguy hiểm",27,"Thắp đèn ở các phao trên luồng hàng hải, cửa sông, vùng hồ, dọc theo các sông có vận tải thủy.","Làm việc ngoài trời, nguy hiểm, chịu tác động của sóng gió, rung lắc, tư thế lao động gò bó."
578,TT 11/2020/TT-BLĐTBXH,V,XÂY DỰNG GIAO THÔNG VÀ KHO TÀNG BẾN BÃI,Loại V,"Đặc biệt nặng nhọc, độc hại, nguy hiểm",28,"Thợ sắt, thợ hàn sắt trên các công trình xây dựng và sửa chữa cầu","Làm việc ngoài trời, công việc nặng nhọc, nguy hiểm, chịu tác động của bụi, ồn, rung, khí CO2, CO…"
579,TT 11/2020/TT-BLĐTBXH,V,XÂY DỰNG GIAO THÔNG VÀ KHO TÀNG BẾN BÃI,Loại V,"Đặc biệt nặng nhọc, độc hại, nguy hiểm",29,"Làm mới, đại tu đường sắt.","Làm việc ngoài trời, công việc thủ công, nặng nhọc."
580,TT 11/2020/TT-BLĐTBXH,V,XÂY DỰNG GIAO THÔNG VÀ KHO TÀNG BẾN BÃI,Loại IV,"Nặng nhọc, độc hại, nguy hiểm",1,"Sửa chữa, bảo dưỡng, duy tu cầu, đường sắt","Làm việc ngoài trời, công việc thủ công nặng nhọc, bụi"
581,TT 11/2020/TT-BLĐTBXH,V,XÂY DỰNG GIAO THÔNG VÀ KHO TÀNG BẾN BÃI,Loại IV,"Nặng nhọc, độc hại, nguy hiểm",2,"Vệ sinh sân ga, vệ sinh toa xe ở các ga (Hà Nội, Đà Nẵng, TP Hồ Chí Minh)","Làm ngoài trời, ảnh hưởng của ồn và bụi bẩn"
582,TT 11/2020/TT-BLĐTBXH,V,XÂY DỰNG GIAO THÔNG VÀ KHO TÀNG BẾN BÃI,Loại IV,"Nặng nhọc, độc hại, nguy hiểm",3,Lái xe cần trục từ 20 tấn trở lên,"Công việc nặng nhọc, nóng"
583,TT 11/2020/TT-BLĐTBXH,V,XÂY DỰNG GIAO THÔNG VÀ KHO TÀNG BẾN BÃI,Loại IV,"Nặng nhọc, độc hại, nguy hiểm",4,Lái máy ủi,"Công việc nặng nhọc, ảnh hưởng của ồn, rung và bụi"
584,TT 11/2020/TT-BLĐTBXH,V,XÂY DỰNG GIAO THÔNG VÀ KHO TÀNG BẾN BÃI,Loại IV,"Nặng nhọc, độc hại, nguy hiểm",5,"Trực trạm quản lý đường ven sông, ven biển, lòng hồ","Lưu động trên sông nước, công việc nặng nhọc"
585,TT 11/2020/TT-BLĐTBXH,V,XÂY DỰNG GIAO THÔNG VÀ KHO TÀNG BẾN BÃI,Loại IV,"Nặng nhọc, độc hại, nguy hiểm",6,"Lái cẩu điện, cẩu diezen ở cảng","Chịu tác động của ồn, bụi và nóng"
586,TT 11/2020/TT-BLĐTBXH,V,XÂY DỰNG GIAO THÔNG VÀ KHO TÀNG BẾN BÃI,Loại IV,"Nặng nhọc, độc hại, nguy hiểm",7,Vận hành cẩu trục chân đế ở cảng,Tiếp xúc thường xuyên với bụi và ồn rất cao
587,TT 11/2020/TT-BLĐTBXH,V,XÂY DỰNG GIAO THÔNG VÀ KHO TÀNG BẾN BÃI,Loại IV,"Nặng nhọc, độc hại, nguy hiểm",8,"Đúc bê tông dầm cầu dự ứng lực, cọc ống ly tâm.","Công việc nặng nhọc, chịu tác động của ồn cao, nóng và bụi."
588,TT 11/2020/TT-BLĐTBXH,V,XÂY DỰNG GIAO THÔNG VÀ KHO TÀNG BẾN BÃI,Loại IV,"Nặng nhọc, độc hại, nguy hiểm",9,Hàn ống thép phục vụ cọc khoan nhồi.,"Làm việc ngoài trời, tư thế lao động gò bó, chịu tác động của khí độc (khí hàn)."
589,TT 11/2020/TT-BLĐTBXH,V,XÂY DỰNG GIAO THÔNG VÀ KHO TÀNG BẾN BÃI,Loại IV,"Nặng nhọc, độc hại, nguy hiểm",10,"Làm ván khuôn cấu kiện dầm cầu, mố trụ cầu; làm sắt cầu, cầu cáp.","Lao động ngoài trời, nặng nhọc, nguy hiểm."
590,TT 11/2020/TT-BLĐTBXH,V,XÂY DỰNG GIAO THÔNG VÀ KHO TÀNG BẾN BÃI,Loại IV,"Nặng nhọc, độc hại, nguy hiểm",11,"Điều khiển máy đầm bê tông, cấu kiện bê tông.","Công việc nặng nhọc, chịu ảnh hưởng của tiếng ồn, rung và bụi."
591,TT 11/2020/TT-BLĐTBXH,V,XÂY DỰNG GIAO THÔNG VÀ KHO TÀNG BẾN BÃI,Loại IV,"Nặng nhọc, độc hại, nguy hiểm",12,Đúc đẩy bê tông dự ứng lực,"Làm việc ngoài trời, công việc nặng nhọc, ồn và bụi."
592,TT 11/2020/TT-BLĐTBXH,V,XÂY DỰNG GIAO THÔNG VÀ KHO TÀNG BẾN BÃI,Loại IV,"Nặng nhọc, độc hại, nguy hiểm",13,Vận hành trạm trộn bê tông nhựa nóng tự động (có buồng điều khiển).,"Chịu tác động của ồn, căng thẳng thần kinh tâm lý."
593,TT 11/2020/TT-BLĐTBXH,V,XÂY DỰNG GIAO THÔNG VÀ KHO TÀNG BẾN BÃI,Loại IV,"Nặng nhọc, độc hại, nguy hiểm",14,"Vận hành máy nấu nhựa, máy sấy đá, nồi hơi bảo ôn trạm trộn bê tông nhựa nóng.","Làm việc ngoài trời, chịu tác động của hơi khí độc và bụi nhiều."
594,TT 11/2020/TT-BLĐTBXH,V,XÂY DỰNG GIAO THÔNG VÀ KHO TÀNG BẾN BÃI,Loại IV,"Nặng nhọc, độc hại, nguy hiểm",15,"Phục vụ trạm trộn bê tông nhựa nóng (vận chuyển nguyên liệu, nhiên liệu, tháo bao bột đá vào băng chuyền, xúc và vận chuyển bột đá ở máy sấy thải ra, quét dọn dầu, than… quét dầu, phun dầu vào thùng xe chở bê tông nhựa nóng).","Làm việc ngoài trời, công việc thủ công, nặng nhọc, tiếp xúc với hơi khí độc, bụi."
595,TT 11/2020/TT-BLĐTBXH,V,XÂY DỰNG GIAO THÔNG VÀ KHO TÀNG BẾN BÃI,Loại IV,"Nặng nhọc, độc hại, nguy hiểm",16,Sửa chữa cơ khí thiết bị tại trạm trộn bê tông nhựa nóng.,"Làm việc ngoài trời, tư thế lao động gò bó, chịu tác động của hơi, khí, bụi độc."
596,TT 11/2020/TT-BLĐTBXH,V,XÂY DỰNG GIAO THÔNG VÀ KHO TÀNG BẾN BÃI,Loại IV,"Nặng nhọc, độc hại, nguy hiểm",17,Lái các loại xe lu lăn đường.,"Nặng nhọc, ồn, rung, nóng và bụi nhiều."
597,TT 11/2020/TT-BLĐTBXH,V,XÂY DỰNG GIAO THÔNG VÀ KHO TÀNG BẾN BÃI,Loại IV,"Nặng nhọc, độc hại, nguy hiểm",18,"Điều khiển xa máy ép hơi thổi bụi mặt đường, xe phun nhựa nóng, máy trải thảm bê tông nhựa nóng.","Làm việc ngoài trời, chịu tác động của ồn, rung, bụi, hơi khí độc và nóng."
598,TT 11/2020/TT-BLĐTBXH,V,XÂY DỰNG GIAO THÔNG VÀ KHO TÀNG BẾN BÃI,Loại IV,"Nặng nhọc, độc hại, nguy hiểm",19,"Cuốc, xúc bù, san mặt đường theo máy trải thảm bê tông nhựa nóng.","Làm việc ngoài trời, công việc thủ công, nặng nhọc, chịu tác động của nóng, hơi khí độc."
599,TT 11/2020/TT-BLĐTBXH,V,XÂY DỰNG GIAO THÔNG VÀ KHO TÀNG BẾN BÃI,Loại IV,"Nặng nhọc, độc hại, nguy hiểm",20,"Sản xuất bê tông, nhựa đường, nhũ tương.","Tiếp xúc thường xuyên với nóng, bụi đá, hơi khí độc hyđrôcacbua axít và các hóa chất phụ gia khác)."
600,TT 11/2020/TT-BLĐTBXH,V,XÂY DỰNG GIAO THÔNG VÀ KHO TÀNG BẾN BÃI,Loại IV,"Nặng nhọc, độc hại, nguy hiểm",21,"Duy tu, sửa chữa cầu, đường bộ.","Làm việc ngoài trời, công việc thủ công, nặng nhọc, chịu tác động của bụi"
601,TT 11/2020/TT-BLĐTBXH,V,XÂY DỰNG GIAO THÔNG VÀ KHO TÀNG BẾN BÃI,Loại IV,"Nặng nhọc, độc hại, nguy hiểm",22,Nhân viên hoa tiêu.,"Làm việc trong buồng lái trên tàu biển, luôn đứng suốt hành trình dẫn tàu, tập trung quan sát cao, căng thẳng thần kinh tâm lý."
602,TT 11/2020/TT-BLĐTBXH,V,XÂY DỰNG GIAO THÔNG VÀ KHO TÀNG BẾN BÃI,Loại IV,"Nặng nhọc, độc hại, nguy hiểm",23,"Đóng bao phốt phát, apatít phân lân, urê,… ở các kho, bến, bãi, cảng sông, cảng biển, ga đường sắt.","Công việc thủ công, nặng nhọc, tư thế lao động gò bó, chịu tác động của bụi độc."
603,TT 11/2020/TT-BLĐTBXH,V,XÂY DỰNG GIAO THÔNG VÀ KHO TÀNG BẾN BÃI,Loại IV,"Nặng nhọc, độc hại, nguy hiểm",24,"Trắc địa địa hình, địa chất khảo sát đường bộ, đường sông và đường biển.","Công việc nặng nhọc, thường xuyên lưu động, chịu tác động của bụi, mưa, nắng."
604,TT 11/2020/TT-BLĐTBXH,V,XÂY DỰNG GIAO THÔNG VÀ KHO TÀNG BẾN BÃI,Loại IV,"Nặng nhọc, độc hại, nguy hiểm",25,"Sửa chữa, lắp đặt hệ thống điện, đường ống trong hầm tàu thủy.","Nơi làm việc chật hẹp, công việc nặng nhọc, tư thế lao động gò bó."
605,TT 11/2020/TT-BLĐTBXH,V,XÂY DỰNG GIAO THÔNG VÀ KHO TÀNG BẾN BÃI,Loại IV,"Nặng nhọc, độc hại, nguy hiểm",26,"Hỏa công dưới hầm tàu thủy, xà lan.","Ảnh hưởng nóng, ồn, thiếu dưỡng khí."
606,TT 11/2020/TT-BLĐTBXH,VI,ĐIỆN,Loại V,"Đặc biệt nặng nhọc, độc hại, nguy hiểm",1,"Vận hành băng tải than dưới nhà hầm, nhà máy nhiệt điện","Phải đi lại nhiều lần, tiêu hao năng lượng lớn, bẩn, nồng độ bụi rất cao"
607,TT 11/2020/TT-BLĐTBXH,VI,ĐIỆN,Loại V,"Đặc biệt nặng nhọc, độc hại, nguy hiểm",2,"Vận hành điện, vận hành máy trong hang hầm nhà máy thủy điện","Giải quyết công việc phức tạp, phải đi lại nhiều, nơi làm việc thông thoáng khí kém, ảnh hưởng của ồn, rung trong suốt ca làm việc"
608,TT 11/2020/TT-BLĐTBXH,VI,ĐIỆN,Loại V,"Đặc biệt nặng nhọc, độc hại, nguy hiểm",3,"Sửa chữa cáp thông tin, cáp lực trong hang hầm","Công việc nặng nhọc, luôn tiếp xúc với dầu mỡ, nơi làm việc thiếu dưỡng khí, ảnh hưởng của ồn, rung."
609,TT 11/2020/TT-BLĐTBXH,VI,ĐIỆN,Loại V,"Đặc biệt nặng nhọc, độc hại, nguy hiểm",4,"Cạo rỉ, sơn trong thùng kín trong hang hầm","Nơi làm việc chật hẹp, thiếu ánh sáng, thiếu dưỡng khí, tư thế gò bó, chịu tác động của hóa chất trong sơn và CO2"
610,TT 11/2020/TT-BLĐTBXH,VI,ĐIỆN,Loại V,"Đặc biệt nặng nhọc, độc hại, nguy hiểm",5,"Phun cát tẩy rỉ, sơn trong hang hầm","Công việc nặng nhọc, ảnh hưởng của ồn, rung, bụi nồng độ cao và các hóa chất trong sơn, CO2"
611,TT 11/2020/TT-BLĐTBXH,VI,ĐIỆN,Loại V,"Đặc biệt nặng nhọc, độc hại, nguy hiểm",6,Khoan phun bê tông trong hang hầm,"Công việc nặng nhọc, tiêu hao năng lượng lớn, ảnh hưởng của bụi, ồn rất cao và rung vượt tiêu chuẩn cho phép nhiều lần"
612,TT 11/2020/TT-BLĐTBXH,VI,ĐIỆN,Loại V,"Đặc biệt nặng nhọc, độc hại, nguy hiểm",7,Kiểm tra kim loại bằng quang phổ và siêu âm trong các nhà máy điện.,"Chịu ảnh hưởng của chất phóng xạ; môi trường nóng, ồn, bụi, đôi khi làm việc ở nơi thiếu không khí."
613,TT 11/2020/TT-BLĐTBXH,VI,ĐIỆN,Loại V,"Đặc biệt nặng nhọc, độc hại, nguy hiểm",8,Vận hành bao hơi nhà máy nhiệt điện.,"Nơi làm việc có nhiệt độ cao, rất bụi và nguy hiểm."
614,TT 11/2020/TT-BLĐTBXH,VI,ĐIỆN,Loại V,"Đặc biệt nặng nhọc, độc hại, nguy hiểm",9,"Sửa chữa thiết bị cơ khí thủy lực cửa nhận nước, cửa đập tràn.","Công việc nặng nhọc, nguy hiểm (làm việc ở độ cao trên 30 m); không gian làm việc chật hẹp, trơn, rất nguy hiểm."
615,TT 11/2020/TT-BLĐTBXH,VI,ĐIỆN,Loại V,"Đặc biệt nặng nhọc, độc hại, nguy hiểm",10,Sửa chữa máy bơm nước nhà máy thủy điện.,"Công việc nặng nhọc, không gian làm việc chật hẹp, trơn, ẩm ướt; chịu tác động của nóng, ồn, hơi xăng, dầu."
616,TT 11/2020/TT-BLĐTBXH,VI,ĐIỆN,Loại V,"Đặc biệt nặng nhọc, độc hại, nguy hiểm",11,"Vận hành, sửa chữa cầu trục trong hầm máy phát điện.","Công việc nặng nhọc, thường xuyên tiếp xúc với bụi bẩn, dầu, mỡ và tiếng ồn cao."
617,TT 11/2020/TT-BLĐTBXH,VI,ĐIỆN,Loại V,"Đặc biệt nặng nhọc, độc hại, nguy hiểm",12,"Vận hành, sửa chữa hệ thống thông gió trong hầm nhà máy thủy điện.","Công việc nặng nhọc, tiếp xúc với bụi bẩn, dầu, mỡ và độ ồn cao."
618,TT 11/2020/TT-BLĐTBXH,VI,ĐIỆN,Loại V,"Đặc biệt nặng nhọc, độc hại, nguy hiểm",13,"Quản lý, vận hành đường dây và trạm biến áp 500KV.","Công việc nặng nhọc, thường xuyên lưu động theo đường dây qua các vùng địa hình, khí hậu phức tạp; tiếp xúc với điện từ trường cao, nguy hiểm."
619,TT 11/2020/TT-BLĐTBXH,VI,ĐIỆN,Loại V,"Đặc biệt nặng nhọc, độc hại, nguy hiểm",14,Sửa chữa đường dây và trạm biến áp có cấp điện áp trên 01 KV đang mang điện.,"Công việc nguy hiểm, thường xuyên làm việc trên cao, căng thẳng thần kinh tâm lý."
620,TT 11/2020/TT-BLĐTBXH,VI,ĐIỆN,Loại IV,"Nặng nhọc, độc hại, nguy hiểm",1,Vận hành lò nhà máy nhiệt điện,"Nơi làm việc có nhiệt độ cao, rất bụi và nguy hiểm"
621,TT 11/2020/TT-BLĐTBXH,VI,ĐIỆN,Loại IV,"Nặng nhọc, độc hại, nguy hiểm",2,"Sửa chữa, bảo ôn lò nhà máy nhiệt điện","Công việc nặng nhọc, nóng, nồng độ bụi rất cao, thường xuyên tiếp xúc với bông thủy tinh dễ gây ngứa, dị ứng."
622,TT 11/2020/TT-BLĐTBXH,VI,ĐIỆN,Loại IV,"Nặng nhọc, độc hại, nguy hiểm",3,"Sửa chữa thiết bị thủy lực, sửa chữa thiết bị chính máy, sửa chữa thiết bị chính điện nhà máy điện","Tiếp xúc với dầu mỡ, bụi bẩn và tiếng ồn, tư thế làm việc gò bó"
623,TT 11/2020/TT-BLĐTBXH,VI,ĐIỆN,Loại IV,"Nặng nhọc, độc hại, nguy hiểm",4,"Vận hành máy, vận hành điện trong nhà máy điện","Công việc phức tạp, đi lại nhiều, ảnh hưởng của ồn, nồng độ bụi rất cao"
624,TT 11/2020/TT-BLĐTBXH,VI,ĐIỆN,Loại IV,"Nặng nhọc, độc hại, nguy hiểm",5,Trưởng kíp vận hành kiểm nhiệt nhà máy nhiệt điện,"Đi lại nhiều, ảnh hưởng của nóng, ồn và bụi vượt tiêu chuẩn cho phép nhiều lần"
625,TT 11/2020/TT-BLĐTBXH,VI,ĐIỆN,Loại IV,"Nặng nhọc, độc hại, nguy hiểm",6,Vận hành bơm tuần hoàn nhà máy nhiệt điện,"Làm việc dưới hầm ẩm ướt, chịu tác động liên tục của tiếng ồn cao"
626,TT 11/2020/TT-BLĐTBXH,VI,ĐIỆN,Loại IV,"Nặng nhọc, độc hại, nguy hiểm",7,Trưởng kíp vận hành than nhà máy nhiệt điện,Ảnh hưởng của ồn và bụi nồng độ cao
627,TT 11/2020/TT-BLĐTBXH,VI,ĐIỆN,Loại IV,"Nặng nhọc, độc hại, nguy hiểm",8,Vận hành thiết bị phụ tuốc bin nhà máy điện,Tiếp xúc thường xuyên với rung và tiếng ồn rất cao
628,TT 11/2020/TT-BLĐTBXH,VI,ĐIỆN,Loại IV,"Nặng nhọc, độc hại, nguy hiểm",9,Vận hành máy nén khí áp lực từ 8kg/cm2 trở lên,Ảnh hưởng của rung và tiếng ồn rất cao
629,TT 11/2020/TT-BLĐTBXH,VI,ĐIỆN,Loại IV,"Nặng nhọc, độc hại, nguy hiểm",10,Sửa chữa van hơi nhà máy nhiệt điện,"Nơi làm việc chật hẹp, tư thế làm việc gò bó, ảnh hưởng của nóng và bụi nồng độ rất cao"
630,TT 11/2020/TT-BLĐTBXH,VI,ĐIỆN,Loại IV,"Nặng nhọc, độc hại, nguy hiểm",11,"Thí nghiệm thiết bị điện, thí nghiệm điện cao áp.","Ảnh hưởng của điện từ trường cao, thường xuyên tiếp xúc với điện cao áp nên rất nguy hiểm đến tính mạng"
631,TT 11/2020/TT-BLĐTBXH,VI,ĐIỆN,Loại IV,"Nặng nhọc, độc hại, nguy hiểm",12,Sửa chữa thiết bị tự động nhà máy điện,"Ảnh hưởng của bụi, rung và ồn cao"
632,TT 11/2020/TT-BLĐTBXH,VI,ĐIỆN,Loại IV,"Nặng nhọc, độc hại, nguy hiểm",13,"Sửa chữa cơ, điện trong nhà máy điện","Tư thế làm việc gò bó, ảnh hưởng của ồn, rung và bụi"
633,TT 11/2020/TT-BLĐTBXH,VI,ĐIỆN,Loại IV,"Nặng nhọc, độc hại, nguy hiểm",14,Sửa chữa kiểm nhiệt nhà máy nhiệt điện,"Tiếp xúc thường xuyên với nóng, rung và ồn cao"
634,TT 11/2020/TT-BLĐTBXH,VI,ĐIỆN,Loại IV,"Nặng nhọc, độc hại, nguy hiểm",15,"Sửa chữa hệ thống nhiên liệu trong nhà máy nhiệt điện, bao gồm: (Hệ thống bốc dỡ than, CSU, GSU, băng tải than, cầu trục và cẩu tháp).","Nơi làm việc bẩn và rất bụi, tư thế làm việc gò bó"
635,TT 11/2020/TT-BLĐTBXH,VI,ĐIỆN,Loại IV,"Nặng nhọc, độc hại, nguy hiểm",16,Vệ sinh công nghiệp nhà máy nhiệt điện,"Công việc thủ công, ảnh hưởng của nóng, ồn và nồng độ bụi rất cao"
636,TT 11/2020/TT-BLĐTBXH,VI,ĐIỆN,Loại IV,"Nặng nhọc, độc hại, nguy hiểm",17,"Vận hành cửa nhận nước trạm bơm bờ trái, thiết bị đóng mở cánh phải đập tràn nhà máy thủy điện Hòa Bình","Công việc nặng nhọc, nơi làm việc ẩm ướt, trơn dầu mỡ, ảnh hưởng của ồn cao"
637,TT 11/2020/TT-BLĐTBXH,VI,ĐIỆN,Loại IV,"Nặng nhọc, độc hại, nguy hiểm",18,"Sửa chữa, phóng nạp ắc quy trong hang hầm nhà máy điện","Nơi làm việc thiếu dưỡng khí, thường xuyên tiếp xúc với axít H2SO4, CO2"
638,TT 11/2020/TT-BLĐTBXH,VI,ĐIỆN,Loại IV,"Nặng nhọc, độc hại, nguy hiểm",19,"Sửa chữa nén khí, thiết bị trạm biến thế","Nơi làm việc chật hẹp, trơn dầu mỡ, ảnh hưởng của ồn cao"
639,TT 11/2020/TT-BLĐTBXH,VI,ĐIỆN,Loại IV,"Nặng nhọc, độc hại, nguy hiểm",20,Thí nghiệm hóa nhà máy điện,"Thường xuyên tiếp xúc với dầu mỡ, các hóa chất độc, ồn và bụi"
640,TT 11/2020/TT-BLĐTBXH,VI,ĐIỆN,Loại IV,"Nặng nhọc, độc hại, nguy hiểm",21,Lọc dầu máy biến thế trong hang hầm,"Nơi làm việc chật hẹp, thường xuyên tiếp xúc với dầu mỡ, ảnh hưởng của ồn cao"
641,TT 11/2020/TT-BLĐTBXH,VI,ĐIỆN,Loại IV,"Nặng nhọc, độc hại, nguy hiểm",22,"Sửa chữa cơ, điện phụ trong hang hầm nhà máy điện","Nơi làm việc kém thông thoáng, tư thế gò bó, ảnh hưởng của ồn cao"
642,TT 11/2020/TT-BLĐTBXH,VI,ĐIỆN,Loại IV,"Nặng nhọc, độc hại, nguy hiểm",23,Khoan phun bê tông bằng máy nén khí cầm tay,"Công việc nặng nhọc, bẩn, chịu tác động của bụi, ồn và rung vượt tiêu chuẩn cho phép nhiều lần"
643,TT 11/2020/TT-BLĐTBXH,VI,ĐIỆN,Loại IV,"Nặng nhọc, độc hại, nguy hiểm",24,Lái cầu trục 350 tấn trong hầm nhà máy thủy điện,"Làm việc trên cao, ảnh hưởng của rung, ồn lớn"
644,TT 11/2020/TT-BLĐTBXH,VI,ĐIỆN,Loại IV,"Nặng nhọc, độc hại, nguy hiểm",25,Vệ sinh công nghiệp trong hang hầm nhà máy thủy điện,"Công việc thủ công, nơi làm việc thiếu dưỡng khí, ảnh hưởng của bụi, rung và ồn cao"
645,TT 11/2020/TT-BLĐTBXH,VI,ĐIỆN,Loại IV,"Nặng nhọc, độc hại, nguy hiểm",26,Công nhân vận hành trạm biến thế từ 110 KV trở lên,"Căng thần kinh tâm lý, chịu tác động của điện từ trường cao, ảnh hưởng nhiều đến sức khỏe"
646,TT 11/2020/TT-BLĐTBXH,VI,ĐIỆN,Loại IV,"Nặng nhọc, độc hại, nguy hiểm",27,Công nhân địa chất quan trắc địa hình,"Làm việc ngoài trời, đi bộ nhiều, tiêu hao năng lượng lớn"
647,TT 11/2020/TT-BLĐTBXH,VI,ĐIỆN,Loại IV,"Nặng nhọc, độc hại, nguy hiểm",28,Hiệu chỉnh lò hơi nhà máy nhiệt điện.,"Làm việc cạnh các thiết bị có nhiệt độ cao từ 1600C đến 5400C, chịu tác động của tiếng ồn và bụi."
648,TT 11/2020/TT-BLĐTBXH,VI,ĐIỆN,Loại IV,"Nặng nhọc, độc hại, nguy hiểm",29,Vận hành máy nghiền than trong nhà máy nhiệt điện.,"Chịu tác động của nóng, tiếng ồn và bụi than có nồng độ cao."
649,TT 11/2020/TT-BLĐTBXH,VI,ĐIỆN,Loại IV,"Nặng nhọc, độc hại, nguy hiểm",30,"Vận hành băng tải, xúc và gom than trong nhà máy nhiệt điện.","Công việc thủ công nặng nhọc, chịu tác động của nóng, ồn và bụi than có nồng độ cao."
650,TT 11/2020/TT-BLĐTBXH,VI,ĐIỆN,Loại IV,"Nặng nhọc, độc hại, nguy hiểm",31,Vận hành máy bơm dầu đốt lò nhà máy nhiệt điện (Vận hành nhà dầu).,"Thường xuyên tiếp xúc với dầu mỡ, tiếng ồn và nhiệt độ cao."
651,TT 11/2020/TT-BLĐTBXH,VI,ĐIỆN,Loại IV,"Nặng nhọc, độc hại, nguy hiểm",32,"Vận hành hệ thống thải xỉ nhà máy nhiệt điện (bơm thải xỉ, khử bụi, tống tưới…).","Thường xuyên tiếp xúc với nóng, độ ồn cao và nồng độ bụi vượt tiêu chuẩn cho phép."
652,TT 11/2020/TT-BLĐTBXH,VI,ĐIỆN,Loại IV,"Nặng nhọc, độc hại, nguy hiểm",33,"Kiểm nhiệt (trực chính, trực phụ) trong nhà máy nhiệt điện.","Thường xuyên tiếp xúc với nóng, rung, độ ồn cao và nồng độ bụi vượt tiêu chuẩn cho phép."
653,TT 11/2020/TT-BLĐTBXH,VI,ĐIỆN,Loại IV,"Nặng nhọc, độc hại, nguy hiểm",34,Sửa chữa các thiết bị điện trong nhà máy điện.,"Tư thế lao động gò bó, ảnh hưởng của ồn, rung và bụi."
654,TT 11/2020/TT-BLĐTBXH,VI,ĐIỆN,Loại IV,"Nặng nhọc, độc hại, nguy hiểm",35,Lái quang lật toa than.,"Thường xuyên làm việc ở môi trường nóng, bụi, ồn vượt tiêu chuẩn cho phép."
655,TT 11/2020/TT-BLĐTBXH,VI,ĐIỆN,Loại IV,"Nặng nhọc, độc hại, nguy hiểm",36,Móc nối toa xe than trong nhà máy nhiệt điện.,"Làm việc ngoài trời, chịu tác động của môi trường (nóng, lạnh, gió…), tiếng ồn và nồng độ bụi than cao."
656,TT 11/2020/TT-BLĐTBXH,VI,ĐIỆN,Loại IV,"Nặng nhọc, độc hại, nguy hiểm",37,Công nhân xúc xỉ đuôi lò nhà máy nhiệt điện.,"Công việc nặng nhọc, đơn điệu; thường xuyên tiếp xúc với nóng, bụi."
657,TT 11/2020/TT-BLĐTBXH,VI,ĐIỆN,Loại IV,"Nặng nhọc, độc hại, nguy hiểm",38,Vận hành tua bin khí.,"Chịu tác động của rung, nóng và tiếng ồn vượt tiêu chuẩn cho phép."
658,TT 11/2020/TT-BLĐTBXH,VI,ĐIỆN,Loại IV,"Nặng nhọc, độc hại, nguy hiểm",39,"Hàn và mài cánh hướng nước, cánh tua bin nhà máy thủy điện.","Làm việc trong hầm sâu, thiếu dưỡng khí; tiếp xúc thường xuyên với tiếng ồn, nhiệt độ cao, hơi khí độc và bụi thép."
659,TT 11/2020/TT-BLĐTBXH,VI,ĐIỆN,Loại IV,"Nặng nhọc, độc hại, nguy hiểm",40,"Quản lý, vận hành đường dây từ 110KV đến dưới 500KV.","Thường xuyên lưu động theo đường dây, qua các vùng địa hình, khí hậu phức tạp; tiếp xúc với điện từ trường cao, ảnh hưởng đến sức khỏe."
660,TT 11/2020/TT-BLĐTBXH,VI,ĐIỆN,Loại IV,"Nặng nhọc, độc hại, nguy hiểm",41,Vệ sinh công nghiệp trạm biến áp 500 KVA.,"Công việc đơn điệu; tiếp xúc với bụi bẩn, điện từ trường cao ảnh hưởng đến sức khỏe và nguy hiểm."
661,TT 11/2020/TT-BLĐTBXH,VI,ĐIỆN,Loại IV,"Nặng nhọc, độc hại, nguy hiểm",42,Sản xuất hòm công tơ vật liệu Composit.,"Tiếp xúc với nóng, hóa chất độc nồng độ cao, gây khó thở, mệt mỏi."
662,TT 11/2020/TT-BLĐTBXH,VI,ĐIỆN,Loại IV,"Nặng nhọc, độc hại, nguy hiểm",43,"Sửa chữa, sấy máy biến áp có công suất từ 200 KVA trở lên.","Công việc nặng nhọc, thường xuyên tiếp xúc với dầu mỡ, môi trường có nhiệt độ cao."
663,TT 11/2020/TT-BLĐTBXH,VI,ĐIỆN,Loại IV,"Nặng nhọc, độc hại, nguy hiểm",44,Vận hành máy bện cáp nhôm.,Ảnh hưởng trực tiếp của bụi nhôm và tiếng ồn cao.
664,TT 11/2020/TT-BLĐTBXH,VI,ĐIỆN,Loại IV,"Nặng nhọc, độc hại, nguy hiểm",45,Vận hành máy đúc cột điện bê tông ly tâm.,"Chịu tác động của tiếng ồn, rung và bụi."
665,TT 11/2020/TT-BLĐTBXH,VI,ĐIỆN,Loại IV,"Nặng nhọc, độc hại, nguy hiểm",46,Sản xuất vật liệu cách điện.,"Công việc nặng nhọc; tiếp xúc với nhiệt độ cao và hóa chất độc hại (Phenol, Formalin, Amoniac…) nồng độ cao."
666,TT 11/2020/TT-BLĐTBXH,VI,ĐIỆN,Loại IV,"Nặng nhọc, độc hại, nguy hiểm",47,"Vận hành, sửa chữa cầu trục gian tuabin, máy phát nhà máy nhiệt điện","Làm việc trên cao, căng thẳng thần kinh tâm lý, chịu ảnh hưởng của bụi, ồn cao và rung lớn."
667,TT 11/2020/TT-BLĐTBXH,VI,ĐIỆN,Loại IV,"Nặng nhọc, độc hại, nguy hiểm",48,Vận hành cầu trục kho than nhà máy nhiệt điện.,"Làm việc trên cao, tư thế gò bó, chịu tác động của bụi, rung, ồn cao."
668,TT 11/2020/TT-BLĐTBXH,VI,ĐIỆN,Loại IV,"Nặng nhọc, độc hại, nguy hiểm",49,"Vận hành máy đánh, phá đống kho than nhà máy nhiệt điện.","Làm việc trên cao, thường xuyên phải di chuyển lên xuống, chịu tác động của nóng bụi, ồn cao."
669,TT 11/2020/TT-BLĐTBXH,VI,ĐIỆN,Loại IV,"Nặng nhọc, độc hại, nguy hiểm",50,"Vận hành, sửa chữa thiết bị khử khí lưu huỳnh nhà máy nhiệt điện.","Làm việc ở nhiều độ cao khác nhau (từ 25 mét xuống âm 10 mét), tiếp xúc nguồn phóng xạ kín, chịu tác động bụi, ồn."
670,TT 11/2020/TT-BLĐTBXH,VI,ĐIỆN,Loại IV,"Nặng nhọc, độc hại, nguy hiểm",51,Sửa chữa thiết bị điện lạnh nhà máy nhiệt điện.,"Làm việc trên cao, tư thế gò bó, thường xuyên tiếp xúc môi chất lạnh, chịu tác động bụi, nóng ồn."
671,TT 11/2020/TT-BLĐTBXH,VI,ĐIỆN,Loại IV,"Nặng nhọc, độc hại, nguy hiểm",52,"Vận hành, sửa chữa thiết bị đo lường, điều khiển nhà máy nhiệt điện.","Làm việc ở nhiều độ cao khác nhau (từ 50 mét đến âm 10 mét), căng thẳng thần kinh, tư thế làm việc gò bó, chịu tác động bụi, nóng, ồn, phóng xạ."
672,TT 11/2020/TT-BLĐTBXH,VI,ĐIỆN,Loại IV,"Nặng nhọc, độc hại, nguy hiểm",53,"Vận hành, sửa chữa trạm bơm tuần hoàn nước hồ xỉ nhà máy nhiệt điện than.","Công việc nặng nhọc, chịu tác động ồn, rung, thường xuyên tiếp xúc hơi axit HCl."
673,TT 11/2020/TT-BLĐTBXH,VI,ĐIỆN,Loại IV,"Nặng nhọc, độc hại, nguy hiểm",54,"Nhân viên thí nghiệm, hiệu chỉnh tua bin hơi nhà máy nhiệt điện.","Công việc nguy hiểm, tư thế làm việc gò bó, chịu tác động của ồn, rung lớn."
674,TT 11/2020/TT-BLĐTBXH,VI,ĐIỆN,Loại IV,"Nặng nhọc, độc hại, nguy hiểm",55,"Tổ trưởng tổ thí nghiệm, hiệu chỉnh thiết bị lò hơi, tua bin nhà máy nhiệt điện.","Công việc nguy hiểm, tư thế làm việc gò bó, chịu tác động của ồn, rung lớn."
675,TT 11/2020/TT-BLĐTBXH,VI,ĐIỆN,Loại IV,"Nặng nhọc, độc hại, nguy hiểm",56,"Vận hành, sửa chữa thiết bị điện phân hydro nhà máy nhiệt điện.","Thường xuyên tiếp xúc hơi kiềm (KOH) và khí H2, chịu tác động của ồn cao."
676,TT 11/2020/TT-BLĐTBXH,VI,ĐIỆN,Loại IV,"Nặng nhọc, độc hại, nguy hiểm",57,"Vận hành, sửa chữa thiết bị kênh nước tuần hoàn và thiết bị thải trên hồ xỉ nhà máy nhiệt điện.","Thường xuyên làm việc ngoài trời, đi lại nhiều (trên 15 km/ngày), công việc nặng nhọc, chịu tác động bụi bẩn."
677,TT 11/2020/TT-BLĐTBXH,VI,ĐIỆN,Loại IV,"Nặng nhọc, độc hại, nguy hiểm",58,"Sửa chữa thiết bị thông tin (cáp thông tin, điện thoại, loa, bộ đàm, camera giám sát) trong nhà máy nhiệt điện.","Thường xuyên đi lên xuống (từ âm 10 mét đến 50 mét), tư thế làm việc gò bó, chịu tác động bụi, ồn và điện từ trường."
678,TT 11/2020/TT-BLĐTBXH,VI,ĐIỆN,Loại IV,"Nặng nhọc, độc hại, nguy hiểm",59,Lái xe tải chở xỉ trong nhà máy nhiệt điện.,"Làm việc trong khu vực có thiết bị điện, lối đi chật hẹp, công việc căng thẳng thần kinh, chịu tác động ồn, rung, nóng."
679,TT 11/2020/TT-BLĐTBXH,VI,ĐIỆN,Loại IV,"Nặng nhọc, độc hại, nguy hiểm",60,"Trực tiếp đo, kiểm tra, giao nhận than, dầu tại nhà máy nhiệt điện.","Thường xuyên làm việc ngoài trời; kiểm tra dưới các hang, hầm ẩm ướt, công việc gò bó, chịu tác động nóng, bụi, hơi dầu."
680,TT 11/2020/TT-BLĐTBXH,VI,ĐIỆN,Loại IV,"Nặng nhọc, độc hại, nguy hiểm",61,"Lấy mẫu than, dầu nhà máy nhiệt điện.","Thường xuyên làm việc ngoài trời; kiểm tra dưới các hang, hầm ẩm ướt, công việc gò bó, chịu tác động nóng, bụi, hơi dầu."
681,TT 11/2020/TT-BLĐTBXH,VI,ĐIỆN,Loại IV,"Nặng nhọc, độc hại, nguy hiểm",62,"Vận hành hệ thống, thiết bị tuyển tro xỉ trong nhà máy nhiệt điện.","Thường xuyên làm việc ngoài trời, chịu tác động nóng, bụi."
682,TT 11/2020/TT-BLĐTBXH,VI,ĐIỆN,Loại IV,"Nặng nhọc, độc hại, nguy hiểm",63,Vận hành trạm dỡ tải than nhà máy nhiệt điện.,"Thường xuyên làm việc ngoài trời, làm việc trên sông nước, chịu tác động nóng, bụi."
683,TT 11/2020/TT-BLĐTBXH,VI,ĐIỆN,Loại IV,"Nặng nhọc, độc hại, nguy hiểm",64,Lái xe ô tô cầu tự hành trong nhà máy nhiệt điện.,"Công việc căng thẳng thần kinh, chịu tác động nóng, bụi."
684,TT 11/2020/TT-BLĐTBXH,VI,ĐIỆN,Loại IV,"Nặng nhọc, độc hại, nguy hiểm",65,Quản lý và vận hành trạm biến áp từ 110KV đến dưới 500 KV.,"Công việc nặng nhọc, lưu động, tiếp xúc với điện từ trường cao."
685,TT 11/2020/TT-BLĐTBXH,VI,ĐIỆN,Loại IV,"Nặng nhọc, độc hại, nguy hiểm",66,"Sửa chữa, vệ sinh buồng ngưng và đường ống bơm tuần hoàn làm mát chính các tổ máy tua bin hơi.","Nơi làm việc chật hẹp, thiếu ánh sáng, thiếu dưỡng khí, chịu tác động nóng."
686,TT 11/2020/TT-BLĐTBXH,VI,ĐIỆN,Loại IV,"Nặng nhọc, độc hại, nguy hiểm",67,Thay lọc gió tua bin khí.,"Làm việc trên cao, chịu tác động bụi thủy tinh, ồn."
687,TT 11/2020/TT-BLĐTBXH,VI,ĐIỆN,Loại IV,"Nặng nhọc, độc hại, nguy hiểm",68,"Công nhân làm việc với máy chụp ảnh bức xạ công nghiệp; kiểm tra bằng phương pháp thẩm thấu chất lỏng (PT), kiểm tra bằng bột từ (MT).","Tiếp xúc hóa chất độc hại, chịu tác động tia cực tím, tia bức xạ."
688,TT 11/2020/TT-BLĐTBXH,VI,ĐIỆN,Loại IV,"Nặng nhọc, độc hại, nguy hiểm",69,"Sửa chữa, bảo dưỡng thiết bị trạm từ 110KV đến dưới 500 KV.","Công việc nguy hiểm, chịu tác động của điện từ trường cao."
689,TT 11/2020/TT-BLĐTBXH,VI,ĐIỆN,Loại IV,"Nặng nhọc, độc hại, nguy hiểm",70,"Sửa chữa, bảo dưỡng tua bin khí, tua bin hơi, lò thu hồi nhiệt và máy phát nhà máy nhiệt điện.","Công việc căng thẳng đòi hỏi độ chính xác cao, chịu tác động nóng, bụi, ồn."
690,TT 11/2020/TT-BLĐTBXH,VI,ĐIỆN,Loại IV,"Nặng nhọc, độc hại, nguy hiểm",71,"Phun, phủ kim loại tua bin nhà máy nhiệt điện.","Tiếp xúc với bụi silic, hóa chất độc hại, chịu tác động tia bức xạ."
691,TT 11/2020/TT-BLĐTBXH,VI,ĐIỆN,Loại IV,"Nặng nhọc, độc hại, nguy hiểm",72,"Quản lý, vận hành lưới điện trung, hạ thế.","Làm việc trên cao, ngoài trời, tiếp xúc trực tiếp với nguồn điện."
692,TT 11/2020/TT-BLĐTBXH,VI,ĐIỆN,Loại IV,"Nặng nhọc, độc hại, nguy hiểm",73,"Vận hành, bảo trì trạm phát điện sử dụng dầu (trạm diesel).","Công việc thường xuyên tiếp xúc dầu mỡ, chịu tác động tiếng ồn."
693,TT 11/2020/TT-BLĐTBXH,VI,ĐIỆN,Loại IV,"Nặng nhọc, độc hại, nguy hiểm",74,"Vận hành, bảo trì trạm biến thế trung thế.","Căng thẳng thần kinh, tiếp xúc với từ trường cao."
694,TT 11/2020/TT-BLĐTBXH,VI,ĐIỆN,Loại IV,"Nặng nhọc, độc hại, nguy hiểm",75,"Kiểm tra, kiểm định, hiệu chỉnh thiết bị đo đếm điện năng","Tiếp xúc trực tiếp chì, điện từ trường cao."
695,TT 11/2020/TT-BLĐTBXH,VI,ĐIỆN,Loại IV,"Nặng nhọc, độc hại, nguy hiểm",76,"Treo, tháo, giám sát, bảo trì thiết bị đo đếm điện năng","Làm việc trên cao, ngoài trời, tiếp xúc trực tiếp với nguồn điện"
696,TT 11/2020/TT-BLĐTBXH,VI,ĐIỆN,Loại IV,"Nặng nhọc, độc hại, nguy hiểm",77,Lái xe cẩu sửa chữa điện,"Làm việc ngoài trời, chịu tác động của nóng, bụi, ồn, căng thằng thần kinh tâm lý"
697,TT 11/2020/TT-BLĐTBXH,VI,ĐIỆN,Loại IV,"Nặng nhọc, độc hại, nguy hiểm",78,Thí nghiệm hóa dầu máy biến áp,"Thường xuyên tiếp xúc với dầu mỡ, các hóa chất độc, ồn và bụi"
698,TT 11/2020/TT-BLĐTBXH,VI,ĐIỆN,Loại IV,"Nặng nhọc, độc hại, nguy hiểm",79,Vận hành nhà máy điện mặt trời,"Thường xuyên kiểm tra, thao tác xử lý sự cố tại nơi nguy hiểm có điện áp cao hoặc trên mặt hồ, mái nhà tại trạm phân phố ngoài trời"
699,TT 11/2020/TT-BLĐTBXH,VI,ĐIỆN,Loại IV,"Nặng nhọc, độc hại, nguy hiểm",80,"Khảo sát, thi công lắp đặt và sửa chữa hệ thống năng lượng mặt trời","Công việc nguy hiểm, thường xuyên làm việc trên cao, căng thẳng thần kinh tâm lý"
700,TT 11/2020/TT-BLĐTBXH,VI,ĐIỆN,Loại IV,"Nặng nhọc, độc hại, nguy hiểm",81,"Trực ca vận hành, điều hành và xử lý sự cố hệ thống viễn thông điện lực","Công việc căng thẳng thần kinh tâm lý, chịu tác động của tiếng ồn và từ trường"
701,TT 11/2020/TT-BLĐTBXH,VI,ĐIỆN,Loại IV,"Nặng nhọc, độc hại, nguy hiểm",82,Điện thoại viên các trung tâm chăm sóc khách hàng điện lực,Công việc căng thẳng thần kinh tâm lý
702,TT 11/2020/TT-BLĐTBXH,VI,ĐIỆN,Loại IV,"Nặng nhọc, độc hại, nguy hiểm",83,"Xây lắp, sửa chữa cột, đường dây và thiết bị trạm biến áp có cấp điện áp dưới 110 KV","Làm việc trên cao, công việc nặng nhọc, tư thế gò bó, đòi hỏi thể lực, thường xuyên làm việc ngoài trời trong môi trường nắng nóng, nguy hiểm"
703,TT 11/2020/TT-BLĐTBXH,VI,ĐIỆN,Loại IV,"Nặng nhọc, độc hại, nguy hiểm",84,Trực ca vận hành và xử lý sự cố hệ thống công nghệ thông tin điện lực,"Thường xuyên phải làm việc trong phòng trực, phòng máy, di chuyển địa bàn các tỉnh để ứng cứu sự cố, các hệ thống ngoài trời hoặc trong khoảng không gian hạn chế."
704,TT 11/2020/TT-BLĐTBXH,VI,ĐIỆN,Loại IV,"Nặng nhọc, độc hại, nguy hiểm",84,Xây dựng và phát triển phần mềm dùng chung trong Tập đoàn Điện lực Quốc gia Việt Nam,"Thường xuyên làm việc với máy vi tính trong suốt ca làm việc, tiếp nhận thông tin từ khách hàng qua điện thoại và tư vấn, trả lời, hướng dẫn."
705,TT 11/2020/TT-BLĐTBXH,VI,ĐIỆN,Loại IV,"Nặng nhọc, độc hại, nguy hiểm",85,"Vận hành, sửa chữa, bảo dưỡng mạng cáp quang điện lực","Làm việc tiếp xúc với điện và điện từ trường, tư thế gò bó"
706,TT 11/2020/TT-BLĐTBXH,VI,ĐIỆN,Loại IV,"Nặng nhọc, độc hại, nguy hiểm",86,"Vận hành hóa trong các nhà máy nhiệt điện (xử lý nước, xử lý nước lò, xử lý nước thải)","Làm việc trong phòng thí nghiệm, trong nhà xưởng và ngoài trời, làm việc trên cao. Trong khi làm việc tiếp xúc với các hóa chất, như keo tụ, kiềm, axít và tiếng ồn cao."
707,TT 11/2020/TT-BLĐTBXH,VII,"THÔNG TIN LIÊN LẠC, BƯU CHÍNH VIỄN THÔNG",Loại VI,"Đặc biệt nặng nhọc, độc hại, nguy hiểm",1,"Xây lắp, sửa chữa, bảo dưỡng cột cao ăng ten (từ 50m trở lên)","Công việc nặng nhọc, khi làm việc trên cao rất nguy hiểm và khi sửa chữa, bảo dưỡng chịu tác động của điện từ trường cao tần và siêu cao tần."
708,TT 11/2020/TT-BLĐTBXH,VII,"THÔNG TIN LIÊN LẠC, BƯU CHÍNH VIỄN THÔNG",Loại VI,"Đặc biệt nặng nhọc, độc hại, nguy hiểm",2,"Lắp đặt, sửa chữa, bảo dưỡng các thiết bị thông tin trên cột cao ăng ten (từ 50 m trở lên).","Công việc nặng nhọc; thường xuyên phải làm việc trên cao rất nguy hiểm; tư thế làm việc gò bó và khi sửa chữa, bảo dưỡng chịu tác động của điện từ trường cao tần và siêu cao tần."
709,TT 11/2020/TT-BLĐTBXH,VII,"THÔNG TIN LIÊN LẠC, BƯU CHÍNH VIỄN THÔNG",Loại V,"Đặc biệt nặng nhọc, độc hại, nguy hiểm",1,"Vận hành, bảo dưỡng, sửa chữa thiết bị thông tin vệ tinh (đài hoa sen)",Thường xuyên tiếp xúc với điện từ trường siêu cao tần vượt tiêu chuẩn cho phép
710,TT 11/2020/TT-BLĐTBXH,VII,"THÔNG TIN LIÊN LẠC, BƯU CHÍNH VIỄN THÔNG",Loại V,"Đặc biệt nặng nhọc, độc hại, nguy hiểm",2,"Xây lắp, bảo dưỡng, sửa chữa cáp ngầm","Công việc thủ công, nặng nhọc, vị trí làm việc chật hẹp, thiếu dưỡng khí; khi sửa chữa, bảo dưỡng bẩn thỉu, hôi thối."
711,TT 11/2020/TT-BLĐTBXH,VII,"THÔNG TIN LIÊN LẠC, BƯU CHÍNH VIỄN THÔNG",Loại V,"Đặc biệt nặng nhọc, độc hại, nguy hiểm",3,Giao thông viên vùng cao,"Công việc vất vả, nặng nhọc, phải đi lại nhiều qua các vùng núi cao, nhiều dốc không kể mưa nắng."
712,TT 11/2020/TT-BLĐTBXH,VII,"THÔNG TIN LIÊN LẠC, BƯU CHÍNH VIỄN THÔNG",Loại V,"Đặc biệt nặng nhọc, độc hại, nguy hiểm",4,"Vận hành, bảo dưỡng, sửa chữa thiết bị vi ba ở các trạm trên núi cao, rừng sâu","Giải quyết nhiều công việc phức tạp, không có khả năng ứng cứu, ảnh hưởng của điện từ trường"
713,TT 11/2020/TT-BLĐTBXH,VII,"THÔNG TIN LIÊN LẠC, BƯU CHÍNH VIỄN THÔNG",Loại IV,"Nặng nhọc, độc hại, nguy hiểm",1,"Vận hành, bảo dưỡng, sửa chữa thiết bị vi ba ở các trạm trên núi",Thường xuyên chịu tác động của điện từ trường và giải quyết nhiều công việc phức tạp
714,TT 11/2020/TT-BLĐTBXH,VII,"THÔNG TIN LIÊN LẠC, BƯU CHÍNH VIỄN THÔNG",Loại IV,"Nặng nhọc, độc hại, nguy hiểm",2,"Giao thông viên trung du, miền núi và đồng bằng (đường thư dài từ 45km trở lên)","Đi bộ và đạp xe, chịu tác động của mưa, nắng, gió, công việc nặng nhọc."
715,TT 11/2020/TT-BLĐTBXH,VII,"THÔNG TIN LIÊN LẠC, BƯU CHÍNH VIỄN THÔNG",Loại IV,"Nặng nhọc, độc hại, nguy hiểm",3,"Vận hành, bảo dưỡng, sửa chữa máy thu, phát công suất từ 1KW trở lên",Thường xuyên chịu tác động của điện từ trường vượt tiêu chuẩn cho phép nhiều lần
716,TT 11/2020/TT-BLĐTBXH,VII,"THÔNG TIN LIÊN LẠC, BƯU CHÍNH VIỄN THÔNG",Loại IV,"Nặng nhọc, độc hại, nguy hiểm",4,"Vận hành, bảo dưỡng, sửa chữa thiết bị thông tin vệ tinh (đài intelsat)",Thường xuyên làm việc trong môi trường có điện từ trường vượt tiêu chuẩn cho phép nhiều lần
717,TT 11/2020/TT-BLĐTBXH,VII,"THÔNG TIN LIÊN LẠC, BƯU CHÍNH VIỄN THÔNG",Loại IV,"Nặng nhọc, độc hại, nguy hiểm",5,"Khai thác, phát hành báo chí tại Trung tâm (Hà Nội, TP Hồ Chí Minh)","Chuyên làm về đêm, công việc nặng nhọc, tiếp xúc bụi và ồn rất cao"
718,TT 11/2020/TT-BLĐTBXH,VII,"THÔNG TIN LIÊN LẠC, BƯU CHÍNH VIỄN THÔNG",Loại IV,"Nặng nhọc, độc hại, nguy hiểm",6,"Khai thác, phát hành bưu chính","Công việc thủ công, nặng nhọc, ảnh hưởng của bụi"
719,TT 11/2020/TT-BLĐTBXH,VII,"THÔNG TIN LIÊN LẠC, BƯU CHÍNH VIỄN THÔNG",Loại IV,"Nặng nhọc, độc hại, nguy hiểm",7,"Bảo quản cấp phát tem chơi, tem lưu trữ (sử dụng asen để bảo quản)",Thường xuyên tiếp xúc với hóa chất độc mạnh như asen và CO2
720,TT 11/2020/TT-BLĐTBXH,VII,"THÔNG TIN LIÊN LẠC, BƯU CHÍNH VIỄN THÔNG",Loại IV,"Nặng nhọc, độc hại, nguy hiểm",13,Đục tem bằng máy HKA 5/68 (sản xuất tại Đức),"Tư thế làm việc gò bó, chịu tác động của tiếng ồn cao vượt tiêu chuẩn cho phép nhiều lần"
721,TT 11/2020/TT-BLĐTBXH,VII,"THÔNG TIN LIÊN LẠC, BƯU CHÍNH VIỄN THÔNG",Loại IV,"Nặng nhọc, độc hại, nguy hiểm",8,"Khai thác điện thoại (điện thoại viên cấp I, cấp II)","Thường xuyên tiếp xúc với màn hình, căng thẳng thần kinh, tâm lý"
722,TT 11/2020/TT-BLĐTBXH,VII,"THÔNG TIN LIÊN LẠC, BƯU CHÍNH VIỄN THÔNG",Loại IV,"Nặng nhọc, độc hại, nguy hiểm",9,"Khai thác phi thoại (điện thoại viên cấp I, cấp II)","Thường xuyên tiếp xúc với màn hình, căng thẳng thần kinh, tâm lý"
723,TT 11/2020/TT-BLĐTBXH,VII,"THÔNG TIN LIÊN LẠC, BƯU CHÍNH VIỄN THÔNG",Loại IV,"Nặng nhọc, độc hại, nguy hiểm",10,"Điện toán (truyền dẫn số liệu, quản lý danh bạ điện thoại, xử lý phần mềm và lập trình)","Thường xuyên tiếp xúc với màn hình, căng thẳng thần kinh, tâm lý"
724,TT 11/2020/TT-BLĐTBXH,VII,"THÔNG TIN LIÊN LẠC, BƯU CHÍNH VIỄN THÔNG",Loại IV,"Nặng nhọc, độc hại, nguy hiểm",11,Sản xuất ống cáp nhựa thông tin.,"Thường xuyên tiếp xúc với nóng, hơi, khí và bụi độc."
725,TT 11/2020/TT-BLĐTBXH,VII,"THÔNG TIN LIÊN LẠC, BƯU CHÍNH VIỄN THÔNG",Loại IV,"Nặng nhọc, độc hại, nguy hiểm",12,"Chặt, uốn, hàn sắt làm cốt bê tông, cấu kiện thông tin.","Công việc nặng nhọc, thường xuyên tiếp xúc với ồn, bụi, ảnh hưởng của khí hàn, tia hồ quang."
726,TT 11/2020/TT-BLĐTBXH,VII,"THÔNG TIN LIÊN LẠC, BƯU CHÍNH VIỄN THÔNG",Loại IV,"Nặng nhọc, độc hại, nguy hiểm",13,"Trộn, đổ bê tông sản xuất cấu kiện bê tông đúc sẵn các cấu kiện thông tin bằng phương pháp bán thủ công.","Làm việc ngoài trời, công việc thủ công, rất nặng nhọc, tiếp xúc với ồn, bụi, thường xuyên lưu động theo các công trình."
727,TT 11/2020/TT-BLĐTBXH,VII,"THÔNG TIN LIÊN LẠC, BƯU CHÍNH VIỄN THÔNG",Loại IV,"Nặng nhọc, độc hại, nguy hiểm",14,"Lắp đặt, bảo dưỡng, sửa chữa thiết bị truyền dẫn trên tuyến và mạng điện thoại nội hạt","Làm việc ngoài trời, công việc nặng nhọc, nguy hiểm, tư thế lao động gò bó."
728,TT 11/2020/TT-BLĐTBXH,VII,"THÔNG TIN LIÊN LẠC, BƯU CHÍNH VIỄN THÔNG",Loại IV,"Nặng nhọc, độc hại, nguy hiểm",15,Trực tiếp chỉ đạo xây dựng cột cao ăngten.,"Thường xuyên làm việc ngoài trời, chịu tác động của mưa, nắng, bụi, căng thẳng thần kinh tâm lý."
729,TT 11/2020/TT-BLĐTBXH,VII,"THÔNG TIN LIÊN LẠC, BƯU CHÍNH VIỄN THÔNG",Loại IV,"Nặng nhọc, độc hại, nguy hiểm",16,"Sửa chữa thiết bị đầu cuối thuê bao (điện thoại, Fax, máy nhắn tin…)","Nơi làm việc chật hẹp, tư thế lao động gò bó, thường xuyên tiếp xúc với hóa chất."
730,TT 11/2020/TT-BLĐTBXH,VII,"THÔNG TIN LIÊN LẠC, BƯU CHÍNH VIỄN THÔNG",Loại IV,"Nặng nhọc, độc hại, nguy hiểm",17,Tuần tra bảo vệ các tuyến cáp quang,"Làm việc ngoài trời, thường xuyên phải đi tuần tra không kể ngày đêm, mưa, nắng."
731,TT 11/2020/TT-BLĐTBXH,VII,"THÔNG TIN LIÊN LẠC, BƯU CHÍNH VIỄN THÔNG",Loại IV,"Nặng nhọc, độc hại, nguy hiểm",18,"Lắp đặt, sửa chữa, bảo dưỡng các tuyến cáp quang","Công việc nặng nhọc, tư thế lao động gò bó, thường xuyên làm việc ngoài trời không kể ngày đêm, mưa, nắng."
732,TT 11/2020/TT-BLĐTBXH,VII,"THÔNG TIN LIÊN LẠC, BƯU CHÍNH VIỄN THÔNG",Loại IV,"Nặng nhọc, độc hại, nguy hiểm",19,"Chuyên khảo sát, đo đạc và lắp đặt các công trình thông tin","Công việc nặng nhọc, tư thế lao động gò bó, chịu tác động của điện từ trường."
733,TT 11/2020/TT-BLĐTBXH,VII,"THÔNG TIN LIÊN LẠC, BƯU CHÍNH VIỄN THÔNG",Loại IV,"Nặng nhọc, độc hại, nguy hiểm",20,"Vận hành khai thác, sửa chữa, bảo dưỡng các tổng đài cửa quốc tế, tổng đài có dung lượng từ 10.000 số trở lên, các đài, trạm thông tin vệ tinh mặt đất, các trung tâm công nghệ, kỹ thuật cao và cáp biển","Công việc đơn điệu, thường xuyên chịu tác động của điện từ trường."
734,TT 11/2020/TT-BLĐTBXH,VII,"THÔNG TIN LIÊN LẠC, BƯU CHÍNH VIỄN THÔNG",Loại IV,"Nặng nhọc, độc hại, nguy hiểm",21,"Hộ tống viên kiêm lái xe ô tô bưu chính có trọng tải từ 3,5 tấn trở lên hoặc trên các tuyến đường thư thuộc mạng cấp II ở các tỉnh miền núi","Công việc nặng nhọc, nguy hiểm, thường xuyên chịu tác động của rung và xóc."
735,TT 11/2020/TT-BLĐTBXH,VII,"THÔNG TIN LIÊN LẠC, BƯU CHÍNH VIỄN THÔNG",Loại IV,"Nặng nhọc, độc hại, nguy hiểm",22,Hộ tống bưu chính trên phương tiện tàu hỏa tuyến Bắc - Nam,"Công việc nặng nhọc, chịu tác động của bụi, rung, xóc."
736,TT 11/2020/TT-BLĐTBXH,VII,"THÔNG TIN LIÊN LẠC, BƯU CHÍNH VIỄN THÔNG",Loại IV,"Nặng nhọc, độc hại, nguy hiểm",23,"Lắp đặt, vận hành, sửa chữa, bảo dưỡng thiết bị thông tin tại các trạm thông tin bố trí dọc theo tuyến đường dây 500 KV.","Thường xuyên lưu động trên các địa hình đồi núi, tiếp xúc với vi khí hậu, điện từ trường vượt tiêu chuẩn cho phép."
737,TT 11/2020/TT-BLĐTBXH,VII,"THÔNG TIN LIÊN LẠC, BƯU CHÍNH VIỄN THÔNG",Loại IV,"Nặng nhọc, độc hại, nguy hiểm",24,"Kiểm soát, thu đo tần số, máy phát vô tuyến điện.","Thường xuyên lưu động, làm việc ngoài trời, trên cao, tư thế lao động gò bó; căng thẳng thần kinh."
738,TT 11/2020/TT-BLĐTBXH,VII,"THÔNG TIN LIÊN LẠC, BƯU CHÍNH VIỄN THÔNG",Loại IV,"Nặng nhọc, độc hại, nguy hiểm",25,"Vận hành, sửa chữa, bảo dưỡng thiết bị cáp quang và máy hàn nối cáp quang.","Thường xuyên lưu động, làm việc ngoài trời, tiếp xúc với tia laze."
739,TT 11/2020/TT-BLĐTBXH,VII,"THÔNG TIN LIÊN LẠC, BƯU CHÍNH VIỄN THÔNG",Loại IV,"Nặng nhọc, độc hại, nguy hiểm",26,"Vận hành, sửa chữa, bảo dưỡng thiết bị VSAT, thiết bị thuê kênh riêng.","Làm việc nơi núi cao, hải đảo…, tiếp xúc với vi khí hậu xấu, điện từ trường."
740,TT 11/2020/TT-BLĐTBXH,VII,"THÔNG TIN LIÊN LẠC, BƯU CHÍNH VIỄN THÔNG",Loại IV,"Nặng nhọc, độc hại, nguy hiểm",27,Nhập và đối soát số liệu chuyển tiền bằng máy vi tính.,"Công việc đơn điệu, cường độ lao động cao, căng thẳng thị lực, tâm lý."
741,TT 11/2020/TT-BLĐTBXH,VII,"THÔNG TIN LIÊN LẠC, BƯU CHÍNH VIỄN THÔNG",Loại IV,"Nặng nhọc, độc hại, nguy hiểm",28,Vận chuyển bưu điện (bưu tá) tại thành phố Hà Nội và thành phố Hồ Chí Minh.,"Làm việc ngoài trời, thường xuyên đi lại trên đường có mật độ giao thông cao, nguy hiểm; chịu ảnh hưởng của vi khí hậu, tiếng ồn và bụi."
742,TT 11/2020/TT-BLĐTBXH,VII,"THÔNG TIN LIÊN LẠC, BƯU CHÍNH VIỄN THÔNG",Loại IV,"Nặng nhọc, độc hại, nguy hiểm",29,"Pha chế a xít, phóng nạp ắc quy.","Thường xuyên tiếp xúc với hơi, bụi chì; a-xít (H2SO4) nồng độ cao."
743,TT 11/2020/TT-BLĐTBXH,VII,"THÔNG TIN LIÊN LẠC, BƯU CHÍNH VIỄN THÔNG",Loại IV,"Nặng nhọc, độc hại, nguy hiểm",30,Công nhân vận hành thiết bị Datapost,"Tiếp xúc với ồn, hơi khí độc, căng thẳng thần kinh, tâm lý"
744,TT 11/2020/TT-BLĐTBXH,VII,"THÔNG TIN LIÊN LẠC, BƯU CHÍNH VIỄN THÔNG",Loại IV,"Nặng nhọc, độc hại, nguy hiểm",31,Nhân viên thu gom,"Tiếp xúc tiếng ồn, bụi, công việc nặng nhọc"
745,TT 11/2020/TT-BLĐTBXH,VII,"THÔNG TIN LIÊN LẠC, BƯU CHÍNH VIỄN THÔNG",Loại IV,"Nặng nhọc, độc hại, nguy hiểm",32,Bưu tá,"Làm việc ngoài trời, thường xuyên đi lại trên đường có mật độ giao thông cao, nguy hiểm; chịu ảnh hưởng của vi khí hậu, tiếng ồn và bụi"
746,TT 11/2020/TT-BLĐTBXH,VII,"THÔNG TIN LIÊN LẠC, BƯU CHÍNH VIỄN THÔNG",Loại IV,"Nặng nhọc, độc hại, nguy hiểm",33,Lái xe bưu chính,"Công việc nặng nhọc, nguy hiểm, thường xuyên chịu tác động của rung và xóc."
747,TT 11/2020/TT-BLĐTBXH,VIII,SẢN XUẤT XI MĂNG,Loại VI,"Đặc biệt nặng nhọc, độc hại, nguy hiểm",1,Đóng bao xi măng bằng 4 vòi bán tự động,"Công việc rất nặng nhọc, nóng, tư thế làm việc rất gò bó, chịu tác động của ồn, bụi vượt tiêu chuẩn cho phép rất nhiều lần"
748,TT 11/2020/TT-BLĐTBXH,VIII,SẢN XUẤT XI MĂNG,Loại V,"Đặc biệt nặng nhọc, độc hại, nguy hiểm",1,Đóng bao xi măng bằng máy quay tròn tự động,"Công việc nặng nhọc, thường xuyên tiếp xúc với nóng và bụi vượt tiêu chuẩn cho phép rất nhiều lần"
749,TT 11/2020/TT-BLĐTBXH,VIII,SẢN XUẤT XI MĂNG,Loại V,"Đặc biệt nặng nhọc, độc hại, nguy hiểm",2,"Vận hành máy đập hàm, máy đập búa",Tiếp xúc với tiếng ồn cao và bụi vượt tiêu chuẩn cho phép rất nhiều lần
750,TT 11/2020/TT-BLĐTBXH,VIII,SẢN XUẤT XI MĂNG,Loại V,"Đặc biệt nặng nhọc, độc hại, nguy hiểm",3,Xúc clinker gầm lò nung,"Công việc thủ công, rất nặng nhọc, nơi làm việc rất nóng, ồn, nồng độ bụi rất cao"
751,TT 11/2020/TT-BLĐTBXH,VIII,SẢN XUẤT XI MĂNG,Loại V,"Đặc biệt nặng nhọc, độc hại, nguy hiểm",4,Quay van nóc lò,"Làm việc trên sàn cao, rất nóng, bụi vượt tiêu chuẩn cho phép nhiều lần."
752,TT 11/2020/TT-BLĐTBXH,VIII,SẢN XUẤT XI MĂNG,Loại V,"Đặc biệt nặng nhọc, độc hại, nguy hiểm",5,Vận hành lò nung luyện clinker (lò đứng),"Công việc thủ công, nặng nhọc, chịu tác động của nóng, bụi và hơi khí độc."
753,TT 11/2020/TT-BLĐTBXH,VIII,SẢN XUẤT XI MĂNG,Loại V,"Đặc biệt nặng nhọc, độc hại, nguy hiểm",6,Đóng bao xi măng thủ công,"Công việc nặng nhọc, thường xuyên tiếp xúc với nóng, bụi nồng độ rất cao."
754,TT 11/2020/TT-BLĐTBXH,VIII,SẢN XUẤT XI MĂNG,Loại V,"Đặc biệt nặng nhọc, độc hại, nguy hiểm",7,"Cào, rửa gầm máy nghiền bùn.","Công việc thủ công, nặng nhọc, chịu tác động của tiếng ồn, thường xuyên ngâm mình dưới nước bẩn."
755,TT 11/2020/TT-BLĐTBXH,VIII,SẢN XUẤT XI MĂNG,Loại V,"Đặc biệt nặng nhọc, độc hại, nguy hiểm",8,"Pha, bổ đá hộc","Làm việc ngoài trời, công việc thủ công, rất nặng nhọc."
756,TT 11/2020/TT-BLĐTBXH,VIII,SẢN XUẤT XI MĂNG,Loại IV,"Nặng nhọc, độc hại, nguy hiểm",1,"Vận hành cầu trục, cầu rải kho nguyên liệu",Tiếp xúc thường xuyên với ồn và bụi vượt tiêu chuẩn cho phép rất nhiều lần
757,TT 11/2020/TT-BLĐTBXH,VIII,SẢN XUẤT XI MĂNG,Loại IV,"Nặng nhọc, độc hại, nguy hiểm",2,Vận hành băng cân định lượng clinker,"Đi lại nhiều, ảnh hưởng của ồn, nồng độ bụi rất cao"
758,TT 11/2020/TT-BLĐTBXH,VIII,SẢN XUẤT XI MĂNG,Loại IV,"Nặng nhọc, độc hại, nguy hiểm",3,"Vận hành thiết bị lọc bụi điện lọc bụi tay áo, vít tải bụi","Làm việc trên sàn cao, đi lại nhiều, ảnh hưởng của ồn, nồng độ bụi rất cao"
759,TT 11/2020/TT-BLĐTBXH,VIII,SẢN XUẤT XI MĂNG,Loại IV,"Nặng nhọc, độc hại, nguy hiểm",4,Pha khoáng máy nghiền bùn,"Công việc nặng nhọc, ảnh hưởng của bụi và ồn rất cao"
760,TT 11/2020/TT-BLĐTBXH,VIII,SẢN XUẤT XI MĂNG,Loại IV,"Nặng nhọc, độc hại, nguy hiểm",5,Bôi trơn lò nung clinker,"Đi lại nhiều, ảnh hưởng của ồn, nồng độ bụi rất cao"
761,TT 11/2020/TT-BLĐTBXH,VIII,SẢN XUẤT XI MĂNG,Loại IV,"Nặng nhọc, độc hại, nguy hiểm",6,Vận hành lò nung clinker tự động (có phòng điều khiển trung tâm),"Phải đi lại nhiều, ảnh hưởng của nhiệt độ cao và bụi"
762,TT 11/2020/TT-BLĐTBXH,VIII,SẢN XUẤT XI MĂNG,Loại IV,"Nặng nhọc, độc hại, nguy hiểm",7,Vận hành van cửa tháo,"Nơi làm việc chật hẹp, nóng và bụi rất cao, tư thế gò bó"
763,TT 11/2020/TT-BLĐTBXH,VIII,SẢN XUẤT XI MĂNG,Loại IV,"Nặng nhọc, độc hại, nguy hiểm",8,Đập clinker thủ công,"Công việc nặng nhọc, đi lại nhiều, ảnh hưởng của ồn và bụi."
764,TT 11/2020/TT-BLĐTBXH,VIII,SẢN XUẤT XI MĂNG,Loại IV,"Nặng nhọc, độc hại, nguy hiểm",9,"Vận hành băng tải xỉ, bunker xỉ, đất, đá","Đi lại nhiều, ảnh hưởng của ồn, nồng độ bụi rất cao"
765,TT 11/2020/TT-BLĐTBXH,VIII,SẢN XUẤT XI MĂNG,Loại IV,"Nặng nhọc, độc hại, nguy hiểm",10,"Ra, vào bi đạn","Công việc nặng nhọc, bụi và ồn rất cao"
766,TT 11/2020/TT-BLĐTBXH,VIII,SẢN XUẤT XI MĂNG,Loại IV,"Nặng nhọc, độc hại, nguy hiểm",11,Vận hành và chấm đầu máy nghiền bùn,"Nơi làm việc bẩn, ẩm ướt, đi lại nhiều, chịu tác động của ồn cao"
767,TT 11/2020/TT-BLĐTBXH,VIII,SẢN XUẤT XI MĂNG,Loại IV,"Nặng nhọc, độc hại, nguy hiểm",12,Vận hành buồng đốt,"Tiếp xúc với nóng, ồn cao và bụi vượt tiêu chuẩn cho phép nhiều lần"
768,TT 11/2020/TT-BLĐTBXH,VIII,SẢN XUẤT XI MĂNG,Loại IV,"Nặng nhọc, độc hại, nguy hiểm",13,Bơm buồng,"Tiếp xúc với nóng, ồn cao và bụi vượt tiêu chuẩn cho phép nhiều lần"
769,TT 11/2020/TT-BLĐTBXH,VIII,SẢN XUẤT XI MĂNG,Loại IV,"Nặng nhọc, độc hại, nguy hiểm",14,Vận hành máy nghiền nguyên liệu sản xuất xi măng,"Ảnh hưởng của nóng, bụi và ồn rất cao"
770,TT 11/2020/TT-BLĐTBXH,VIII,SẢN XUẤT XI MĂNG,Loại IV,"Nặng nhọc, độc hại, nguy hiểm",15,Vận hành băng tải xích vận chuyển clinker,"Đi lại nhiều, tiếp xúc với ồn cao và nồng độ bụi rất cao"
771,TT 11/2020/TT-BLĐTBXH,VIII,SẢN XUẤT XI MĂNG,Loại IV,"Nặng nhọc, độc hại, nguy hiểm",16,Vận hành gầu nâng,"Đi lại nhiều, tiếp xúc với ồn cao và nồng độ bụi rất cao"
772,TT 11/2020/TT-BLĐTBXH,VIII,SẢN XUẤT XI MĂNG,Loại IV,"Nặng nhọc, độc hại, nguy hiểm",17,Vận hành băng tải cao su vận chuyển clinker,Tiếp xúc với ồn cao và bụi vượt tiêu chuẩn cho phép rất nhiều lần
773,TT 11/2020/TT-BLĐTBXH,VIII,SẢN XUẤT XI MĂNG,Loại IV,"Nặng nhọc, độc hại, nguy hiểm",18,Vận hành bơm fule,Tiếp xúc với ồn cao và bụi vượt tiêu chuẩn cho phép nhiều lần
774,TT 11/2020/TT-BLĐTBXH,VIII,SẢN XUẤT XI MĂNG,Loại IV,"Nặng nhọc, độc hại, nguy hiểm",19,Đốt lửa máy sấy nhà than,"Công việc nặng nhọc, chịu tác động của nóng, bụi và CO2"
775,TT 11/2020/TT-BLĐTBXH,VIII,SẢN XUẤT XI MĂNG,Loại IV,"Nặng nhọc, độc hại, nguy hiểm",20,Vệ sinh công nghiệp đầu lò nung.,"Công việc thủ công, nặng nhọc, chịu ảnh hưởng của nóng, bụi nhiều."
776,TT 11/2020/TT-BLĐTBXH,VIII,SẢN XUẤT XI MĂNG,Loại IV,"Nặng nhọc, độc hại, nguy hiểm",21,Vận chuyển xi măng bằng xe cầy.,"Lao động thủ công, nặng nhọc, nóng, bụi."
777,TT 11/2020/TT-BLĐTBXH,VIII,SẢN XUẤT XI MĂNG,Loại IV,"Nặng nhọc, độc hại, nguy hiểm",22,"Bốc dỡ xỉ than, thạch cao.","Công việc thủ công, nặng nhọc, làm việc ngoài trời, bụi than vượt tiêu chuẩn cho phép nhiều lần."
778,TT 11/2020/TT-BLĐTBXH,VIII,SẢN XUẤT XI MĂNG,Loại IV,"Nặng nhọc, độc hại, nguy hiểm",23,"Gia công nguyên liệu sản xuất xi măng lò đứng (đập, xay, nghiền đá bán thủ công).","Công việc thủ công, nặng nhọc, làm việc ngoài trời, bụi vượt tiêu chuẩn cho phép nhiều lần."
779,TT 11/2020/TT-BLĐTBXH,VIII,SẢN XUẤT XI MĂNG,Loại IV,"Nặng nhọc, độc hại, nguy hiểm",24,Sửa chữa các thiết bị sản xuất xi măng trong các phân xưởng sản xuất chính.,"Công việc nặng nhọc, tư thế làm việc gò bó ồn, nóng, bụi nhiều."
780,TT 11/2020/TT-BLĐTBXH,VIII,SẢN XUẤT XI MĂNG,Loại IV,"Nặng nhọc, độc hại, nguy hiểm",25,Vệ sinh công nghiệp trong các phân xưởng sản xuất chính.,"Công việc thủ công, nặng nhọc, tư thế làm việc gò bó, ồn, bụi nhiều."
781,TT 11/2020/TT-BLĐTBXH,VIII,SẢN XUẤT XI MĂNG,Loại IV,"Nặng nhọc, độc hại, nguy hiểm",26,Vê viên clinker trong sản xuất xi măng lò đứng.,"Công việc thủ công nặng nhọc, môi trường làm việc nóng, bụi."
782,TT 11/2020/TT-BLĐTBXH,VIII,SẢN XUẤT XI MĂNG,Loại IV,"Nặng nhọc, độc hại, nguy hiểm",27,Vận hành lò quay nung clinker.,"Làm việc trong điều kiện nóng, bụi, ồn."
783,TT 11/2020/TT-BLĐTBXH,VIII,SẢN XUẤT XI MĂNG,Loại IV,"Nặng nhọc, độc hại, nguy hiểm",28,Vận hành máy xúc clinker trong kho.,"Công việc nặng nhọc, chịu tác động của ồn và bụi nhiều."
784,TT 11/2020/TT-BLĐTBXH,VIII,SẢN XUẤT XI MĂNG,Loại IV,"Nặng nhọc, độc hại, nguy hiểm",29,Vận hành các xyclon trao đổi nhiệt.,"Công việc thủ công, nặng nhọc, nóng, bụi."
785,TT 11/2020/TT-BLĐTBXH,VIII,SẢN XUẤT XI MĂNG,Loại IV,"Nặng nhọc, độc hại, nguy hiểm",30,Chọc xylo xi măng.,"Công việc thủ công, nặng nhọc, bụi, ồn."
786,TT 11/2020/TT-BLĐTBXH,IX,"SÀNH SỨ, THỦY TINH, NHỰA TẠP PHẨM, GIẤY, GỖ",Loại V,"Đặc biệt nặng nhọc, độc hại, nguy hiểm",1,Pha trộn hóa chất làm mút xốp PU bằng thủ công và bán thủ công.,"Công việc nặng nhọc, độc hại, thường xuyên phải tiếp xúc với hóa chất độc gây thương tổn cho hệ thống thần kinh như: Tôluen, Toluen diccoyanate, popylen gucol; NH3"
787,TT 11/2020/TT-BLĐTBXH,IX,"SÀNH SỨ, THỦY TINH, NHỰA TẠP PHẨM, GIẤY, GỖ",Loại V,"Đặc biệt nặng nhọc, độc hại, nguy hiểm",2,Vận hành máy nghiền đá thạch anh,"Công việc nặng nhọc, ảnh hưởng của bụi và ồn lớn"
788,TT 11/2020/TT-BLĐTBXH,IX,"SÀNH SỨ, THỦY TINH, NHỰA TẠP PHẨM, GIẤY, GỖ",Loại V,"Đặc biệt nặng nhọc, độc hại, nguy hiểm",3,Mạ ruột phích,"Công việc nặng nhọc, độc hại, phải đi lại nhiều, ảnh hưởng của nóng và chất độc. NH3 nồng độ cao."
789,TT 11/2020/TT-BLĐTBXH,IX,"SÀNH SỨ, THỦY TINH, NHỰA TẠP PHẨM, GIẤY, GỖ",Loại V,"Đặc biệt nặng nhọc, độc hại, nguy hiểm",4,Thổi thủy tinh bằng miệng,"Công việc nặng nhọc, độc hại, nóng"
790,TT 11/2020/TT-BLĐTBXH,IX,"SÀNH SỨ, THỦY TINH, NHỰA TẠP PHẨM, GIẤY, GỖ",Loại V,"Đặc biệt nặng nhọc, độc hại, nguy hiểm",5,Pha chế mực viết,"Công việc thủ công, thường xuyên tiếp xúc với Asen"
791,TT 11/2020/TT-BLĐTBXH,IX,"SÀNH SỨ, THỦY TINH, NHỰA TẠP PHẨM, GIẤY, GỖ",Loại V,"Đặc biệt nặng nhọc, độc hại, nguy hiểm",6,Nấu men,"Công việc rất nặng nhọc, nguy hiểm thường xuyên chịu tác động của bức xạ nhiệt rất cao và hơi khí độc."
792,TT 11/2020/TT-BLĐTBXH,IX,"SÀNH SỨ, THỦY TINH, NHỰA TẠP PHẨM, GIẤY, GỖ",Loại IV,"Nặng nhọc, độc hại, nguy hiểm",1,Vít đáy ruột phích,"Công việc nặng nhọc, phải tiếp xúc với nhiệt độ cao, tiếng ồn lơn"
793,TT 11/2020/TT-BLĐTBXH,IX,"SÀNH SỨ, THỦY TINH, NHỰA TẠP PHẨM, GIẤY, GỖ",Loại IV,"Nặng nhọc, độc hại, nguy hiểm",2,"Vận hành, sửa chữa lò tròn nung sứ","Công việc nặng nhọc, ảnh hưởng của nóng, bụi và khí CO2"
794,TT 11/2020/TT-BLĐTBXH,IX,"SÀNH SỨ, THỦY TINH, NHỰA TẠP PHẨM, GIẤY, GỖ",Loại IV,"Nặng nhọc, độc hại, nguy hiểm",3,"Chuyển, xếp bao ra vào lò tròn","Công việc thủ công, nặng nhọc, thường xuyên tiếp xúc với nhiệt độ cao và CO2"
795,TT 11/2020/TT-BLĐTBXH,IX,"SÀNH SỨ, THỦY TINH, NHỰA TẠP PHẨM, GIẤY, GỖ",Loại IV,"Nặng nhọc, độc hại, nguy hiểm",4,"Sản xuất loa trụ bóng đèn; cắt cổ bóng đèn; vít miệng bóng đèn; vít miệng ruột phích; cắt cổ và cắt đáy ruột phích; rút khí chân không bóng đèn, phích nước","Công việc nặng nhọc, nơi làm việc chật hẹp, gò bó, luôn phải tiếp xúc với nhiệt độ cao, CO2 và ồn trong suốt ca làm việc"
796,TT 11/2020/TT-BLĐTBXH,IX,"SÀNH SỨ, THỦY TINH, NHỰA TẠP PHẨM, GIẤY, GỖ",Loại IV,"Nặng nhọc, độc hại, nguy hiểm",5,Nấu thủy tinh,"Công việc nặng nhọc, rất nóng và bụi"
797,TT 11/2020/TT-BLĐTBXH,IX,"SÀNH SỨ, THỦY TINH, NHỰA TẠP PHẨM, GIẤY, GỖ",Loại IV,"Nặng nhọc, độc hại, nguy hiểm",6,"Khều, cắt thủy tinh; giữ khuôn thổi bình, phích; chạy bình, phích và phụ kéo ống","Công việc thủ công, nặng nhọc, thường xuyên tiếp xúc với nhiệt độ cao, CO2"
798,TT 11/2020/TT-BLĐTBXH,IX,"SÀNH SỨ, THỦY TINH, NHỰA TẠP PHẨM, GIẤY, GỖ",Loại IV,"Nặng nhọc, độc hại, nguy hiểm",7,Vận hành lò sản xuất ga (khí than),"Công việc thủ công, nặng nhọc, ảnh hưởng của nóng, bụi, CO và CO2"
799,TT 11/2020/TT-BLĐTBXH,IX,"SÀNH SỨ, THỦY TINH, NHỰA TẠP PHẨM, GIẤY, GỖ",Loại IV,"Nặng nhọc, độc hại, nguy hiểm",8,"Vận hành máy nghiền, xào thạch cao","Công việc thủ công, nặng nhọc, ảnh hưởng bụi và ồn."
800,TT 11/2020/TT-BLĐTBXH,IX,"SÀNH SỨ, THỦY TINH, NHỰA TẠP PHẨM, GIẤY, GỖ",Loại IV,"Nặng nhọc, độc hại, nguy hiểm",9,Sấy khuôn thạch cao,"Công việc nặng nhọc, ảnh hưởng nóng, bụi và CO2"
801,TT 11/2020/TT-BLĐTBXH,IX,"SÀNH SỨ, THỦY TINH, NHỰA TẠP PHẨM, GIẤY, GỖ",Loại IV,"Nặng nhọc, độc hại, nguy hiểm",10,Nung men,"Công việc nặng nhọc, tiếp xúc với nhiệt độ cao, bụi SiO2 và ăngtimoan"
802,TT 11/2020/TT-BLĐTBXH,IX,"SÀNH SỨ, THỦY TINH, NHỰA TẠP PHẨM, GIẤY, GỖ",Loại IV,"Nặng nhọc, độc hại, nguy hiểm",11,Phun hoa,"Công việc đơn điệu, chịu tác động của các hóa chất trong sơn và bụi"
803,TT 11/2020/TT-BLĐTBXH,IX,"SÀNH SỨ, THỦY TINH, NHỰA TẠP PHẨM, GIẤY, GỖ",Loại IV,"Nặng nhọc, độc hại, nguy hiểm",12,"Rửa trắng nhôm, khử dầu, tẩy bẩn sản phẩm nhôm bằng axít","Công việc thủ công, nặng nhọc và độc hại do phải tiếp xúc với hóa chất độc"
804,TT 11/2020/TT-BLĐTBXH,IX,"SÀNH SỨ, THỦY TINH, NHỰA TẠP PHẨM, GIẤY, GỖ",Loại IV,"Nặng nhọc, độc hại, nguy hiểm",13,"Nấu, tẩy rửa bột giấy bằng clo",Luôn tiếp xúc với hóa chất độc mạnh vượt tiêu chuẩn cho phép nhiều lần
805,TT 11/2020/TT-BLĐTBXH,IX,"SÀNH SỨ, THỦY TINH, NHỰA TẠP PHẨM, GIẤY, GỖ",Loại IV,"Nặng nhọc, độc hại, nguy hiểm",14,"Pha trộn, nghiền nguyên liệu thủy tinh","Công việc nặng nhọc, tiếp xúc thường xuyên với bụi có hàm lượng SiO2 cao"
806,TT 11/2020/TT-BLĐTBXH,IX,"SÀNH SỨ, THỦY TINH, NHỰA TẠP PHẨM, GIẤY, GỖ",Loại IV,"Nặng nhọc, độc hại, nguy hiểm",15,Đốt lò nung men,"Công việc nặng nhọc, tư thế lao động gò bó, chịu tác động của nóng, bụi."
807,TT 11/2020/TT-BLĐTBXH,IX,"SÀNH SỨ, THỦY TINH, NHỰA TẠP PHẨM, GIẤY, GỖ",Loại IV,"Nặng nhọc, độc hại, nguy hiểm",16,Pha trộn bột men thủ công,"Công việc thủ công, thường xuyên tiếp xúc với bụi độc nồng độ cao."
808,TT 11/2020/TT-BLĐTBXH,IX,"SÀNH SỨ, THỦY TINH, NHỰA TẠP PHẨM, GIẤY, GỖ",Loại IV,"Nặng nhọc, độc hại, nguy hiểm",17,Sản xuất keo để gắn các sản phẩm nhựa PVC,"Công việc độc hại, thường xuyên tiếp xúc với dung môi hữu cơ."
809,TT 11/2020/TT-BLĐTBXH,IX,"SÀNH SỨ, THỦY TINH, NHỰA TẠP PHẨM, GIẤY, GỖ",Loại IV,"Nặng nhọc, độc hại, nguy hiểm",18,Vận hành máy xẻ ống nhựa PVC,"Tư thế lao động gò bó, thường xuyên tiếp xúc với bụi nồng độ cao."
810,TT 11/2020/TT-BLĐTBXH,IX,"SÀNH SỨ, THỦY TINH, NHỰA TẠP PHẨM, GIẤY, GỖ",Loại IV,"Nặng nhọc, độc hại, nguy hiểm",19,"Vận hành máy xay, nghiền, trộn, cán, đùn, ép nhựa PVC, PE","Công việc độc hại, thường xuyên tiếp xúc với bụi, hơi và khí độc."
811,TT 11/2020/TT-BLĐTBXH,IX,"SÀNH SỨ, THỦY TINH, NHỰA TẠP PHẨM, GIẤY, GỖ",Loại IV,"Nặng nhọc, độc hại, nguy hiểm",20,Viền mép sản phẩm sắt tráng men,"Công việc đơn điệu, tư thế lao động gò bó, làm việc trong môi trường nóng."
812,TT 11/2020/TT-BLĐTBXH,IX,"SÀNH SỨ, THỦY TINH, NHỰA TẠP PHẨM, GIẤY, GỖ",Loại IV,"Nặng nhọc, độc hại, nguy hiểm",21,Tráng men thủ công,"Công việc thủ công, nặng nhọc, tư thế lao động gò bó, thường xuyên tiếp xúc với nóng."
813,TT 11/2020/TT-BLĐTBXH,IX,"SÀNH SỨ, THỦY TINH, NHỰA TẠP PHẨM, GIẤY, GỖ",Loại IV,"Nặng nhọc, độc hại, nguy hiểm",22,Cán nhôm lạnh,"Công việc nặng nhọc, tư thế lao động gò bó, chịu tác động của tiếng ồn cao."
814,TT 11/2020/TT-BLĐTBXH,IX,"SÀNH SỨ, THỦY TINH, NHỰA TẠP PHẨM, GIẤY, GỖ",Loại IV,"Nặng nhọc, độc hại, nguy hiểm",23,"Hấp, ủ nhôm","Công việc nặng nhọc, thường xuyên làm việc trong môi trường nóng, bụi."
815,TT 11/2020/TT-BLĐTBXH,IX,"SÀNH SỨ, THỦY TINH, NHỰA TẠP PHẨM, GIẤY, GỖ",Loại IV,"Nặng nhọc, độc hại, nguy hiểm",24,"Căng sấy da, ty da","Công việc nặng nhọc, tư thế lao động gò bó, thường xuyên tiếp xúc với vi sinh vật gây bệnh."
816,TT 11/2020/TT-BLĐTBXH,IX,"SÀNH SỨ, THỦY TINH, NHỰA TẠP PHẨM, GIẤY, GỖ",Loại IV,"Nặng nhọc, độc hại, nguy hiểm",25,Hấp da chân không,"Công việc nặng nhọc, tư thế lao động gò bó, thường xuyên tiếp xúc với nóng."
817,TT 11/2020/TT-BLĐTBXH,IX,"SÀNH SỨ, THỦY TINH, NHỰA TẠP PHẨM, GIẤY, GỖ",Loại IV,"Nặng nhọc, độc hại, nguy hiểm",26,"Mài nhẵn mặt da, lạng da.","Công việc nặng nhọc, tư thế lao động gó bó, tiếp xúc với bụi nồng độ cao."
818,TT 11/2020/TT-BLĐTBXH,IX,"SÀNH SỨ, THỦY TINH, NHỰA TẠP PHẨM, GIẤY, GỖ",Loại IV,"Nặng nhọc, độc hại, nguy hiểm",27,Vận hành máy gò giấy.,"Công việc nặng nhọc, tư thế lao động gò bó, tiếp xúc với ồn và nhiệt độ cao."
819,TT 11/2020/TT-BLĐTBXH,IX,"SÀNH SỨ, THỦY TINH, NHỰA TẠP PHẨM, GIẤY, GỖ",Loại IV,"Nặng nhọc, độc hại, nguy hiểm",28,"Sơn, in da và pha chế hóa chất để sơn, in da","Công việc độc hại, thường xuyên tiếp xúc với dung môi hữu cơ."
820,TT 11/2020/TT-BLĐTBXH,IX,"SÀNH SỨ, THỦY TINH, NHỰA TẠP PHẨM, GIẤY, GỖ",Loại IV,"Nặng nhọc, độc hại, nguy hiểm",29,Phết keo đế và mũ giầy.,"Công việc thủ công, rất độc hại, thường xuyên tiếp xúc với dung môi hữu cơ."
821,TT 11/2020/TT-BLĐTBXH,IX,"SÀNH SỨ, THỦY TINH, NHỰA TẠP PHẨM, GIẤY, GỖ",Loại IV,"Nặng nhọc, độc hại, nguy hiểm",30,Vệ sinh công nghiệp nhà máy thuộc da,"Công việc thủ công, nặng nhọc, thường xuyên tiếp xúc với hóa chất độc và vi khuẩn gây bệnh."
822,TT 11/2020/TT-BLĐTBXH,IX,"SÀNH SỨ, THỦY TINH, NHỰA TẠP PHẨM, GIẤY, GỖ",Loại IV,"Nặng nhọc, độc hại, nguy hiểm",31,"Hấp lưu hóa giầy, dép cao su","Công việc nặng nhọc, tư thế lao động gò bó, thường xuyên làm việc trong môi trường nhiệt độ cao."
823,TT 11/2020/TT-BLĐTBXH,IX,"SÀNH SỨ, THỦY TINH, NHỰA TẠP PHẨM, GIẤY, GỖ",Loại IV,"Nặng nhọc, độc hại, nguy hiểm",32,"Cán, luyện cao su trong sản xuất giầy dép","Công việc nặng nhọc, thường xuyên tiếp xúc với nhiệt độ cao, ồn, bụi, khí độc SO2 và H2S"
824,TT 11/2020/TT-BLĐTBXH,IX,"SÀNH SỨ, THỦY TINH, NHỰA TẠP PHẨM, GIẤY, GỖ",Loại IV,"Nặng nhọc, độc hại, nguy hiểm",33,"Sàng, sấy hóa chất phối liệu cao su","Công việc thủ công, nặng nhọc, thường xuyên tiếp xúc với hóa chất độc."
825,TT 11/2020/TT-BLĐTBXH,IX,"SÀNH SỨ, THỦY TINH, NHỰA TẠP PHẨM, GIẤY, GỖ",Loại IV,"Nặng nhọc, độc hại, nguy hiểm",34,"Hóa nghiệm, phân tích chất lượng hóa chất, các sản phẩm trong sản xuất giấy","Thường xuyên tiếp xúc với các loại hóa chất độc như: HCl, H2SO4, HNO3, HF, CH3COOH…"
826,TT 11/2020/TT-BLĐTBXH,IX,"SÀNH SỨ, THỦY TINH, NHỰA TẠP PHẨM, GIẤY, GỖ",Loại IV,"Nặng nhọc, độc hại, nguy hiểm",35,Bảo quản bè gỗ trên sông,"Công việc thủ công, nặng nhọc, thường xuyên làm việc ngoài trời, chịu tác động của các vi sinh vật gây bệnh."
827,TT 11/2020/TT-BLĐTBXH,IX,"SÀNH SỨ, THỦY TINH, NHỰA TẠP PHẨM, GIẤY, GỖ",Loại IV,"Nặng nhọc, độc hại, nguy hiểm",36,"Bảo quản, ngâm, vớt gỗ trong hồ","Công việc thủ công, nặng nhọc, tiếp xúc với nước bẩn có nhiều vi sinh vật gây bệnh."
828,TT 11/2020/TT-BLĐTBXH,IX,"SÀNH SỨ, THỦY TINH, NHỰA TẠP PHẨM, GIẤY, GỖ",Loại IV,"Nặng nhọc, độc hại, nguy hiểm",37,"Vận hành máy cưa, xẻ gỗ làm diêm","Công việc nặng nhọc, nơi làm việc chật hẹp, ẩm ướt, chịu tác động của tiếng ồn cao."
829,TT 11/2020/TT-BLĐTBXH,IX,"SÀNH SỨ, THỦY TINH, NHỰA TẠP PHẨM, GIẤY, GỖ",Loại IV,"Nặng nhọc, độc hại, nguy hiểm",38,Làm sạch gỗ ngâm.,"Công việc thủ công, nặng nhọc, nơi làm việc chật hẹp, ẩm ướt, tư thế lao động gò bó."
830,TT 11/2020/TT-BLĐTBXH,IX,"SÀNH SỨ, THỦY TINH, NHỰA TẠP PHẨM, GIẤY, GỖ",Loại IV,"Nặng nhọc, độc hại, nguy hiểm",39,"Vận hành máy bào, chặt, sấy, sàng, chọn que diêm",Thường xuyên tiếp xúc với ồn và bụi nồng độ cao.
831,TT 11/2020/TT-BLĐTBXH,IX,"SÀNH SỨ, THỦY TINH, NHỰA TẠP PHẨM, GIẤY, GỖ",Loại IV,"Nặng nhọc, độc hại, nguy hiểm",40,"Pha chế axít, H3PO4 để tẩm que diêm và thuốc mặt phấn","Tư thế làm việc gò bó, thường xuyên tiếp xúc với hóa chất độc."
832,TT 11/2020/TT-BLĐTBXH,IX,"SÀNH SỨ, THỦY TINH, NHỰA TẠP PHẨM, GIẤY, GỖ",Loại IV,"Nặng nhọc, độc hại, nguy hiểm",41,"Vận hành máy khuấy, chấm hóa chất đầu que diêm.","Công việc nặng nhọc, Thường xuyên tiếp xúc với tiếng ồn và hóa chất độc."
833,TT 11/2020/TT-BLĐTBXH,IX,"SÀNH SỨ, THỦY TINH, NHỰA TẠP PHẨM, GIẤY, GỖ",Loại IV,"Nặng nhọc, độc hại, nguy hiểm",42,Vận hành máy sắp que diêm mộc,"Chịu tác động của tiếng ồn cao, bụi vượt tiêu chuẩn cho phép nhiều lần."
834,TT 11/2020/TT-BLĐTBXH,IX,"SÀNH SỨ, THỦY TINH, NHỰA TẠP PHẨM, GIẤY, GỖ",Loại IV,"Nặng nhọc, độc hại, nguy hiểm",43,Sấy que diêm thuốc và diêm phấn.,"Công việc bán thủ công, nặng nhọc, làm việc trong môi trường nóng và độc."
835,TT 11/2020/TT-BLĐTBXH,IX,"SÀNH SỨ, THỦY TINH, NHỰA TẠP PHẨM, GIẤY, GỖ",Loại IV,"Nặng nhọc, độc hại, nguy hiểm",44,"Vận hành máy xay, nghiền, tán muối KCl2O3","Tiếp xúc với hóa chất dễ cháy nổ, ồn và bụi."
836,TT 11/2020/TT-BLĐTBXH,IX,"SÀNH SỨ, THỦY TINH, NHỰA TẠP PHẨM, GIẤY, GỖ",Loại IV,"Nặng nhọc, độc hại, nguy hiểm",45,Tinh chế muối KCl2O3,"Thường xuyên tiếp xúc với hóa chất dễ cháy, nổ, bụi."
837,TT 11/2020/TT-BLĐTBXH,IX,"SÀNH SỨ, THỦY TINH, NHỰA TẠP PHẨM, GIẤY, GỖ",Loại IV,"Nặng nhọc, độc hại, nguy hiểm",46,Vận hành máy quét mặt phấn,"Công việc bán thủ công, đơn điệu, tiếp xúc với hóa chất độc."
838,TT 11/2020/TT-BLĐTBXH,X,"DA GIÀY, DỆT MAY",Loại IV,"Nặng nhọc, độc hại, nguy hiểm",1,Xì Formon vào da sơn xì da,"Làm việc trong buồng kín, tiếp xúc với hóa chất có nồng độ cao"
839,TT 11/2020/TT-BLĐTBXH,X,"DA GIÀY, DỆT MAY",Loại IV,"Nặng nhọc, độc hại, nguy hiểm",2,Thuộc da bằng tanin và crôm,"Công việc thủ công, nặng nhọc, nơi làm việc bẩn thỉu, hôi thối có nhiều loại vi khuẩn, nấm gây bệnh và hóa chất độc (crôm)"
840,TT 11/2020/TT-BLĐTBXH,X,"DA GIÀY, DỆT MAY",Loại IV,"Nặng nhọc, độc hại, nguy hiểm",3,"Bảo quản, sơ chế, pha chặt da tươi","Công việc thủ công, nặng nhọc, nơi làm việc chật hẹp, ẩm ướt, bẩn thỉu, hôi thối, tỷ lệ nấm và vi khuẩn gây bệnh rất cao"
841,TT 11/2020/TT-BLĐTBXH,X,"DA GIÀY, DỆT MAY",Loại IV,"Nặng nhọc, độc hại, nguy hiểm",4,"Dán da bằng cồn làm gông, đai","Công việc thủ công, tiếp xúc với hóa chất độc, vượt tiêu chuẩn cho phép nhiều lần"
842,TT 11/2020/TT-BLĐTBXH,X,"DA GIÀY, DỆT MAY",Loại IV,"Nặng nhọc, độc hại, nguy hiểm",5,Đứng máy kéo sợi con,"Khi làm việc đi lại nhiều, ảnh hưởng của bụi, nóng và ồn cao"
843,TT 11/2020/TT-BLĐTBXH,X,"DA GIÀY, DỆT MAY",Loại IV,"Nặng nhọc, độc hại, nguy hiểm",6,Đứng máy dệt thoi,"Đi lại nhiều, ảnh hưởng của bụi bông, nóng và ồn cao"
844,TT 11/2020/TT-BLĐTBXH,X,"DA GIÀY, DỆT MAY",Loại IV,"Nặng nhọc, độc hại, nguy hiểm",7,Vận hành máy cung bông và máy chải cúi.,"Công việc nặng nhọc, chịu tác động của nóng, ồn."
845,TT 11/2020/TT-BLĐTBXH,X,"DA GIÀY, DỆT MAY",Loại IV,"Nặng nhọc, độc hại, nguy hiểm",8,Vận hành dây chuyền sợi.,"Đứng và đi lại suốt ca làm việc, chịu tác động nóng, bụi và ồn."
846,TT 11/2020/TT-BLĐTBXH,X,"DA GIÀY, DỆT MAY",Loại IV,"Nặng nhọc, độc hại, nguy hiểm",9,"Vệ sinh máy chải, dây chuyền sợi, dệt, nhuộm.","Công việc thủ công, tư thế lao động gò bó, chịu tác động của nóng, bụi, dầu mỡ."
847,TT 11/2020/TT-BLĐTBXH,X,"DA GIÀY, DỆT MAY",Loại IV,"Nặng nhọc, độc hại, nguy hiểm",10,"Đổ sợi cho máy sợi con, máy se.","Phải đi lại nhiều, công việc đơn điệu, nhịp độ lao động cao, chịu tác động của ồn, bụi."
848,TT 11/2020/TT-BLĐTBXH,X,"DA GIÀY, DỆT MAY",Loại IV,"Nặng nhọc, độc hại, nguy hiểm",11,Vận hành máy hồ sợi dọc.,"Công việc nặng nhọc, nguy hiểm, chịu tác động của nóng, ồn."
849,TT 11/2020/TT-BLĐTBXH,X,"DA GIÀY, DỆT MAY",Loại IV,"Nặng nhọc, độc hại, nguy hiểm",12,Vận hành máy dệt kiếm.,"Tư thế lao động gò bó, chịu tác động của nóng, ồn và bụi."
850,TT 11/2020/TT-BLĐTBXH,X,"DA GIÀY, DỆT MAY",Loại IV,"Nặng nhọc, độc hại, nguy hiểm",13,"Vận hành máy sấy văng, máy sấy cuộn vải.","Công việc nặng nhọc, tư thế lao động gò bó, chịu tác động của nóng, ồn và các hóa chất độc."
851,TT 11/2020/TT-BLĐTBXH,X,"DA GIÀY, DỆT MAY",Loại IV,"Nặng nhọc, độc hại, nguy hiểm",14,"Vận hành máy đốt lông, nấu tẩy vải bằng NaOH, Cl2.","Công việc nặng nhọc, tư thế lao động gò bó, chịu tác động của hóa chất độc."
852,TT 11/2020/TT-BLĐTBXH,X,"DA GIÀY, DỆT MAY",Loại IV,"Nặng nhọc, độc hại, nguy hiểm",15,"Vận chuyển kiện bông, kiện vải, trục sợi, trục vải, hóa chất, thuốc nhuộm.","Công việc thủ công rất nặng nhọc, chịu tác động của bụi, hóa chất độc."
853,TT 11/2020/TT-BLĐTBXH,X,"DA GIÀY, DỆT MAY",Loại IV,"Nặng nhọc, độc hại, nguy hiểm",16,"Vận hành máy giặt, nhuộm liên hợp.","Chịu tác động của nóng, ồn và hóa chất độc."
854,TT 11/2020/TT-BLĐTBXH,X,"DA GIÀY, DỆT MAY",Loại IV,"Nặng nhọc, độc hại, nguy hiểm",17,"Vận hành máy in hoa trên trục, trên lưới.","Chịu tác động của nóng, ồn và hóa chất độc."
855,TT 11/2020/TT-BLĐTBXH,X,"DA GIÀY, DỆT MAY",Loại IV,"Nặng nhọc, độc hại, nguy hiểm",18,Vận hành máy cào lông.,"Tư thế lao động gò bó, chịu tác động của nóng, ồn và bụi nồng độ rất cao."
856,TT 11/2020/TT-BLĐTBXH,X,"DA GIÀY, DỆT MAY",Loại IV,"Nặng nhọc, độc hại, nguy hiểm",19,"Nhuộm, hấp len, sợi tổng hợp.","Chịu tác động của nóng và các hóa chất tẩy, nhuộm."
857,TT 11/2020/TT-BLĐTBXH,X,"DA GIÀY, DỆT MAY",Loại IV,"Nặng nhọc, độc hại, nguy hiểm",20,Dệt len thủ công.,"Công việc nặng nhọc, đơn điệu, tư thế lao động gò bó, chịu tác động của bụi."
858,TT 11/2020/TT-BLĐTBXH,X,"DA GIÀY, DỆT MAY",Loại IV,"Nặng nhọc, độc hại, nguy hiểm",21,"Giặt, tẩy, mài quần bò.","Chịu tác động của nóng, bụi và hóa chất độc."
859,TT 11/2020/TT-BLĐTBXH,X,"DA GIÀY, DỆT MAY",Loại IV,"Nặng nhọc, độc hại, nguy hiểm",22,Vận hành máy may công nghiệp.,"Tư thế lao động gò bó, công việc đơn điệu, căng thẳng thị giác và mệt mọi thần kinh tâm lý."
860,TT 11/2020/TT-BLĐTBXH,X,"DA GIÀY, DỆT MAY",Loại IV,"Nặng nhọc, độc hại, nguy hiểm",23,"Sửa chữa máy sợi, dệt, nhuộm tại phân xưởng.","Tư thế lao động gò bó, tiếp xúc với dầu mỡ, chịu tác động của nóng, ồn, bụi và hóa chất độc."
861,TT 11/2020/TT-BLĐTBXH,X,"DA GIÀY, DỆT MAY",Loại IV,"Nặng nhọc, độc hại, nguy hiểm",24,Đúc chì chân kim.,"Tư thế lao động gò bó, chịu tác động của nóng và hơi chì."
862,TT 11/2020/TT-BLĐTBXH,X,"DA GIÀY, DỆT MAY",Loại IV,"Nặng nhọc, độc hại, nguy hiểm",25,Mài ống côn giấy.,"Tư thế lao động gò bó, chịu tác động của ồn và bụi nồng độ rất cao."
863,TT 11/2020/TT-BLĐTBXH,X,"DA GIÀY, DỆT MAY",Loại IV,"Nặng nhọc, độc hại, nguy hiểm",26,"Vận hành, cấp nguyên liệu cho máy tách hạt, máy cán bông.","Tư thế lao động gò bó, chịu tác động của tiếng ồn và bụi bông vượt tiêu chuẩn cho phép."
864,TT 11/2020/TT-BLĐTBXH,X,"DA GIÀY, DỆT MAY",Loại IV,"Nặng nhọc, độc hại, nguy hiểm",27,Đóng hạt thủ công.,"Công việc nặng nhọc, chịu tác động của bụi bông, nóng và ồn."
865,TT 11/2020/TT-BLĐTBXH,X,"DA GIÀY, DỆT MAY",Loại IV,"Nặng nhọc, độc hại, nguy hiểm",28,Vận hành máy ép đóng kiện bông.,"Đứng và đi lại suốt ca làm việc, chịu tác động của bụi bông và tiếng ồn vượt tiêu chuẩn cho phép."
866,TT 11/2020/TT-BLĐTBXH,X,"DA GIÀY, DỆT MAY",Loại IV,"Nặng nhọc, độc hại, nguy hiểm",29,"Bốc bông hồi lại trong dây chuyền sợi, dệt.","Công việc nặng nhọc, chịu tác động của bụi bông và tiếng ồn vượt tiêu chuẩn cho phép."
867,TT 11/2020/TT-BLĐTBXH,X,"DA GIÀY, DỆT MAY",Loại IV,"Nặng nhọc, độc hại, nguy hiểm",30,"Vận hành máy suốt, bốc suốt, bỏ suốt (tiếp suốt).","Đứng và đi lại suốt ca làm việc, công việc đơn điệu, nhịp điệu lao động cao; chịu tác động của bụi bông, nóng và ồn vượt quá tiêu chuẩn cho phép."
868,TT 11/2020/TT-BLĐTBXH,X,"DA GIÀY, DỆT MAY",Loại IV,"Nặng nhọc, độc hại, nguy hiểm",31,"Vận hành máy cửi, mắc sợi.","Công việc đơn điệu, tập trung thị giác cao; chịu tác động của bụi bông, nóng và ồn."
869,TT 11/2020/TT-BLĐTBXH,X,"DA GIÀY, DỆT MAY",Loại IV,"Nặng nhọc, độc hại, nguy hiểm",32,Xe sợi len.,Chịu tác động của bụi bông và tiếng ồn.
870,TT 11/2020/TT-BLĐTBXH,X,"DA GIÀY, DỆT MAY",Loại IV,"Nặng nhọc, độc hại, nguy hiểm",33,"Tỉa, sửa thảm len.","Công việc tỷ mỉ, tập trung thị giác cao, chịu tác động của bụi."
871,TT 11/2020/TT-BLĐTBXH,X,"DA GIÀY, DỆT MAY",Loại IV,"Nặng nhọc, độc hại, nguy hiểm",34,"Vận hành máy đảo sợi, xe con sợi.","Đứng và đi lại nhiều, chịu tác động của bụi bông và tiếng ồn."
872,TT 11/2020/TT-BLĐTBXH,X,"DA GIÀY, DỆT MAY",Loại IV,"Nặng nhọc, độc hại, nguy hiểm",35,Đổ sợi cho máy thô.,"Phải đi lại suốt ca, công việc đơn điệu, nhịp độ lao động cao, chịu tác động của bụi bông, nóng và tiếng ồn cao."
873,TT 11/2020/TT-BLĐTBXH,X,"DA GIÀY, DỆT MAY",Loại IV,"Nặng nhọc, độc hại, nguy hiểm",36,Bốc sợi máy ống.,"Đứng và đi lại suốt ca, chịu tác động của bụi bông, nóng và ồn cao."
874,TT 11/2020/TT-BLĐTBXH,X,"DA GIÀY, DỆT MAY",Loại IV,"Nặng nhọc, độc hại, nguy hiểm",37,"Vận hành máy dệt khí, dệt nước.","Đứng và đi lại nhiều, tư thế lao động gò bó, chịu tác động của bụi bông và nóng."
875,TT 11/2020/TT-BLĐTBXH,X,"DA GIÀY, DỆT MAY",Loại IV,"Nặng nhọc, độc hại, nguy hiểm",38,Vận hành máy dệt kim tròn.,"Tư thế lao động gò bó, chịu tác động của bụi bông và nóng."
876,TT 11/2020/TT-BLĐTBXH,X,"DA GIÀY, DỆT MAY",Loại IV,"Nặng nhọc, độc hại, nguy hiểm",39,"Nối gỡ, nối trục máy dệt.","Đứng và đi lại suốt ca làm việc, chịu tác động của bụi bông, nóng và ồn cao."
877,TT 11/2020/TT-BLĐTBXH,X,"DA GIÀY, DỆT MAY",Loại IV,"Nặng nhọc, độc hại, nguy hiểm",40,"Vận hành máy mắc, máy hồ vải, sợi trong dây chuyền dệt.","Công việc nặng nhọc, chịu tác động của bụi bông, nóng và ồn cao."
878,TT 11/2020/TT-BLĐTBXH,X,"DA GIÀY, DỆT MAY",Loại IV,"Nặng nhọc, độc hại, nguy hiểm",41,Xâu go trong dây chuyền dệt.,"Công việc thủ công, đơn điệu, tập trung thị giác cao, chịu tác động của bụi bông và nóng."
879,TT 11/2020/TT-BLĐTBXH,X,"DA GIÀY, DỆT MAY",Loại IV,"Nặng nhọc, độc hại, nguy hiểm",42,"Châm dầu máy dệt, máy se, máy hồ.","Công việc thủ công, tư thế lao động gò bó, tiếp xúc với dầu, mỡ; chịu tác động của bụi bông, nóng, ồn."
880,TT 11/2020/TT-BLĐTBXH,X,"DA GIÀY, DỆT MAY",Loại IV,"Nặng nhọc, độc hại, nguy hiểm",43,"Nấu hồ trong dây chuyền dệt, nhuộm.","Công việc nặng nhọc; chịu tác động của nóng, ồn, ẩm và hơi hóa chất."
881,TT 11/2020/TT-BLĐTBXH,X,"DA GIÀY, DỆT MAY",Loại IV,"Nặng nhọc, độc hại, nguy hiểm",44,Vận hành máy phòng co vải (Sanfor) trong dây chuyền nhuộm.,Chịu tác động của nhiệt độ cao và hơi hóa chất.
882,TT 11/2020/TT-BLĐTBXH,X,"DA GIÀY, DỆT MAY",Loại IV,"Nặng nhọc, độc hại, nguy hiểm",45,Vận hành máy làm bóng vải trong dây chuyền nhuộm.,"Công việc nặng nhọc, tư thế lao động gò bó, chịu tác động của nhiệt độ, hóa chất thuốc nhuộm."
883,TT 11/2020/TT-BLĐTBXH,X,"DA GIÀY, DỆT MAY",Loại IV,"Nặng nhọc, độc hại, nguy hiểm",46,Làm trục hoa lưới trong công đoạn nhuộm.,"Tư thế lao động gò bó, chịu tác động của hơi hóa chất và bụi."
884,TT 11/2020/TT-BLĐTBXH,X,"DA GIÀY, DỆT MAY",Loại IV,"Nặng nhọc, độc hại, nguy hiểm",47,"May khuyết, cúc (khuy nút) trong may công nghiệp.","Công việc đơn điệu, căng thẳng thị giác và mệt mỏi thần kinh; chịu tác động của nóng và bụi."
885,TT 11/2020/TT-BLĐTBXH,X,"DA GIÀY, DỆT MAY",Loại IV,"Nặng nhọc, độc hại, nguy hiểm",48,Vận hành máy thổi form trong dây chuyền may.,"Đứng và đi lại suốt ca làm việc, chịu tác động của hơi nóng, ẩm."
886,TT 11/2020/TT-BLĐTBXH,X,"DA GIÀY, DỆT MAY",Loại IV,"Nặng nhọc, độc hại, nguy hiểm",49,Cắt vải trong công nghệ may.,"Đứng suốt ca làm việc, căng thẳng thị giác và mệt mỏi thần kinh; chịu tác động của hơi nóng và bụi bông."
887,TT 11/2020/TT-BLĐTBXH,X,"DA GIÀY, DỆT MAY",Loại IV,"Nặng nhọc, độc hại, nguy hiểm",50,"Vận chuyển vải, sợi trong kho nguyên liệu, kho sản phẩm và giữa các công đoạn của dây chuyền sợi, dệt, nhuộm, may.","Công việc thủ công nặng nhọc, đứng, đi lại suốt ca làm việc; chịu tác động của bụi bông, nóng và tiếng ồn cao."
888,TT 11/2020/TT-BLĐTBXH,X,"DA GIÀY, DỆT MAY",Loại IV,"Nặng nhọc, độc hại, nguy hiểm",51,"Kiểm gấp trong dây chuyền dệt, may.","Công việc đơn điệu, căng thẳng thị giác, đứng suốt ca làm việc; chịu tác động của nóng, bụi và mùi hóa chất."
889,TT 11/2020/TT-BLĐTBXH,X,"DA GIÀY, DỆT MAY",Loại IV,"Nặng nhọc, độc hại, nguy hiểm",52,"Đóng kiện trong dây chuyền dệt, may.","Công việc nặng nhọc, tư thế lao động gò bó; chịu tác động của bụi bông, nóng và ồn cao."
890,TT 11/2020/TT-BLĐTBXH,X,"DA GIÀY, DỆT MAY",Loại IV,"Nặng nhọc, độc hại, nguy hiểm",53,"Vệ sinh công nghiệp trong các nhà máy sợi, dệt, nhuộm, may. Vệ sinh nền xưởng nhuộm, in hoa.","Công việc thủ công, tư thế lao động gò bó, ảnh hưởng của tiếng ồn, nóng, bụi bông, dầu mỡ, hóa chất tẩy rửa và chất thải công nghiệp."
891,TT 11/2020/TT-BLĐTBXH,X,"DA GIÀY, DỆT MAY",Loại IV,"Nặng nhọc, độc hại, nguy hiểm",54,"Mài, bảo dưỡng suốt da (cao su); thay, tháo, dán dây da.","Thường xuyên tiếp xúc với bụi cao su và dung môi, hóa chất độc."
892,TT 11/2020/TT-BLĐTBXH,X,"DA GIÀY, DỆT MAY",Loại IV,"Nặng nhọc, độc hại, nguy hiểm",55,Sửa chữa điện trong dây chuyền nhuộm.,"Tư thế lao động gò bó, làm việc trong môi trường ẩm ướt, nóng; tiếp xúc với NH3, hóa chất tẩy, nhuộm."
893,TT 11/2020/TT-BLĐTBXH,X,"DA GIÀY, DỆT MAY",Loại IV,"Nặng nhọc, độc hại, nguy hiểm",56,"Sửa chữa, chế tạo lược máy dệt.","Chịu tác động của bụi rỉ, hơi nhựa đường nóng, keo và hóa chất."
894,TT 11/2020/TT-BLĐTBXH,X,"DA GIÀY, DỆT MAY",Loại IV,"Nặng nhọc, độc hại, nguy hiểm",57,"Thí nghiệm, phân tích hóa chất, thuốc nhuộm.","Thường xuyên tiếp xúc với hóa chất độc hại; nhiệt độ, độ ẩm cao."
895,TT 11/2020/TT-BLĐTBXH,X,"DA GIÀY, DỆT MAY",Loại IV,"Nặng nhọc, độc hại, nguy hiểm",58,Vận hành hệ thống điều không,"Công việc nặng nhọc, nồng độ bụi bông và tiếng ồn cao"
896,TT 11/2020/TT-BLĐTBXH,XI,"NÔNG NGHIỆP VÀ LÂM NGHIỆP (BAO GỒM TRỒNG TRỌT, KHAI THÁC, CHẾ BIẾN NÔNG, LÂM SẢN, CHĂN NUÔI - CHẾ BIẾN GIA SÚC, GIA CẦM)",Loại V,"Đặc biệt nặng nhọc, độc hại, nguy hiểm",1,"Sang chai, đóng gói thuốc bảo vệ thực vật.","Tiếp xúc thường xuyên với nhiều loại hóa chất độc nguy hiểm như Wofatox, Bassa, Axeton, Ether"
897,TT 11/2020/TT-BLĐTBXH,XI,"NÔNG NGHIỆP VÀ LÂM NGHIỆP (BAO GỒM TRỒNG TRỌT, KHAI THÁC, CHẾ BIẾN NÔNG, LÂM SẢN, CHĂN NUÔI - CHẾ BIẾN GIA SÚC, GIA CẦM)",Loại V,"Đặc biệt nặng nhọc, độc hại, nguy hiểm",2,"Vận chuyển, bốc vác hóa chất bảo vệ thực vật.","Công việc thủ công, nặng nhọc, tiếp xúc với các hóa chất độc nguy hiểm như Wofatox, Bi 58, Bassa, Axeton, Ether..."
898,TT 11/2020/TT-BLĐTBXH,XI,"NÔNG NGHIỆP VÀ LÂM NGHIỆP (BAO GỒM TRỒNG TRỌT, KHAI THÁC, CHẾ BIẾN NÔNG, LÂM SẢN, CHĂN NUÔI - CHẾ BIẾN GIA SÚC, GIA CẦM)",Loại V,"Đặc biệt nặng nhọc, độc hại, nguy hiểm",3,Cấp lông vũ vào máy,"Công việc nặng nhọc, thường xuyên tiếp xúc với bụi có nhiều nấm và vi sinh vật gây bệnh"
899,TT 11/2020/TT-BLĐTBXH,XI,"NÔNG NGHIỆP VÀ LÂM NGHIỆP (BAO GỒM TRỒNG TRỌT, KHAI THÁC, CHẾ BIẾN NÔNG, LÂM SẢN, CHĂN NUÔI - CHẾ BIẾN GIA SÚC, GIA CẦM)",Loại V,"Đặc biệt nặng nhọc, độc hại, nguy hiểm",4,Phun thuốc bảo vệ thực vật.,"Làm việc ngoài trời, công việc nặng nhọc,độc hại,tiếp xúc với hóa chất bảo vệ thực vật vượt tiêu chuẩn cho phép nhiều lần."
900,TT 11/2020/TT-BLĐTBXH,XI,"NÔNG NGHIỆP VÀ LÂM NGHIỆP (BAO GỒM TRỒNG TRỌT, KHAI THÁC, CHẾ BIẾN NÔNG, LÂM SẢN, CHĂN NUÔI - CHẾ BIẾN GIA SÚC, GIA CẦM)",Loại V,"Đặc biệt nặng nhọc, độc hại, nguy hiểm",5,Chăm sóc ngựa đực giống.,"Công việc nặng nhọc, nguy hiểm, thường xuyên tiếp tục với phân, rác và các vi sinh vật gây bệnh."
901,TT 11/2020/TT-BLĐTBXH,XI,"NÔNG NGHIỆP VÀ LÂM NGHIỆP (BAO GỒM TRỒNG TRỌT, KHAI THÁC, CHẾ BIẾN NÔNG, LÂM SẢN, CHĂN NUÔI - CHẾ BIẾN GIA SÚC, GIA CẦM)",Loại V,"Đặc biệt nặng nhọc, độc hại, nguy hiểm",6,Chặt hạ gỗ bằng cơ giới.,"Lao động ngoài trời, công việc nặng nhọc, nguy hiểm, chịu tác động của rung, ồn và bụi."
902,TT 11/2020/TT-BLĐTBXH,XI,"NÔNG NGHIỆP VÀ LÂM NGHIỆP (BAO GỒM TRỒNG TRỌT, KHAI THÁC, CHẾ BIẾN NÔNG, LÂM SẢN, CHĂN NUÔI - CHẾ BIẾN GIA SÚC, GIA CẦM)",Loại V,"Đặc biệt nặng nhọc, độc hại, nguy hiểm",7,"Chặt hạ thủ công (gỗ, song, mây, tre nứa)","Lao động ngoài trời, công việc thủ công, rất nặng nhọc, nguy hiểm."
903,TT 11/2020/TT-BLĐTBXH,XI,"NÔNG NGHIỆP VÀ LÂM NGHIỆP (BAO GỒM TRỒNG TRỌT, KHAI THÁC, CHẾ BIẾN NÔNG, LÂM SẢN, CHĂN NUÔI - CHẾ BIẾN GIA SÚC, GIA CẦM)",Loại V,"Đặc biệt nặng nhọc, độc hại, nguy hiểm",8,"Cưa, xẻ gỗ tại cội bằng thủ công.","Lao động ngoài trời, công việc thủ công, rất nặng nhọc, tư thế lao động gò bó."
904,TT 11/2020/TT-BLĐTBXH,XI,"NÔNG NGHIỆP VÀ LÂM NGHIỆP (BAO GỒM TRỒNG TRỌT, KHAI THÁC, CHẾ BIẾN NÔNG, LÂM SẢN, CHĂN NUÔI - CHẾ BIẾN GIA SÚC, GIA CẦM)",Loại V,"Đặc biệt nặng nhọc, độc hại, nguy hiểm",9,"Lăn gom gỗ, bốc xếp gỗ thủ công.","Lao động ngoài trời, công việc thủ công, rất nặng nhọc, nguy hiểm."
905,TT 11/2020/TT-BLĐTBXH,XI,"NÔNG NGHIỆP VÀ LÂM NGHIỆP (BAO GỒM TRỒNG TRỌT, KHAI THÁC, CHẾ BIẾN NÔNG, LÂM SẢN, CHĂN NUÔI - CHẾ BIẾN GIA SÚC, GIA CẦM)",Loại V,"Đặc biệt nặng nhọc, độc hại, nguy hiểm",10,"Vận xuất gỗ bằng voi, trâu từ rừng ra bãi một","Làm việc ngoài trời, ở các địa hình đồi, núi dốc, công việc nặng nhọc, nguy hiểm."
906,TT 11/2020/TT-BLĐTBXH,XI,"NÔNG NGHIỆP VÀ LÂM NGHIỆP (BAO GỒM TRỒNG TRỌT, KHAI THÁC, CHẾ BIẾN NÔNG, LÂM SẢN, CHĂN NUÔI - CHẾ BIẾN GIA SÚC, GIA CẦM)",Loại V,"Đặc biệt nặng nhọc, độc hại, nguy hiểm",11,"Đóng cốn, xuôi bè mảng trên sông, suối.","Làm việc ngoài trời trên sông, suối, công việc thủ công, nặng nhọc, rất nguy hiểm."
907,TT 11/2020/TT-BLĐTBXH,XI,"NÔNG NGHIỆP VÀ LÂM NGHIỆP (BAO GỒM TRỒNG TRỌT, KHAI THÁC, CHẾ BIẾN NÔNG, LÂM SẢN, CHĂN NUÔI - CHẾ BIẾN GIA SÚC, GIA CẦM)",Loại V,"Đặc biệt nặng nhọc, độc hại, nguy hiểm",12,"Nấu keo phenol, urefoc.",Chịu tác động của nóng và các hóa chất độc mạnh.
908,TT 11/2020/TT-BLĐTBXH,XI,"NÔNG NGHIỆP VÀ LÂM NGHIỆP (BAO GỒM TRỒNG TRỌT, KHAI THÁC, CHẾ BIẾN NÔNG, LÂM SẢN, CHĂN NUÔI - CHẾ BIẾN GIA SÚC, GIA CẦM)",Loại V,"Đặc biệt nặng nhọc, độc hại, nguy hiểm",13,"Sản xuất thuốc chống mối, mọt.","Lao động thủ công, tiếp xúc với hóa chất độc mạnh như DDT, Asen..."
909,TT 11/2020/TT-BLĐTBXH,XI,"NÔNG NGHIỆP VÀ LÂM NGHIỆP (BAO GỒM TRỒNG TRỌT, KHAI THÁC, CHẾ BIẾN NÔNG, LÂM SẢN, CHĂN NUÔI - CHẾ BIẾN GIA SÚC, GIA CẦM)",Loại V,"Đặc biệt nặng nhọc, độc hại, nguy hiểm",14,"Ngâm tẩm gỗ phòng chống mối, mọt bằng hóa chất.","Công việc thủ công, nặng nhọc, chịu tác động động của các hóa chất độc mạnh như Asen, DDT, 666, focmon..."
910,TT 11/2020/TT-BLĐTBXH,XI,"NÔNG NGHIỆP VÀ LÂM NGHIỆP (BAO GỒM TRỒNG TRỌT, KHAI THÁC, CHẾ BIẾN NÔNG, LÂM SẢN, CHĂN NUÔI - CHẾ BIẾN GIA SÚC, GIA CẦM)",Loại V,"Đặc biệt nặng nhọc, độc hại, nguy hiểm",15,"Lái xe vận tải chuyên dùng, có trọng tải từ 10 tấn trở lên chở gỗ từ bãi I ra bãi II.","Công việc nặng nhọc, nguy hiểm, chịu tác động của ồn, rung và bụi."
911,TT 11/2020/TT-BLĐTBXH,XI,"NÔNG NGHIỆP VÀ LÂM NGHIỆP (BAO GỒM TRỒNG TRỌT, KHAI THÁC, CHẾ BIẾN NÔNG, LÂM SẢN, CHĂN NUÔI - CHẾ BIẾN GIA SÚC, GIA CẦM)",Loại V,"Đặc biệt nặng nhọc, độc hại, nguy hiểm",16,Khai thác nhựa thông.,"Làm việc ngoài trời, công việc thủ công, rất nặng nhọc, nguy hiểm."
912,TT 11/2020/TT-BLĐTBXH,XI,"NÔNG NGHIỆP VÀ LÂM NGHIỆP (BAO GỒM TRỒNG TRỌT, KHAI THÁC, CHẾ BIẾN NÔNG, LÂM SẢN, CHĂN NUÔI - CHẾ BIẾN GIA SÚC, GIA CẦM)",Loại V,"Đặc biệt nặng nhọc, độc hại, nguy hiểm",17,"Điều tra quy hoạch ở vùng núi cao, rừng sâu và hải đảo.","Chuyên đi lưu động trên các địa hình hiểm trở, công việc nặng nhọc, nguy hiểm."
913,TT 11/2020/TT-BLĐTBXH,XI,"NÔNG NGHIỆP VÀ LÂM NGHIỆP (BAO GỒM TRỒNG TRỌT, KHAI THÁC, CHẾ BIẾN NÔNG, LÂM SẢN, CHĂN NUÔI - CHẾ BIẾN GIA SÚC, GIA CẦM)",Loại V,"Đặc biệt nặng nhọc, độc hại, nguy hiểm",18,Khoan tay thăm dò khai thác nước ngầm,"Công việc thủ công nặng nhọc, tư thế lao động gò bó, nơi làm việc lầy lội bẩn thỉu. Đi làm lưu động tại các vùng rừng núi, hải đảo."
914,TT 11/2020/TT-BLĐTBXH,XI,"NÔNG NGHIỆP VÀ LÂM NGHIỆP (BAO GỒM TRỒNG TRỌT, KHAI THÁC, CHẾ BIẾN NÔNG, LÂM SẢN, CHĂN NUÔI - CHẾ BIẾN GIA SÚC, GIA CẦM)",Loại V,"Đặc biệt nặng nhọc, độc hại, nguy hiểm",19,Khảo sát đo địa vật lý thăm dò khai thác nước ngầm,"Công việc nặng nhọc, nguy hiểm, luôn lưu động ở vùng núi cao, rừng sâu, hải đảo."
915,TT 11/2020/TT-BLĐTBXH,XI,"NÔNG NGHIỆP VÀ LÂM NGHIỆP (BAO GỒM TRỒNG TRỌT, KHAI THÁC, CHẾ BIẾN NÔNG, LÂM SẢN, CHĂN NUÔI - CHẾ BIẾN GIA SÚC, GIA CẦM)",Loại V,"Đặc biệt nặng nhọc, độc hại, nguy hiểm",20,Công nhân xây lát đá thủy lợi (kể cả làm rồng đá),"Công việc ngoài trời, lao động thủ công, nặng nhọc; tư thế lao động gò bó, nguy hiểm; ảnh hưởng của bụi vôi, xi măng, cát..."
916,TT 11/2020/TT-BLĐTBXH,XI,"NÔNG NGHIỆP VÀ LÂM NGHIỆP (BAO GỒM TRỒNG TRỌT, KHAI THÁC, CHẾ BIẾN NÔNG, LÂM SẢN, CHĂN NUÔI - CHẾ BIẾN GIA SÚC, GIA CẦM)",Loại V,"Đặc biệt nặng nhọc, độc hại, nguy hiểm",21,"Trực tiếp kiểm tra, giám định cà phê và nông sản xuất nhập khẩu tại các vùng núi sâu, xa và trên tàu biển.","Công việc lưu động, liên tục căng thẳng; ảnh hưởng khí hậu khắc nghiệt và thay đổi thất thường của vùng; môi trường lao động: nóng, bụi, ồn và liên tục phải hít ngửi vi sinh vật nấm mốc, gây bệnh."
917,TT 11/2020/TT-BLĐTBXH,XI,"NÔNG NGHIỆP VÀ LÂM NGHIỆP (BAO GỒM TRỒNG TRỌT, KHAI THÁC, CHẾ BIẾN NÔNG, LÂM SẢN, CHĂN NUÔI - CHẾ BIẾN GIA SÚC, GIA CẦM)",Loại V,"Đặc biệt nặng nhọc, độc hại, nguy hiểm",22,"Thử nếm, cảm quan chất lượng cà phê và hàng hóa nông sản xuất khẩu từ 400 cốc/ngày trở lên.","Cường độ thử nếm cao, ảnh hưởng trực tiếp hàm lượng caphein cao và các tạp chất lẫn trong cà phê như nấm mốc, vi khuẩn gây bệnh."
918,TT 11/2020/TT-BLĐTBXH,XI,"NÔNG NGHIỆP VÀ LÂM NGHIỆP (BAO GỒM TRỒNG TRỌT, KHAI THÁC, CHẾ BIẾN NÔNG, LÂM SẢN, CHĂN NUÔI - CHẾ BIẾN GIA SÚC, GIA CẦM)",Loại V,"Đặc biệt nặng nhọc, độc hại, nguy hiểm",23,"Kiểm dịch thực vật và khử trùng hàng hóa nông, lâm sản xuất nhập khẩu trên tàu biển, xà lan, trong Xilo.","Công việc nặng nhọc, nguy hiểm do trèo cao, mang vác nặng trong điều kiện có sóng, gió biển; ảnh hưởng trực tiếp các loại hóa chất để khử trùng: PH3, CH3Br; làm việc ngoài trời hoặc trong hầm tàu, nơi làm việc chật hẹp, tư thế lao động gò bó, thiếu ánh sáng, thiếu dưỡng khí."
919,TT 11/2020/TT-BLĐTBXH,XI,"NÔNG NGHIỆP VÀ LÂM NGHIỆP (BAO GỒM TRỒNG TRỌT, KHAI THÁC, CHẾ BIẾN NÔNG, LÂM SẢN, CHĂN NUÔI - CHẾ BIẾN GIA SÚC, GIA CẦM)",Loại V,"Đặc biệt nặng nhọc, độc hại, nguy hiểm",24,Làm việc trong hầm men bia lạnh,"Nhiệt độ thấp, ẩm; Chịu ảnh hưởng của khí amoniac (NH3) và các bonic (CO2)"
920,TT 11/2020/TT-BLĐTBXH,XI,"NÔNG NGHIỆP VÀ LÂM NGHIỆP (BAO GỒM TRỒNG TRỌT, KHAI THÁC, CHẾ BIẾN NÔNG, LÂM SẢN, CHĂN NUÔI - CHẾ BIẾN GIA SÚC, GIA CẦM)",Loại V,"Đặc biệt nặng nhọc, độc hại, nguy hiểm",25,Phun cát tẩy gỉ để mạ kẽm,"Công việc nặng nhọc, ảnh hưởng bụi, rung, ồn trong suốt ca làm việc."
921,TT 11/2020/TT-BLĐTBXH,XI,"NÔNG NGHIỆP VÀ LÂM NGHIỆP (BAO GỒM TRỒNG TRỌT, KHAI THÁC, CHẾ BIẾN NÔNG, LÂM SẢN, CHĂN NUÔI - CHẾ BIẾN GIA SÚC, GIA CẦM)",Loại IV,"Nặng nhọc, độc hại, nguy hiểm",1,Kiểm định thực vật và khử trùng,"- Nặng nhọc, độc hại, chịu tác động của hóa chất độc PH3, BrCH3"
922,TT 11/2020/TT-BLĐTBXH,XI,"NÔNG NGHIỆP VÀ LÂM NGHIỆP (BAO GỒM TRỒNG TRỌT, KHAI THÁC, CHẾ BIẾN NÔNG, LÂM SẢN, CHĂN NUÔI - CHẾ BIẾN GIA SÚC, GIA CẦM)",Loại IV,"Nặng nhọc, độc hại, nguy hiểm",2,"Kiểm định dư lượng hóa chất trong lương thực, thực phẩm, rau quả và chất lượng hóa chất bảo vệ thực vật","Thường xuyên tiếp xúc với các hóa chất độc nguy hiểm như: ASen, Toluen, axeton, Ether, Bi58..."
923,TT 11/2020/TT-BLĐTBXH,XI,"NÔNG NGHIỆP VÀ LÂM NGHIỆP (BAO GỒM TRỒNG TRỌT, KHAI THÁC, CHẾ BIẾN NÔNG, LÂM SẢN, CHĂN NUÔI - CHẾ BIẾN GIA SÚC, GIA CẦM)",Loại IV,"Nặng nhọc, độc hại, nguy hiểm",3,"Giao nhận, sang mạn thuốc bảo vệ thực vật trên tàu biển, tàu sông và các bến cảng.","Ảnh hưởng của sóng nước và các hóa chất độc: axeton, Ether, Wofatox, Bi58"
924,TT 11/2020/TT-BLĐTBXH,XI,"NÔNG NGHIỆP VÀ LÂM NGHIỆP (BAO GỒM TRỒNG TRỌT, KHAI THÁC, CHẾ BIẾN NÔNG, LÂM SẢN, CHĂN NUÔI - CHẾ BIẾN GIA SÚC, GIA CẦM)",Loại IV,"Nặng nhọc, độc hại, nguy hiểm",4,Thủ kho thuốc bảo vệ thực vật,"- Nơi làm việc kém thông thoáng, chịu ảnh hưởng của hóa chất độc Wofatox, Bi58, Bassa, axeton, Ether..."
925,TT 11/2020/TT-BLĐTBXH,XI,"NÔNG NGHIỆP VÀ LÂM NGHIỆP (BAO GỒM TRỒNG TRỌT, KHAI THÁC, CHẾ BIẾN NÔNG, LÂM SẢN, CHĂN NUÔI - CHẾ BIẾN GIA SÚC, GIA CẦM)",Loại IV,"Nặng nhọc, độc hại, nguy hiểm",5,Vận hành máy sản xuất bao bì bằng chất dẻo (bán thủ công).,"Công việc nặng nhọc, chịu tác động của hơi độc, ồn trong suốt ca làm việc."
926,TT 11/2020/TT-BLĐTBXH,XI,"NÔNG NGHIỆP VÀ LÂM NGHIỆP (BAO GỒM TRỒNG TRỌT, KHAI THÁC, CHẾ BIẾN NÔNG, LÂM SẢN, CHĂN NUÔI - CHẾ BIẾN GIA SÚC, GIA CẦM)",Loại IV,"Nặng nhọc, độc hại, nguy hiểm",6,Thủ kho phân hóa học,"Nơi làm việc chật hẹp, kém thông thoáng, chịu tác động của CO2, NH3"
927,TT 11/2020/TT-BLĐTBXH,XI,"NÔNG NGHIỆP VÀ LÂM NGHIỆP (BAO GỒM TRỒNG TRỌT, KHAI THÁC, CHẾ BIẾN NÔNG, LÂM SẢN, CHĂN NUÔI - CHẾ BIẾN GIA SÚC, GIA CẦM)",Loại IV,"Nặng nhọc, độc hại, nguy hiểm",7,Bốc xếp vận chuyển phân hóa học.,"Công việc thủ công, nặng nhọc, tiếp xúc với CO2, NH3."
928,TT 11/2020/TT-BLĐTBXH,XI,"NÔNG NGHIỆP VÀ LÂM NGHIỆP (BAO GỒM TRỒNG TRỌT, KHAI THÁC, CHẾ BIẾN NÔNG, LÂM SẢN, CHĂN NUÔI - CHẾ BIẾN GIA SÚC, GIA CẦM)",Loại IV,"Nặng nhọc, độc hại, nguy hiểm",8,Cơ chế thủ công phân lân vi sinh.,"Công việc thủ công nặng nhọc, bẩn ảnh hưởng của bụi."
929,TT 11/2020/TT-BLĐTBXH,XI,"NÔNG NGHIỆP VÀ LÂM NGHIỆP (BAO GỒM TRỒNG TRỌT, KHAI THÁC, CHẾ BIẾN NÔNG, LÂM SẢN, CHĂN NUÔI - CHẾ BIẾN GIA SÚC, GIA CẦM)",Loại IV,"Nặng nhọc, độc hại, nguy hiểm",9,Chăm sóc vận động bò đực giống,"Thường xuyên tiếp xúc với phân, rác và các vi khuẩn gây bệnh."
930,TT 11/2020/TT-BLĐTBXH,XI,"NÔNG NGHIỆP VÀ LÂM NGHIỆP (BAO GỒM TRỒNG TRỌT, KHAI THÁC, CHẾ BIẾN NÔNG, LÂM SẢN, CHĂN NUÔI - CHẾ BIẾN GIA SÚC, GIA CẦM)",Loại IV,"Nặng nhọc, độc hại, nguy hiểm",10,"Vận hành máy nghiền, trộn thức ăn gia súc.","Công việc nặng nhọc, ảnh hưởng của ồn, bụi nồng độ cao."
931,TT 11/2020/TT-BLĐTBXH,XI,"NÔNG NGHIỆP VÀ LÂM NGHIỆP (BAO GỒM TRỒNG TRỌT, KHAI THÁC, CHẾ BIẾN NÔNG, LÂM SẢN, CHĂN NUÔI - CHẾ BIẾN GIA SÚC, GIA CẦM)",Loại IV,"Nặng nhọc, độc hại, nguy hiểm",11,"Chăn nuôi động vật thí nghiệm, xử lý bệnh phẩm, dụng cụ thí nghiệm.","Thường xuyên tiếp xúc với nguồn lây bệnh và các hóa chất độc như: Fomol, NaOH, HCl."
932,TT 11/2020/TT-BLĐTBXH,XI,"NÔNG NGHIỆP VÀ LÂM NGHIỆP (BAO GỒM TRỒNG TRỌT, KHAI THÁC, CHẾ BIẾN NÔNG, LÂM SẢN, CHĂN NUÔI - CHẾ BIẾN GIA SÚC, GIA CẦM)",Loại IV,"Nặng nhọc, độc hại, nguy hiểm",12,"Nghiên cứu, chẩn đoán, giải phẫu bệnh, xét nghiệm vi sinh vật gây bệnh cho gia súc, gia cầm.","Thường xuyên tiếp xúc với nguồn lây bệnh và các hóa chất độc như: Formol, CO2, Ether, axít fenic."
933,TT 11/2020/TT-BLĐTBXH,XI,"NÔNG NGHIỆP VÀ LÂM NGHIỆP (BAO GỒM TRỒNG TRỌT, KHAI THÁC, CHẾ BIẾN NÔNG, LÂM SẢN, CHĂN NUÔI - CHẾ BIẾN GIA SÚC, GIA CẦM)",Loại IV,"Nặng nhọc, độc hại, nguy hiểm",13,"Kiểm nghiệm sản xuất vacxine, thuốc thú y.","Tiếp xúc thường xuyên với các vi khuẩn gây bệnh hiểm nghèo và các hóa chất độc: Ether, axeton, HCl."
934,TT 11/2020/TT-BLĐTBXH,XI,"NÔNG NGHIỆP VÀ LÂM NGHIỆP (BAO GỒM TRỒNG TRỌT, KHAI THÁC, CHẾ BIẾN NÔNG, LÂM SẢN, CHĂN NUÔI - CHẾ BIẾN GIA SÚC, GIA CẦM)",Loại IV,"Nặng nhọc, độc hại, nguy hiểm",14,Nghiên cứu thí nghiệm công nghệ gen và tế bào các loại cây trồng.,"Luôn tiếp xúc với các hóa chất mạnh gây đột biến tế bào như Cochandin, IAA."
935,TT 11/2020/TT-BLĐTBXH,XI,"NÔNG NGHIỆP VÀ LÂM NGHIỆP (BAO GỒM TRỒNG TRỌT, KHAI THÁC, CHẾ BIẾN NÔNG, LÂM SẢN, CHĂN NUÔI - CHẾ BIẾN GIA SÚC, GIA CẦM)",Loại IV,"Nặng nhọc, độc hại, nguy hiểm",15,Sơ chế lông vũ,"Công việc nặng nhọc, bẩn tiếp xúc với nhiều bụi chứa vi khuẩn nấm và sinh vật gây bệnh."
936,TT 11/2020/TT-BLĐTBXH,XI,"NÔNG NGHIỆP VÀ LÂM NGHIỆP (BAO GỒM TRỒNG TRỌT, KHAI THÁC, CHẾ BIẾN NÔNG, LÂM SẢN, CHĂN NUÔI - CHẾ BIẾN GIA SÚC, GIA CẦM)",Loại IV,"Nặng nhọc, độc hại, nguy hiểm",16,Giết mổ lợn,"Chuyên làm đêm, công việc nặng nhọc, nơi làm việc ẩm ướt."
937,TT 11/2020/TT-BLĐTBXH,XI,"NÔNG NGHIỆP VÀ LÂM NGHIỆP (BAO GỒM TRỒNG TRỌT, KHAI THÁC, CHẾ BIẾN NÔNG, LÂM SẢN, CHĂN NUÔI - CHẾ BIẾN GIA SÚC, GIA CẦM)",Loại IV,"Nặng nhọc, độc hại, nguy hiểm",17,"Nhặt phân loại, vận chuyển xương động vật","Công việc nặng nhọc, bẩn thỉu, hôi thối, tiếp xúc với nhiều vi khuẩn, nấm gây bệnh và khí H2S"
938,TT 11/2020/TT-BLĐTBXH,XI,"NÔNG NGHIỆP VÀ LÂM NGHIỆP (BAO GỒM TRỒNG TRỌT, KHAI THÁC, CHẾ BIẾN NÔNG, LÂM SẢN, CHĂN NUÔI - CHẾ BIẾN GIA SÚC, GIA CẦM)",Loại IV,"Nặng nhọc, độc hại, nguy hiểm",18,Chế biến xương động vật,"Công việc nặng nhọc, nơi làm việc bẩn, hôi thối, tiếp xúc với bụi, ồn và H2S"
939,TT 11/2020/TT-BLĐTBXH,XI,"NÔNG NGHIỆP VÀ LÂM NGHIỆP (BAO GỒM TRỒNG TRỌT, KHAI THÁC, CHẾ BIẾN NÔNG, LÂM SẢN, CHĂN NUÔI - CHẾ BIẾN GIA SÚC, GIA CẦM)",Loại IV,"Nặng nhọc, độc hại, nguy hiểm",19,"Khuân vác, dập khuôn trong kho đông lạnh.","Công việc nặng nhọc, nơi làm việc rất lạnh, ồn cao và chuyên làm đêm."
940,TT 11/2020/TT-BLĐTBXH,XI,"NÔNG NGHIỆP VÀ LÂM NGHIỆP (BAO GỒM TRỒNG TRỌT, KHAI THÁC, CHẾ BIẾN NÔNG, LÂM SẢN, CHĂN NUÔI - CHẾ BIẾN GIA SÚC, GIA CẦM)",Loại IV,"Nặng nhọc, độc hại, nguy hiểm",20,Đóng gói thịt trong buồng đông lạnh,"Nơi làm việc rất lạnh, công việc nặng nhọc, đơn điệu ảnh hưởng tiếng ồn cao, chuyên làm đêm."
941,TT 11/2020/TT-BLĐTBXH,XI,"NÔNG NGHIỆP VÀ LÂM NGHIỆP (BAO GỒM TRỒNG TRỌT, KHAI THÁC, CHẾ BIẾN NÔNG, LÂM SẢN, CHĂN NUÔI - CHẾ BIẾN GIA SÚC, GIA CẦM)",Loại IV,"Nặng nhọc, độc hại, nguy hiểm",21,Vận hành sửa chữa máy lạnh và hệ thống cấp lạnh,"Nơi làm việc chật hẹp, lạnh, ảnh hưởng của tiếng ồn cao và NH3."
942,TT 11/2020/TT-BLĐTBXH,XI,"NÔNG NGHIỆP VÀ LÂM NGHIỆP (BAO GỒM TRỒNG TRỌT, KHAI THÁC, CHẾ BIẾN NÔNG, LÂM SẢN, CHĂN NUÔI - CHẾ BIẾN GIA SÚC, GIA CẦM)",Loại IV,"Nặng nhọc, độc hại, nguy hiểm",22,Lái máy nông nghiệp,"Tư thế làm việc gò bó, chịu tác động của ồn, rung và bụi."
943,TT 11/2020/TT-BLĐTBXH,XI,"NÔNG NGHIỆP VÀ LÂM NGHIỆP (BAO GỒM TRỒNG TRỌT, KHAI THÁC, CHẾ BIẾN NÔNG, LÂM SẢN, CHĂN NUÔI - CHẾ BIẾN GIA SÚC, GIA CẦM)",Loại IV,"Nặng nhọc, độc hại, nguy hiểm",23,"Khai hoang, làm đất, trồng, chăm sóc cây rừng và cây công nghiệp.","Làm việc ngoài trời, công việc thủ công, nặng nhọc, tư thế lao động gò bó, chịu tác động của bụi và các vi sinh vật gây bệnh."
944,TT 11/2020/TT-BLĐTBXH,XI,"NÔNG NGHIỆP VÀ LÂM NGHIỆP (BAO GỒM TRỒNG TRỌT, KHAI THÁC, CHẾ BIẾN NÔNG, LÂM SẢN, CHĂN NUÔI - CHẾ BIẾN GIA SÚC, GIA CẦM)",Loại IV,"Nặng nhọc, độc hại, nguy hiểm",24,"Tuần tra và bảo vệ sản phẩm nông, lâm nghiệp chưa thu hoạch.","Làm việc ngoài trời, phải đi lại trong suốt ca làm việc, không kể ngày đêm và thời tiết, tiếp xúc với các vi sinh vật gây bệnh."
945,TT 11/2020/TT-BLĐTBXH,XI,"NÔNG NGHIỆP VÀ LÂM NGHIỆP (BAO GỒM TRỒNG TRỌT, KHAI THÁC, CHẾ BIẾN NÔNG, LÂM SẢN, CHĂN NUÔI - CHẾ BIẾN GIA SÚC, GIA CẦM)",Loại IV,"Nặng nhọc, độc hại, nguy hiểm",25,"Thu hoạch sản phẩm nông, lâm nghiệp.","Làm việc ngoài trời, công việc thủ công, nặng nhọc, tư thế lao động gò bó."
946,TT 11/2020/TT-BLĐTBXH,XI,"NÔNG NGHIỆP VÀ LÂM NGHIỆP (BAO GỒM TRỒNG TRỌT, KHAI THÁC, CHẾ BIẾN NÔNG, LÂM SẢN, CHĂN NUÔI - CHẾ BIẾN GIA SÚC, GIA CẦM)",Loại IV,"Nặng nhọc, độc hại, nguy hiểm",26,Chế biến chè xanh và chè đen.,"Công việc nặng nhọc, chịu tác động của ồn, bụi và nóng."
947,TT 11/2020/TT-BLĐTBXH,XI,"NÔNG NGHIỆP VÀ LÂM NGHIỆP (BAO GỒM TRỒNG TRỌT, KHAI THÁC, CHẾ BIẾN NÔNG, LÂM SẢN, CHĂN NUÔI - CHẾ BIẾN GIA SÚC, GIA CẦM)",Loại IV,"Nặng nhọc, độc hại, nguy hiểm",27,"Cân, trộn và đóng chè vào thùng.","Công việc nặng nhọc, chịu tác động của ồn, bụi và nóng."
948,TT 11/2020/TT-BLĐTBXH,XI,"NÔNG NGHIỆP VÀ LÂM NGHIỆP (BAO GỒM TRỒNG TRỌT, KHAI THÁC, CHẾ BIẾN NÔNG, LÂM SẢN, CHĂN NUÔI - CHẾ BIẾN GIA SÚC, GIA CẦM)",Loại IV,"Nặng nhọc, độc hại, nguy hiểm",27,Sản xuất hương liệu chè.,"Chịu tác động của nóng, bụi, khí CO, CO2 và các chất gây kích thích niêm mạc mắt, tai, mũi và họng."
949,TT 11/2020/TT-BLĐTBXH,XI,"NÔNG NGHIỆP VÀ LÂM NGHIỆP (BAO GỒM TRỒNG TRỌT, KHAI THÁC, CHẾ BIẾN NÔNG, LÂM SẢN, CHĂN NUÔI - CHẾ BIẾN GIA SÚC, GIA CẦM)",Loại IV,"Nặng nhọc, độc hại, nguy hiểm",29,Cấp nguyên liệu vào máy xay xát bằng thủ công.,"Lao động thủ công, nặng nhọc, chịu tác động của ồn, bụi nồng độ rất cao."
950,TT 11/2020/TT-BLĐTBXH,XI,"NÔNG NGHIỆP VÀ LÂM NGHIỆP (BAO GỒM TRỒNG TRỌT, KHAI THÁC, CHẾ BIẾN NÔNG, LÂM SẢN, CHĂN NUÔI - CHẾ BIẾN GIA SÚC, GIA CẦM)",Loại IV,"Nặng nhọc, độc hại, nguy hiểm",30,"Vận chuyển, bốc xếp thóc gạo, bột mì trong nhà máy.","Lao động thủ công, nặng nhọc, chịu tác động của bụi và ồn."
951,TT 11/2020/TT-BLĐTBXH,XI,"NÔNG NGHIỆP VÀ LÂM NGHIỆP (BAO GỒM TRỒNG TRỌT, KHAI THÁC, CHẾ BIẾN NÔNG, LÂM SẢN, CHĂN NUÔI - CHẾ BIẾN GIA SÚC, GIA CẦM)",Loại IV,"Nặng nhọc, độc hại, nguy hiểm",31,Sàng tạp chất của nguyên liệu xay xát,"Chịu tác động của ồn, rung và bụi."
952,TT 11/2020/TT-BLĐTBXH,XI,"NÔNG NGHIỆP VÀ LÂM NGHIỆP (BAO GỒM TRỒNG TRỌT, KHAI THÁC, CHẾ BIẾN NÔNG, LÂM SẢN, CHĂN NUÔI - CHẾ BIẾN GIA SÚC, GIA CẦM)",Loại IV,"Nặng nhọc, độc hại, nguy hiểm",32,Ủ lúa mì.,"Công việc nặng nhọc, tư thế lao động gò bó, chịu tác động của ồn và khí CO2."
953,TT 11/2020/TT-BLĐTBXH,XI,"NÔNG NGHIỆP VÀ LÂM NGHIỆP (BAO GỒM TRỒNG TRỌT, KHAI THÁC, CHẾ BIẾN NÔNG, LÂM SẢN, CHĂN NUÔI - CHẾ BIẾN GIA SÚC, GIA CẦM)",Loại IV,"Nặng nhọc, độc hại, nguy hiểm",33,Nghiền bột mì.,"Chịu tác động của ồn, rung và bụi."
954,TT 11/2020/TT-BLĐTBXH,XI,"NÔNG NGHIỆP VÀ LÂM NGHIỆP (BAO GỒM TRỒNG TRỌT, KHAI THÁC, CHẾ BIẾN NÔNG, LÂM SẢN, CHĂN NUÔI - CHẾ BIẾN GIA SÚC, GIA CẦM)",Loại IV,"Nặng nhọc, độc hại, nguy hiểm",34,Xay xát và đánh bóng gạo xuất khẩu.,"Chịu tác động của ồn cao, bụi, căng thẳng chú ý và mệt mỏi thần kinh tâm lý."
955,TT 11/2020/TT-BLĐTBXH,XI,"NÔNG NGHIỆP VÀ LÂM NGHIỆP (BAO GỒM TRỒNG TRỌT, KHAI THÁC, CHẾ BIẾN NÔNG, LÂM SẢN, CHĂN NUÔI - CHẾ BIẾN GIA SÚC, GIA CẦM)",Loại IV,"Nặng nhọc, độc hại, nguy hiểm",35,"Sàng, phân loại, tách màu hạt gạo.","Chịu tác động của rung, bụi và ồn cao."
956,TT 11/2020/TT-BLĐTBXH,XI,"NÔNG NGHIỆP VÀ LÂM NGHIỆP (BAO GỒM TRỒNG TRỌT, KHAI THÁC, CHẾ BIẾN NÔNG, LÂM SẢN, CHĂN NUÔI - CHẾ BIẾN GIA SÚC, GIA CẦM)",Loại IV,"Nặng nhọc, độc hại, nguy hiểm",36,Sản xuất đường glucoza,"Nơi làm việc ẩm ướt, chịu tác động của nóng, bụi, ồn cao và các chất hóa học."
957,TT 11/2020/TT-BLĐTBXH,XI,"NÔNG NGHIỆP VÀ LÂM NGHIỆP (BAO GỒM TRỒNG TRỌT, KHAI THÁC, CHẾ BIẾN NÔNG, LÂM SẢN, CHĂN NUÔI - CHẾ BIẾN GIA SÚC, GIA CẦM)",Loại IV,"Nặng nhọc, độc hại, nguy hiểm",37,Rửa thùng đựng đường.,"Lao động thủ công ngoài trời, tư thế lao động gò bó, tiếp xúc với hóa chất tẩy dầu mỡ."
958,TT 11/2020/TT-BLĐTBXH,XI,"NÔNG NGHIỆP VÀ LÂM NGHIỆP (BAO GỒM TRỒNG TRỌT, KHAI THÁC, CHẾ BIẾN NÔNG, LÂM SẢN, CHĂN NUÔI - CHẾ BIẾN GIA SÚC, GIA CẦM)",Loại IV,"Nặng nhọc, độc hại, nguy hiểm",38,"Vận chuyển, bốc vác và cào mía.","Làm việc ngoài trời, công việc thủ công, nặng nhọc, tiếp xúc với bụi, bẩn."
959,TT 11/2020/TT-BLĐTBXH,XI,"NÔNG NGHIỆP VÀ LÂM NGHIỆP (BAO GỒM TRỒNG TRỌT, KHAI THÁC, CHẾ BIẾN NÔNG, LÂM SẢN, CHĂN NUÔI - CHẾ BIẾN GIA SÚC, GIA CẦM)",Loại IV,"Nặng nhọc, độc hại, nguy hiểm",39,Vận hành máy cẩu tháp trong nhà máy đường.,"Làm việc trên cao, nơi làm việc chật hẹp, tư thế lao động gò bó, chịu tác động của ồn."
960,TT 11/2020/TT-BLĐTBXH,XI,"NÔNG NGHIỆP VÀ LÂM NGHIỆP (BAO GỒM TRỒNG TRỌT, KHAI THÁC, CHẾ BIẾN NÔNG, LÂM SẢN, CHĂN NUÔI - CHẾ BIẾN GIA SÚC, GIA CẦM)",Loại IV,"Nặng nhọc, độc hại, nguy hiểm",40,Vận hành hệ thống xé tơi và ép mía.,"Chịu tác động của nóng, ồn cao."
961,TT 11/2020/TT-BLĐTBXH,XI,"NÔNG NGHIỆP VÀ LÂM NGHIỆP (BAO GỒM TRỒNG TRỌT, KHAI THÁC, CHẾ BIẾN NÔNG, LÂM SẢN, CHĂN NUÔI - CHẾ BIẾN GIA SÚC, GIA CẦM)",Loại IV,"Nặng nhọc, độc hại, nguy hiểm",41,"Bơm, cân nước mía, mật chè và gia nhiệt trung hóa, bốc hơi.","Nơi làm việc chật hẹp, ẩm ướt, tư thế lao động gò bó, chịu tác động của ồn và nhiệt độ cao."
962,TT 11/2020/TT-BLĐTBXH,XI,"NÔNG NGHIỆP VÀ LÂM NGHIỆP (BAO GỒM TRỒNG TRỌT, KHAI THÁC, CHẾ BIẾN NÔNG, LÂM SẢN, CHĂN NUÔI - CHẾ BIẾN GIA SÚC, GIA CẦM)",Loại IV,"Nặng nhọc, độc hại, nguy hiểm",42,"Vận hành hệ thống nấu đường, trợ tinh và hồi dung.","Chịu tác động của ồn, nhiệt độ cao, căng thẳng thần kinh tâm lý."
963,TT 11/2020/TT-BLĐTBXH,XI,"NÔNG NGHIỆP VÀ LÂM NGHIỆP (BAO GỒM TRỒNG TRỌT, KHAI THÁC, CHẾ BIẾN NÔNG, LÂM SẢN, CHĂN NUÔI - CHẾ BIẾN GIA SÚC, GIA CẦM)",Loại IV,"Nặng nhọc, độc hại, nguy hiểm",43,"Lọc ép, lọc túi và ly tâm đường mía.","Công việc nặng nhọc, tư thế lao động gò bó, chịu tác động của nóng và ồn."
964,TT 11/2020/TT-BLĐTBXH,XI,"NÔNG NGHIỆP VÀ LÂM NGHIỆP (BAO GỒM TRỒNG TRỌT, KHAI THÁC, CHẾ BIẾN NÔNG, LÂM SẢN, CHĂN NUÔI - CHẾ BIẾN GIA SÚC, GIA CẦM)",Loại IV,"Nặng nhọc, độc hại, nguy hiểm",44,Đốt xông lưu huỳnh.,"Nơi làm việc chật hẹp, chịu tác động của hơi khí độc và nóng."
965,TT 11/2020/TT-BLĐTBXH,XI,"NÔNG NGHIỆP VÀ LÂM NGHIỆP (BAO GỒM TRỒNG TRỌT, KHAI THÁC, CHẾ BIẾN NÔNG, LÂM SẢN, CHĂN NUÔI - CHẾ BIẾN GIA SÚC, GIA CẦM)",Loại IV,"Nặng nhọc, độc hại, nguy hiểm",45,Vận hành lò hơi và tuốc bin máy phát điện trong nhà máy đường.,"Chịu tác động của nhiệt độ cao, ồn, bụi và khí CO2."
966,TT 11/2020/TT-BLĐTBXH,XI,"NÔNG NGHIỆP VÀ LÂM NGHIỆP (BAO GỒM TRỒNG TRỌT, KHAI THÁC, CHẾ BIẾN NÔNG, LÂM SẢN, CHĂN NUÔI - CHẾ BIẾN GIA SÚC, GIA CẦM)",Loại IV,"Nặng nhọc, độc hại, nguy hiểm",46,Nuôi và chăm sóc lợn.,"Lao động thủ công, nặng nhọc, nơi làm việc ẩm ướt, hôi thối, tiếp xúc với nấm và vi sinh vật gây bệnh."
967,TT 11/2020/TT-BLĐTBXH,XI,"NÔNG NGHIỆP VÀ LÂM NGHIỆP (BAO GỒM TRỒNG TRỌT, KHAI THÁC, CHẾ BIẾN NÔNG, LÂM SẢN, CHĂN NUÔI - CHẾ BIẾN GIA SÚC, GIA CẦM)",Loại IV,"Nặng nhọc, độc hại, nguy hiểm",47,"Chăm sóc, theo dõi sinh lý, sinh sản tâm lý, và thụ tinh nhân tạo cho ngựa giống.","Công việc nặng nhọc, căng thẳng thần kinh thường xuyên tiếp xúc với chất thải của động vật và vi sinh vật gây bệnh."
968,TT 11/2020/TT-BLĐTBXH,XI,"NÔNG NGHIỆP VÀ LÂM NGHIỆP (BAO GỒM TRỒNG TRỌT, KHAI THÁC, CHẾ BIẾN NÔNG, LÂM SẢN, CHĂN NUÔI - CHẾ BIẾN GIA SÚC, GIA CẦM)",Loại IV,"Nặng nhọc, độc hại, nguy hiểm",48,"Ấp trứng, chọn trống, mái gia cầm.","Nơi làm việc chật hẹp, ngột ngạt, tư thế lao động gò bó, chịu tác động của nóng, bụi, tiếp xúc với nấm và vi sinh vật gây bệnh."
969,TT 11/2020/TT-BLĐTBXH,XI,"NÔNG NGHIỆP VÀ LÂM NGHIỆP (BAO GỒM TRỒNG TRỌT, KHAI THÁC, CHẾ BIẾN NÔNG, LÂM SẢN, CHĂN NUÔI - CHẾ BIẾN GIA SÚC, GIA CẦM)",Loại IV,"Nặng nhọc, độc hại, nguy hiểm",49,"Chăm sóc, nuôi dưỡng và vệ sinh chuồng trại giống gia cầm","Làm việc trong môi trường bụi, bẩn, hôi thối công việc nặng nhọc, tiếp xúc với nhiều loại nấm và vi sinh vật gây bệnh."
970,TT 11/2020/TT-BLĐTBXH,XI,"NÔNG NGHIỆP VÀ LÂM NGHIỆP (BAO GỒM TRỒNG TRỌT, KHAI THÁC, CHẾ BIẾN NÔNG, LÂM SẢN, CHĂN NUÔI - CHẾ BIẾN GIA SÚC, GIA CẦM)",Loại IV,"Nặng nhọc, độc hại, nguy hiểm",50,Điều tra quy hoạch rừng.,"Làm việc ngoài trời, thường xuyên đi lại ở nơi địa hình phức tạp, nhiều đèo, dốc, tiếp xúc với côn trùng và vi sinh vật gây bệnh."
971,TT 11/2020/TT-BLĐTBXH,XI,"NÔNG NGHIỆP VÀ LÂM NGHIỆP (BAO GỒM TRỒNG TRỌT, KHAI THÁC, CHẾ BIẾN NÔNG, LÂM SẢN, CHĂN NUÔI - CHẾ BIẾN GIA SÚC, GIA CẦM)",Loại IV,"Nặng nhọc, độc hại, nguy hiểm",51,"Điều tra, thu hái quả, cành giống lâm nghiệp.","Làm việc ngoài trời, công việc nặng nhọc, nguy hiểm, tư thế lao động gò bó."
972,TT 11/2020/TT-BLĐTBXH,XI,"NÔNG NGHIỆP VÀ LÂM NGHIỆP (BAO GỒM TRỒNG TRỌT, KHAI THÁC, CHẾ BIẾN NÔNG, LÂM SẢN, CHĂN NUÔI - CHẾ BIẾN GIA SÚC, GIA CẦM)",Loại IV,"Nặng nhọc, độc hại, nguy hiểm",52,Kiểm lâm viên trực tiếp quản lý và bảo vệ rừng.,"Lao động ngoài trời, công việc nặng nhọc, nguy hiểm, giải quyết nhiều công việc phức tạp, tiếp xúc với công trùng và vi sinh vật gây bệnh"
973,TT 11/2020/TT-BLĐTBXH,XI,"NÔNG NGHIỆP VÀ LÂM NGHIỆP (BAO GỒM TRỒNG TRỌT, KHAI THÁC, CHẾ BIẾN NÔNG, LÂM SẢN, CHĂN NUÔI - CHẾ BIẾN GIA SÚC, GIA CẦM)",Loại IV,"Nặng nhọc, độc hại, nguy hiểm",53,Phòng chống cháy rừng.,"Lao động thủ công, nặng nhọc, khi chữa cháy rất nguy hiểm, tiếp xúc với nóng, CO2."
974,TT 11/2020/TT-BLĐTBXH,XI,"NÔNG NGHIỆP VÀ LÂM NGHIỆP (BAO GỒM TRỒNG TRỌT, KHAI THÁC, CHẾ BIẾN NÔNG, LÂM SẢN, CHĂN NUÔI - CHẾ BIẾN GIA SÚC, GIA CẦM)",Loại IV,"Nặng nhọc, độc hại, nguy hiểm",54,"Vận xuất gỗ bằng cáp, tời (cơ giới) ra bãi I.","Lao động ngoài trời, công việc nặng nhọc, có phần nguy hiểm, tiếp xúc với côn trùng và vi sinh vật gây bệnh."
975,TT 11/2020/TT-BLĐTBXH,XI,"NÔNG NGHIỆP VÀ LÂM NGHIỆP (BAO GỒM TRỒNG TRỌT, KHAI THÁC, CHẾ BIẾN NÔNG, LÂM SẢN, CHĂN NUÔI - CHẾ BIẾN GIA SÚC, GIA CẦM)",Loại IV,"Nặng nhọc, độc hại, nguy hiểm",55,"Sản xuất ván dăm, ván sợi gỗ.","Công việc nặng nhọc, độc hại, chịu tác động của ồn, bụi nóng và các hóa chất độc."
976,TT 11/2020/TT-BLĐTBXH,XI,"NÔNG NGHIỆP VÀ LÂM NGHIỆP (BAO GỒM TRỒNG TRỌT, KHAI THÁC, CHẾ BIẾN NÔNG, LÂM SẢN, CHĂN NUÔI - CHẾ BIẾN GIA SÚC, GIA CẦM)",Loại IV,"Nặng nhọc, độc hại, nguy hiểm",56,"Sấy, luộc, bảo quản gỗ thủ công.","Lao động thủ công, nặng nhọc, chịu tác động của nhiệt độ cao"
977,TT 11/2020/TT-BLĐTBXH,XI,"NÔNG NGHIỆP VÀ LÂM NGHIỆP (BAO GỒM TRỒNG TRỌT, KHAI THÁC, CHẾ BIẾN NÔNG, LÂM SẢN, CHĂN NUÔI - CHẾ BIẾN GIA SÚC, GIA CẦM)",Loại IV,"Nặng nhọc, độc hại, nguy hiểm",57,Sản xuất cót ép bán thủ công.,"Lao động thủ công, nặng nhọc, tiếp xúc với nóng, khí độc (formaldehyt, phenol)."
978,TT 11/2020/TT-BLĐTBXH,XI,"NÔNG NGHIỆP VÀ LÂM NGHIỆP (BAO GỒM TRỒNG TRỌT, KHAI THÁC, CHẾ BIẾN NÔNG, LÂM SẢN, CHĂN NUÔI - CHẾ BIẾN GIA SÚC, GIA CẦM)",Loại IV,"Nặng nhọc, độc hại, nguy hiểm",58,Khai thác cánh kiến,"Lao động ngoài trời, công việc nặng nhọc, nguy hiểm, tiếp xúc côn trùng và vi sinh vật gây bệnh."
979,TT 11/2020/TT-BLĐTBXH,XI,"NÔNG NGHIỆP VÀ LÂM NGHIỆP (BAO GỒM TRỒNG TRỌT, KHAI THÁC, CHẾ BIẾN NÔNG, LÂM SẢN, CHĂN NUÔI - CHẾ BIẾN GIA SÚC, GIA CẦM)",Loại IV,"Nặng nhọc, độc hại, nguy hiểm",59,Chế biến nhựa thông; chế biến cánh kiến.,Chịu tác động của nhiệt độ cao và hóa chất độc.
980,TT 11/2020/TT-BLĐTBXH,XI,"NÔNG NGHIỆP VÀ LÂM NGHIỆP (BAO GỒM TRỒNG TRỌT, KHAI THÁC, CHẾ BIẾN NÔNG, LÂM SẢN, CHĂN NUÔI - CHẾ BIẾN GIA SÚC, GIA CẦM)",Loại IV,"Nặng nhọc, độc hại, nguy hiểm",60,Mộc máy.,"Công việc nặng nhọc, chịu tác động của ồn và bụi."
981,TT 11/2020/TT-BLĐTBXH,XI,"NÔNG NGHIỆP VÀ LÂM NGHIỆP (BAO GỒM TRỒNG TRỌT, KHAI THÁC, CHẾ BIẾN NÔNG, LÂM SẢN, CHĂN NUÔI - CHẾ BIẾN GIA SÚC, GIA CẦM)",Loại IV,"Nặng nhọc, độc hại, nguy hiểm",61,Nuôi thú rừng trong các vườn quốc gia.,"Lao động ngoài trời, công việc nặng nhọc, thường xuyên tiếp xúc với chất thải của động vật và vi sinh vật gây bệnh."
982,TT 11/2020/TT-BLĐTBXH,XI,"NÔNG NGHIỆP VÀ LÂM NGHIỆP (BAO GỒM TRỒNG TRỌT, KHAI THÁC, CHẾ BIẾN NÔNG, LÂM SẢN, CHĂN NUÔI - CHẾ BIẾN GIA SÚC, GIA CẦM)",Loại IV,"Nặng nhọc, độc hại, nguy hiểm",62,Sản xuất thuốc vi sinh diệt trừ sâu bệnh.,"Chịu tác động của ồn, bụi, hóa chất độc và vi sinh vật gây bệnh."
983,TT 11/2020/TT-BLĐTBXH,XI,"NÔNG NGHIỆP VÀ LÂM NGHIỆP (BAO GỒM TRỒNG TRỌT, KHAI THÁC, CHẾ BIẾN NÔNG, LÂM SẢN, CHĂN NUÔI - CHẾ BIẾN GIA SÚC, GIA CẦM)",Loại IV,"Nặng nhọc, độc hại, nguy hiểm",63,"Lái xe vận tải chuyên dùng trọng tải dưới 10T, chở gỗ từ bãi I ra bãi II.","Công việc nguy hiểm, chịu tác động của ồn, rung và bụi."
984,TT 11/2020/TT-BLĐTBXH,XI,"NÔNG NGHIỆP VÀ LÂM NGHIỆP (BAO GỒM TRỒNG TRỌT, KHAI THÁC, CHẾ BIẾN NÔNG, LÂM SẢN, CHĂN NUÔI - CHẾ BIẾN GIA SÚC, GIA CẦM)",Loại IV,"Nặng nhọc, độc hại, nguy hiểm",64,"Điều tra quy hoạch ở vùng núi cao, rừng sâu và hải đảo.","Chuyên đi lưu động trên các địa hình hiểm trở, công việc nặng nhọc, nguy hiểm."
985,TT 11/2020/TT-BLĐTBXH,XI,"NÔNG NGHIỆP VÀ LÂM NGHIỆP (BAO GỒM TRỒNG TRỌT, KHAI THÁC, CHẾ BIẾN NÔNG, LÂM SẢN, CHĂN NUÔI - CHẾ BIẾN GIA SÚC, GIA CẦM)",Loại IV,"Nặng nhọc, độc hại, nguy hiểm",65,"Sơ chế cà phê (phơi, xát tươi, xát khô, sàng phân loại, đánh bóng, đóng bao hạt).","Công việc nặng nhọc, chịu ảnh hưởng bụi, nóng, ồn."
986,TT 11/2020/TT-BLĐTBXH,XI,"NÔNG NGHIỆP VÀ LÂM NGHIỆP (BAO GỒM TRỒNG TRỌT, KHAI THÁC, CHẾ BIẾN NÔNG, LÂM SẢN, CHĂN NUÔI - CHẾ BIẾN GIA SÚC, GIA CẦM)",Loại IV,"Nặng nhọc, độc hại, nguy hiểm",66,"Rang, xay cà phê.","Công việc nặng nhọc, chịu ảnh hưởng nóng, bụi cà phê (kích thích thần kinh)"
987,TT 11/2020/TT-BLĐTBXH,XI,"NÔNG NGHIỆP VÀ LÂM NGHIỆP (BAO GỒM TRỒNG TRỌT, KHAI THÁC, CHẾ BIẾN NÔNG, LÂM SẢN, CHĂN NUÔI - CHẾ BIẾN GIA SÚC, GIA CẦM)",Loại IV,"Nặng nhọc, độc hại, nguy hiểm",67,Tiêu hòa vôi trong quy trình các bon nát hóa (trong sản xuất đường mía),"Lao động thủ công nặng nhọc, tiếp xúc với bụi vôi và vôi sữa (ăn mòn da tay)"
988,TT 11/2020/TT-BLĐTBXH,XI,"NÔNG NGHIỆP VÀ LÂM NGHIỆP (BAO GỒM TRỒNG TRỌT, KHAI THÁC, CHẾ BIẾN NÔNG, LÂM SẢN, CHĂN NUÔI - CHẾ BIẾN GIA SÚC, GIA CẦM)",Loại IV,"Nặng nhọc, độc hại, nguy hiểm",68,Sản xuất bột canh thủ công,"Công việc nặng nhọc, chịu ảnh hưởng nóng, CO, muối, tiêu, hành, tỏi (kích thích niêm mạc đường hô hấp)."
989,TT 11/2020/TT-BLĐTBXH,XI,"NÔNG NGHIỆP VÀ LÂM NGHIỆP (BAO GỒM TRỒNG TRỌT, KHAI THÁC, CHẾ BIẾN NÔNG, LÂM SẢN, CHĂN NUÔI - CHẾ BIẾN GIA SÚC, GIA CẦM)",Loại IV,"Nặng nhọc, độc hại, nguy hiểm",69,Vệ sinh công nghiệp trong các xí nghiệp chế biến.,"Lao động thủ công, nặng nhọc, tiếp xúc với các chất phế thải."
990,TT 11/2020/TT-BLĐTBXH,XI,"NÔNG NGHIỆP VÀ LÂM NGHIỆP (BAO GỒM TRỒNG TRỌT, KHAI THÁC, CHẾ BIẾN NÔNG, LÂM SẢN, CHĂN NUÔI - CHẾ BIẾN GIA SÚC, GIA CẦM)",Loại IV,"Nặng nhọc, độc hại, nguy hiểm",70,"Sản xuất nhân giống, chiếu kính, bảo quản trứng tằm trong nhà lạnh.","Làm việc trong môi trường lạnh, thường giốngxuyên tiếp xúc với bụi phấn ngài, formon, axít HCl."
991,TT 11/2020/TT-BLĐTBXH,XI,"NÔNG NGHIỆP VÀ LÂM NGHIỆP (BAO GỒM TRỒNG TRỌT, KHAI THÁC, CHẾ BIẾN NÔNG, LÂM SẢN, CHĂN NUÔI - CHẾ BIẾN GIA SÚC, GIA CẦM)",Loại IV,"Nặng nhọc, độc hại, nguy hiểm",71,Nuôi tằm.,"Lao động thủ công, tiếp xúc với phân tằm, formon, Bi58, CaCl2 (trừ bệnh cho tằm)."
992,TT 11/2020/TT-BLĐTBXH,XI,"NÔNG NGHIỆP VÀ LÂM NGHIỆP (BAO GỒM TRỒNG TRỌT, KHAI THÁC, CHẾ BIẾN NÔNG, LÂM SẢN, CHĂN NUÔI - CHẾ BIẾN GIA SÚC, GIA CẦM)",Loại IV,"Nặng nhọc, độc hại, nguy hiểm",72,Ươm tơ,"Thường xuyên tiếp xúc với hơi nóng, độ ẩm cao, mùi hôi của nhộng tằm, tay tiếp xúc với nước có protein phân hủy gây dị ứng, căng thẳng thị giác."
993,TT 11/2020/TT-BLĐTBXH,XI,"NÔNG NGHIỆP VÀ LÂM NGHIỆP (BAO GỒM TRỒNG TRỌT, KHAI THÁC, CHẾ BIẾN NÔNG, LÂM SẢN, CHĂN NUÔI - CHẾ BIẾN GIA SÚC, GIA CẦM)",Loại IV,"Nặng nhọc, độc hại, nguy hiểm",73,"Làm mềm tơ, lụa.","ảnh hưởng bụi, hóa chất độc, căng thẳng thị giác."
994,TT 11/2020/TT-BLĐTBXH,XI,"NÔNG NGHIỆP VÀ LÂM NGHIỆP (BAO GỒM TRỒNG TRỌT, KHAI THÁC, CHẾ BIẾN NÔNG, LÂM SẢN, CHĂN NUÔI - CHẾ BIẾN GIA SÚC, GIA CẦM)",Loại IV,"Nặng nhọc, độc hại, nguy hiểm",74,"In hoa, tẩy chuội, nhuộm, hoàn tất lụa.","Công việc nặng nhọc, thường xuyên tiếp xúc với nóng, hóa chất nhuộm, NaOH, dầu (làm mềm tơ)."
995,TT 11/2020/TT-BLĐTBXH,XI,"NÔNG NGHIỆP VÀ LÂM NGHIỆP (BAO GỒM TRỒNG TRỌT, KHAI THÁC, CHẾ BIẾN NÔNG, LÂM SẢN, CHĂN NUÔI - CHẾ BIẾN GIA SÚC, GIA CẦM)",Loại IV,"Nặng nhọc, độc hại, nguy hiểm",75,Chế biến phế liệu tơ tằm.,"Lao động thủ công, thường xuyên tiếp xúc với bụi phế liệu, hóa chất tẩy, mùi hôi của protein phân hủy."
996,TT 11/2020/TT-BLĐTBXH,XI,"NÔNG NGHIỆP VÀ LÂM NGHIỆP (BAO GỒM TRỒNG TRỌT, KHAI THÁC, CHẾ BIẾN NÔNG, LÂM SẢN, CHĂN NUÔI - CHẾ BIẾN GIA SÚC, GIA CẦM)",Loại IV,"Nặng nhọc, độc hại, nguy hiểm",76,"Vệ sinh công nghiệp trong các nhà máy ươm tơ, dệt lụa, in nhuộm.","Lao động thủ công, thường xuyên tiếp xúc với hóa chất, các chất thải công nghiệp."
997,TT 11/2020/TT-BLĐTBXH,XI,"NÔNG NGHIỆP VÀ LÂM NGHIỆP (BAO GỒM TRỒNG TRỌT, KHAI THÁC, CHẾ BIẾN NÔNG, LÂM SẢN, CHĂN NUÔI - CHẾ BIẾN GIA SÚC, GIA CẦM)",Loại IV,"Nặng nhọc, độc hại, nguy hiểm",77,Khảo nghiệm thuốc bảo vệ thực vật.,"Làm việc trong môi trường độc hại, thường xuyên tiếp xúc hóa chất độc nguy hiểm như: asen, toluen, aceton, Bi58, este."
998,TT 11/2020/TT-BLĐTBXH,XI,"NÔNG NGHIỆP VÀ LÂM NGHIỆP (BAO GỒM TRỒNG TRỌT, KHAI THÁC, CHẾ BIẾN NÔNG, LÂM SẢN, CHĂN NUÔI - CHẾ BIẾN GIA SÚC, GIA CẦM)",Loại IV,"Nặng nhọc, độc hại, nguy hiểm",78,"Điều tra, phát hiện dự tính, dự báo bảo vệ thực vật.","Làm việc ngoài đồng ruộng, tiếp xúc với các loại hóa chất trừ sâu và côn trùng."
999,TT 11/2020/TT-BLĐTBXH,XI,"NÔNG NGHIỆP VÀ LÂM NGHIỆP (BAO GỒM TRỒNG TRỌT, KHAI THÁC, CHẾ BIẾN NÔNG, LÂM SẢN, CHĂN NUÔI - CHẾ BIẾN GIA SÚC, GIA CẦM)",Loại IV,"Nặng nhọc, độc hại, nguy hiểm",79,"Kiểm nghiệm, phân loại, bảo quản hạt giống trong phòng kín.","Chịu ảnh hưởng của nóng ẩm, hóa chất HCl, H2SO4, dithiocacbonat kẽm, cacbary, vectroon."
1000,TT 11/2020/TT-BLĐTBXH,XI,"NÔNG NGHIỆP VÀ LÂM NGHIỆP (BAO GỒM TRỒNG TRỌT, KHAI THÁC, CHẾ BIẾN NÔNG, LÂM SẢN, CHĂN NUÔI - CHẾ BIẾN GIA SÚC, GIA CẦM)",Loại IV,"Nặng nhọc, độc hại, nguy hiểm",80,Vận hành máy sàng phân loại hạt điều.,"Công việc nặng nhọc, ảnh hưởng của bụi và tiếng ồn cao."
1001,TT 11/2020/TT-BLĐTBXH,XI,"NÔNG NGHIỆP VÀ LÂM NGHIỆP (BAO GỒM TRỒNG TRỌT, KHAI THÁC, CHẾ BIẾN NÔNG, LÂM SẢN, CHĂN NUÔI - CHẾ BIẾN GIA SÚC, GIA CẦM)",Loại IV,"Nặng nhọc, độc hại, nguy hiểm",81,Vận hành máy chao dầu hạt điều.,"Lao động nặng nhọc, tiếp xúc thường xuyên nóng và dầu."
1002,TT 11/2020/TT-BLĐTBXH,XI,"NÔNG NGHIỆP VÀ LÂM NGHIỆP (BAO GỒM TRỒNG TRỌT, KHAI THÁC, CHẾ BIẾN NÔNG, LÂM SẢN, CHĂN NUÔI - CHẾ BIẾN GIA SÚC, GIA CẦM)",Loại IV,"Nặng nhọc, độc hại, nguy hiểm",82,Tách hạt điều thủ công.,"Lao động thủ công, tư thế lao động gò bó, chịu tác động của bụi."
1003,TT 11/2020/TT-BLĐTBXH,XI,"NÔNG NGHIỆP VÀ LÂM NGHIỆP (BAO GỒM TRỒNG TRỌT, KHAI THÁC, CHẾ BIẾN NÔNG, LÂM SẢN, CHĂN NUÔI - CHẾ BIẾN GIA SÚC, GIA CẦM)",Loại IV,"Nặng nhọc, độc hại, nguy hiểm",83,Xử lý nước thải bằng phương pháp vi sinh tại các nhà máy chế biến mủ cao su.,"Làm việc ngoài trời, lặn, ngâm mình dưới nước bẩn, tiếp xúc với hóa chất độc."
1004,TT 11/2020/TT-BLĐTBXH,XI,"NÔNG NGHIỆP VÀ LÂM NGHIỆP (BAO GỒM TRỒNG TRỌT, KHAI THÁC, CHẾ BIẾN NÔNG, LÂM SẢN, CHĂN NUÔI - CHẾ BIẾN GIA SÚC, GIA CẦM)",Loại IV,"Nặng nhọc, độc hại, nguy hiểm",84,"Vận hành máy in túi PP, PE hữu cơ.",Thường xuyên tiếp xúc với dung môi
1005,TT 11/2020/TT-BLĐTBXH,XI,"NÔNG NGHIỆP VÀ LÂM NGHIỆP (BAO GỒM TRỒNG TRỌT, KHAI THÁC, CHẾ BIẾN NÔNG, LÂM SẢN, CHĂN NUÔI - CHẾ BIẾN GIA SÚC, GIA CẦM)",Loại IV,"Nặng nhọc, độc hại, nguy hiểm",85,"Vận hành máy khoan thăm dò, khai thác nước ngầm (kể cả lái xe)","Luôn phải lưu động tại vùng rừng núi, hải đảo thiếu nước ngọt, công việc nặng nhọc, nguy hiểm, ảnh hưởng trực tiếp ồn rung lớn, tư thế lao động gò bó, nơi làm việc bẩn thỉu."
1006,TT 11/2020/TT-BLĐTBXH,XI,"NÔNG NGHIỆP VÀ LÂM NGHIỆP (BAO GỒM TRỒNG TRỌT, KHAI THÁC, CHẾ BIẾN NÔNG, LÂM SẢN, CHĂN NUÔI - CHẾ BIẾN GIA SÚC, GIA CẦM)",Loại IV,"Nặng nhọc, độc hại, nguy hiểm",86,"Xây lắp đường ống nước, bể nước trên vùng cao.","Lao động nặng nhọc, nguy hiểm và luôn phải đi lưu động vùng rừng núi, hải đảo"
1007,TT 11/2020/TT-BLĐTBXH,XI,"NÔNG NGHIỆP VÀ LÂM NGHIỆP (BAO GỒM TRỒNG TRỌT, KHAI THÁC, CHẾ BIẾN NÔNG, LÂM SẢN, CHĂN NUÔI - CHẾ BIẾN GIA SÚC, GIA CẦM)",Loại IV,"Nặng nhọc, độc hại, nguy hiểm",87,"Chăn nuôi dê, thỏ","Lao động thủ công, nơi làm việc ẩm ướt, hôi thối, luôn phải tiếp xúc với nấm và vi sinh vật gây bệnh."
1008,TT 11/2020/TT-BLĐTBXH,XI,"NÔNG NGHIỆP VÀ LÂM NGHIỆP (BAO GỒM TRỒNG TRỌT, KHAI THÁC, CHẾ BIẾN NÔNG, LÂM SẢN, CHĂN NUÔI - CHẾ BIẾN GIA SÚC, GIA CẦM)",Loại IV,"Nặng nhọc, độc hại, nguy hiểm",88,"Phân tích, kiểm tra, xử lý, lưu trữ hồ sơ giám định xuất nhập khẩu cà phê và hàng hóa nông sản trên máy vi tính.","Công việc khẩn chương, căng thẳng, đảm bảo nhanh tiến độ giao nhận hàng ngoài cảng; thường xuyên tiếp xúc với màn hình, chịu ảnh hưởng của điện từ trường."
1009,TT 11/2020/TT-BLĐTBXH,XI,"NÔNG NGHIỆP VÀ LÂM NGHIỆP (BAO GỒM TRỒNG TRỌT, KHAI THÁC, CHẾ BIẾN NÔNG, LÂM SẢN, CHĂN NUÔI - CHẾ BIẾN GIA SÚC, GIA CẦM)",Loại IV,"Nặng nhọc, độc hại, nguy hiểm",89,"Phân tích, kiểm nghiệm chất lượng cà phê và hàng hóa nông sản xuất nhập khẩu trong phòng thí nghiệm","Thường xuyên tiếp xúc với các loại chất độc hại và các chất dung môi hữu cơ như hecxan, toluen, ête etylic, ête petrol... để phân tích các độc tố (nấm mốc gây ung thư); xác định các loại sâu mọt, côn trùng."
1010,TT 11/2020/TT-BLĐTBXH,XI,"NÔNG NGHIỆP VÀ LÂM NGHIỆP (BAO GỒM TRỒNG TRỌT, KHAI THÁC, CHẾ BIẾN NÔNG, LÂM SẢN, CHĂN NUÔI - CHẾ BIẾN GIA SÚC, GIA CẦM)",Loại IV,"Nặng nhọc, độc hại, nguy hiểm",90,"Kiểm dịch thực vật và khử trùng hàng hóa nông, lâm sản xuất nhập khẩu tại các kho tàng bến bãi, container, trên ô tô,","Công việc nặng nhọc, ảnh hưởng trực tiếp các loại hóa chất để khử trùng như Phosphin (PH3) metyl bromide (CH3Br) CO2, DDVP. Nơi làm việc chật hẹp, thiếu ánh sáng, thiếu dưỡng khí."
1011,TT 11/2020/TT-BLĐTBXH,XI,"NÔNG NGHIỆP VÀ LÂM NGHIỆP (BAO GỒM TRỒNG TRỌT, KHAI THÁC, CHẾ BIẾN NÔNG, LÂM SẢN, CHĂN NUÔI - CHẾ BIẾN GIA SÚC, GIA CẦM)",Loại IV,"Nặng nhọc, độc hại, nguy hiểm",91,"Luyện, cán cao su để làm lốp ô tô các loại xe nông nghiệp","Công việc nguy hiểm; thường xuyên tiếp xúc với hóa chất nồng độ cao, nóng, bụi."
1012,TT 11/2020/TT-BLĐTBXH,XI,"NÔNG NGHIỆP VÀ LÂM NGHIỆP (BAO GỒM TRỒNG TRỌT, KHAI THÁC, CHẾ BIẾN NÔNG, LÂM SẢN, CHĂN NUÔI - CHẾ BIẾN GIA SÚC, GIA CẦM)",Loại IV,"Nặng nhọc, độc hại, nguy hiểm",92,Thanh tra chuyên ngành thuốc bảo vệ thực vật.,"Công việc thường xuyên phải đi lưu động, tiếp xúc với các hóa chất độc nguy hiểm như Wofatox, Bi 58, Bassa, Axeton, Ether."
1013,TT 11/2020/TT-BLĐTBXH,XI,"NÔNG NGHIỆP VÀ LÂM NGHIỆP (BAO GỒM TRỒNG TRỌT, KHAI THÁC, CHẾ BIẾN NÔNG, LÂM SẢN, CHĂN NUÔI - CHẾ BIẾN GIA SÚC, GIA CẦM)",Loại IV,"Nặng nhọc, độc hại, nguy hiểm",93,"Sử dụng, bảo quản thuốc chống mối.",Thường xuyên tiếp xúc với hóa chất độc.
1014,TT 11/2020/TT-BLĐTBXH,XII,THƯƠNG MẠI,Loại V,"Đặc biệt nặng nhọc, độc hại, nguy hiểm",1,"Đo tính, bảo quản, giao nhận xăng, trong hang hầm.","Nơi làm việc chật hẹp, thiếu ánh sáng, thiếu dầu dưỡng khí, chịu tác động của xăng, dầu vượt tiêu chuẩn cho phép nhiều lần."
1015,TT 11/2020/TT-BLĐTBXH,XII,THƯƠNG MẠI,Loại V,"Đặc biệt nặng nhọc, độc hại, nguy hiểm",2,"Vận hành máy bơm xăng, dầu trong hang hầm.","Nơi làm việc chật hẹp, thiếu ánh sáng, thiếu dưỡng khí, chịu tác động của tiếng ồn cao và hơi xăng, dầu."
1016,TT 11/2020/TT-BLĐTBXH,XII,THƯƠNG MẠI,Loại V,"Đặc biệt nặng nhọc, độc hại, nguy hiểm",3,"Lắp đặt, sửa chữa các thiết bị và bể xăng, dầu trong hang hầm","Nơi làm việc chật hẹp, thiếu ánh sáng, thiếu dưỡng khí, tư thế làm việc gò bó, chịu tác động của tiếng ồn, xăng và dầu."
1017,TT 11/2020/TT-BLĐTBXH,XII,THƯƠNG MẠI,Loại V,"Đặc biệt nặng nhọc, độc hại, nguy hiểm",4,"Tái sinh, pha chế dầu bằng phương pháp thủ công.","Công việc nặng nhọc, độc hại, chịu tác động của xăng, dầu và các hóa chất độc."
1018,TT 11/2020/TT-BLĐTBXH,XII,THƯƠNG MẠI,Loại V,"Đặc biệt nặng nhọc, độc hại, nguy hiểm",5,"Sĩ quan, thuyền viên tàu chở xăng, dầu trên biển.","Chịu tác động của sóng nước, ồn, rung và xăng, dầu."
1019,TT 11/2020/TT-BLĐTBXH,XII,THƯƠNG MẠI,Loại V,"Đặc biệt nặng nhọc, độc hại, nguy hiểm",6,"Giao, nhận xăng, dầu trên biển.","Chịu tác động của sóng gió, rung, ồn cao và hơi xăng, dầu vượt tiêu chuẩn cho phép nhiều lần."
1020,TT 11/2020/TT-BLĐTBXH,XII,THƯƠNG MẠI,Loại V,"Đặc biệt nặng nhọc, độc hại, nguy hiểm",7,"Xúc rửa, hàn, tẩy rỉ, sơn các bể xăng, dầu loại lớn.","Làm việc trong thùng kín, tư thế làm việc gò bó, chịu tác động của xăng, dầu, nóng, ồn, bụi và hóa chất trong sơn."
1021,TT 11/2020/TT-BLĐTBXH,XII,THƯƠNG MẠI,Loại V,"Đặc biệt nặng nhọc, độc hại, nguy hiểm",8,"Vận hành máy bơm xăng, dầu có áp lực từ 50kg/cm2 trở lên","Chịu tác động của ồn cao, rung và xăng, dầu nồng độ rất cao."
1022,TT 11/2020/TT-BLĐTBXH,XII,THƯƠNG MẠI,Loại V,"Đặc biệt nặng nhọc, độc hại, nguy hiểm",9,"Bơm, rót, đóng bình a xít H2SO4, HCl","Công việc nặng nhọc, tư thế lao động gò bó, chịu tác động của hóa chất độc mạnh, nguy hiểm"
1023,TT 11/2020/TT-BLĐTBXH,XII,THƯƠNG MẠI,Loại V,"Đặc biệt nặng nhọc, độc hại, nguy hiểm",10,Giám định dầu thô ngoài giàn khoan,"Làm việc ở ngoài khơi, xa bờ, chịu tác động của sóng, gió, thời tiết khắc nghiệt, trèo cao, công việc nặng nhọc, nguy hiểm."
1024,TT 11/2020/TT-BLĐTBXH,XII,THƯƠNG MẠI,Loại V,"Đặc biệt nặng nhọc, độc hại, nguy hiểm",11,"Vận hành hệ thống sơn, bảo dưỡng và kiểm định chai LPG","Môi trường làm việc nóng, nguy cơ cháy nổ cao; chịu tác động bức xạ nhiệt, tiếng ồn và bụi; tư thế lao động gò bó; mang vật nặng suốt ca làm việc"
1025,TT 11/2020/TT-BLĐTBXH,XII,THƯƠNG MẠI,Loại IV,"Nặng nhọc, độc hại, nguy hiểm",1,"Giao nhận, bán buôn, bán lẻ xăng, dầu, nhựa đường, các sản phẩm hóa dầu tại cửa hàng, kho, trạm, bến, bãi và trên sông.","Công việc độc hại, tiếp xúc thường xuyên với xăng, dầu và các sản phẩm hóa dầu."
1026,TT 11/2020/TT-BLĐTBXH,XII,THƯƠNG MẠI,Loại IV,"Nặng nhọc, độc hại, nguy hiểm",2,"Sĩ quan, thuyền viên xà lan, tàu chở xăng, dầu trên sông","Thường xuyên lưu động, chịu tác động của tiếng ồn và xăng, dầu."
1027,TT 11/2020/TT-BLĐTBXH,XII,THƯƠNG MẠI,Loại IV,"Nặng nhọc, độc hại, nguy hiểm",3,"Vận hành máy bơm xăng, dầu có áp lực dưới 50 kg/cm2.","Chịu tác động của tiếng ồn và hơi xăng, dầu."
1028,TT 11/2020/TT-BLĐTBXH,XII,THƯƠNG MẠI,Loại IV,"Nặng nhọc, độc hại, nguy hiểm",4,"Bảo vệ kho, đường ống xăng, dầu.","Đi lại nhiều, chịu tác động của hơi xăng, dầu."
1029,TT 11/2020/TT-BLĐTBXH,XII,THƯƠNG MẠI,Loại IV,"Nặng nhọc, độc hại, nguy hiểm",5,"Xúc rửa, hàn, nắn phuy xăng, dầu.","Công việc thủ công, nặng nhọc, chịu tác động trực tiếp của xăng, dầu."
1030,TT 11/2020/TT-BLĐTBXH,XII,THƯƠNG MẠI,Loại IV,"Nặng nhọc, độc hại, nguy hiểm",6,"Đo tính xăng, dầu trên các bể loại lớn.","Chịu tác động của hơi xăng, dầu vượt tiêu chuẩn cho phép nhiều lần, tư thế làm việc gò bó."
1031,TT 11/2020/TT-BLĐTBXH,XII,THƯƠNG MẠI,Loại IV,"Nặng nhọc, độc hại, nguy hiểm",7,"Vệ sinh công nghiệp ở kho, bãi xăng, dầu","Công việc thủ công, nặng nhọc, chịu tác động trực tiếp của xăng, dầu."
1032,TT 11/2020/TT-BLĐTBXH,XII,THƯƠNG MẠI,Loại IV,"Nặng nhọc, độc hại, nguy hiểm",8,"Pha chế xăng, dầu ở kho bãi lớn.","Công việc nặng nhọc, chịu tác động của xăng, dầu."
1033,TT 11/2020/TT-BLĐTBXH,XII,THƯƠNG MẠI,Loại IV,"Nặng nhọc, độc hại, nguy hiểm",9,"Sản xuất thùng phuy bồn, bể chứa xăng, dầu các loại.","Công việc nặng nhọc, tư thế lao động gò bó, chịu tác động của tiếng ồn cao."
1034,TT 11/2020/TT-BLĐTBXH,XII,THƯƠNG MẠI,Loại IV,"Nặng nhọc, độc hại, nguy hiểm",10,"Lái, phụ xe vận tải xăng, dầu, nhựa đường và các sản phẩm hóa dầu.","Công việc nguy hiểm, chịu tác động của ồn, rung, xăng và dầu."
1035,TT 11/2020/TT-BLĐTBXH,XII,THƯƠNG MẠI,Loại IV,"Nặng nhọc, độc hại, nguy hiểm",11,"Lái xe nâng hàng trong kho xăng, dầu và các sản phẩm hóa dầu.","Chịu tác động của xăng, dầu và các sản phẩm hóa dầu trong suốt ca làm việc."
1036,TT 11/2020/TT-BLĐTBXH,XII,THƯƠNG MẠI,Loại IV,"Nặng nhọc, độc hại, nguy hiểm",12,"Hóa nghiệm xăng, dầu và các sản phẩm hóa dầu.","Thường xuyên tiếp xúc với xăng, dầu và các hóa chất độc."
1037,TT 11/2020/TT-BLĐTBXH,XII,THƯƠNG MẠI,Loại IV,"Nặng nhọc, độc hại, nguy hiểm",13,"Duy tu, sửa chữa đường ống xăng, dầu","Làm việc ngoài trời, công việc nặng nhọc, thường xuyên tiếp xúc với xăng, dầu."
1038,TT 11/2020/TT-BLĐTBXH,XII,THƯƠNG MẠI,Loại IV,"Nặng nhọc, độc hại, nguy hiểm",14,"Sửa chữa thiết bị ngành xăng dầu; sửa chữa ôtô, tàu, xà lan chở xăng, dầu và các sản phẩm hóa dầu.","Tư thế làm việc gò bó, luôn tiếp xúc với dầu mỡ, chịu tác động của tiếng ồn."
1039,TT 11/2020/TT-BLĐTBXH,XII,THƯƠNG MẠI,Loại IV,"Nặng nhọc, độc hại, nguy hiểm",15,Vận hành máy thông gió trong hang hầm.,"Chịu tác động của tiếng ồn, hơi xăng, dầu."
1040,TT 11/2020/TT-BLĐTBXH,XII,THƯƠNG MẠI,Loại IV,"Nặng nhọc, độc hại, nguy hiểm",16,"Vận hành lò hơi pha chế dầu, lò bảo ôn nhựa đường.","Chịu tác động của nóng, ồn, hơi dầu và dung môi hữu cơ."
1041,TT 11/2020/TT-BLĐTBXH,XII,THƯƠNG MẠI,Loại IV,"Nặng nhọc, độc hại, nguy hiểm",17,"Bán buôn, bán lẻ xi măng.","Công việc nặng nhọc, chịu tác động của bụi xi măng vượt tiêu chuẩn cho phép nhiều lần."
1042,TT 11/2020/TT-BLĐTBXH,XII,THƯƠNG MẠI,Loại IV,"Nặng nhọc, độc hại, nguy hiểm",18,"Thủ kho, bảo quản hóa chất độc.","Làm việc trong kho kín, chịu tác động của nhiều loại hóa chất độc."
1043,TT 11/2020/TT-BLĐTBXH,XII,THƯƠNG MẠI,Loại IV,"Nặng nhọc, độc hại, nguy hiểm",19,"Bán hàng, đóng gói lẻ hóa chất độc.","Nơi làm việc chật hẹp, chịu tác động của các hóa chất độc hại."
1044,TT 11/2020/TT-BLĐTBXH,XII,THƯƠNG MẠI,Loại IV,"Nặng nhọc, độc hại, nguy hiểm",20,Lái xe vận tải chuyên dùng chở hóa chất.,"Chịu tác động của ồn, rung và hóa chất độc nguy hiểm."
1045,TT 11/2020/TT-BLĐTBXH,XII,THƯƠNG MẠI,Loại IV,"Nặng nhọc, độc hại, nguy hiểm",21,Hóa nghiệm kiểm tra chất lượng hóa chất.,Thường xuyên tiếp xúc với các hóa chất độc.
1046,TT 11/2020/TT-BLĐTBXH,XII,THƯƠNG MẠI,Loại IV,"Nặng nhọc, độc hại, nguy hiểm",22,Giám định tàu thủy trước khi phá dỡ hoặc sửa chữa.,"Làm việc dưới hầm tàu (sâu 20 - 30m) trong điều kiện môi trường độc hại, thiếu dưỡng khí và nguy hiểm."
1047,TT 11/2020/TT-BLĐTBXH,XII,THƯƠNG MẠI,Loại IV,"Nặng nhọc, độc hại, nguy hiểm",23,Giám định các công trình xây dựng thiết bị toàn bộ,"Công việc lưu động, ngoài trời, chịu ảnh hưởng của nắng, nóng, gió, bụi."
1048,TT 11/2020/TT-BLĐTBXH,XII,THƯƠNG MẠI,Loại IV,"Nặng nhọc, độc hại, nguy hiểm",24,"Giám định hàng hóa xuất, nhập khẩu ở các kho, bãi, hầm chứa hàng.","Công việc lưu động, ngoài trời, chịu ảnh hưởng của bụi bẩn lớn, nóng, lạnh (kho lạnh)"
1049,TT 11/2020/TT-BLĐTBXH,XII,THƯƠNG MẠI,Loại IV,"Nặng nhọc, độc hại, nguy hiểm",25,"Phân tích, kiểm nghiệm chất lượng hàng hóa xuất nhập khẩu trong phòng thí nghiệm.",Phải thường xuyên tiếp xúc với hóa chất độc hại.
1050,TT 11/2020/TT-BLĐTBXH,XII,THƯƠNG MẠI,Loại IV,"Nặng nhọc, độc hại, nguy hiểm",26,"Khử trùng, xông hơi, chiếu xạ đối với hàng hóa xuất nhập khẩu","Tiếp xúc trực tiếp với hóa chất để khử trùng như Phosphin (PH3) metyl bromide (CH3Br), DDVP. Nơi làm việc chật hẹp, thiếu ánh sáng, thiếu dưỡng khí."
1051,TT 11/2020/TT-BLĐTBXH,XII,THƯƠNG MẠI,Loại IV,"Nặng nhọc, độc hại, nguy hiểm",27,Nạp khí dầu hóa lỏng (LPG) vào chai LPG,"Công việc nặng nhọc, nguy hiểm, nguy cơ cháy nổ cao"
1052,TT 11/2020/TT-BLĐTBXH,XII,THƯƠNG MẠI,Loại IV,"Nặng nhọc, độc hại, nguy hiểm",28,"Lắp đặt, bảo dưỡng, sửa chữa hệ thống công nghệ, thiết bị trong tồn trữ, vận chuyển, bảo quản và nạp LPG","Thường xuyên làm việc ngoài trời, tiếp xúc trực tiếp với môi trường có LPG ở thể hơi, nguy cơ cháy nổ cao"
1053,TT 11/2020/TT-BLĐTBXH,XII,THƯƠNG MẠI,Loại IV,"Nặng nhọc, độc hại, nguy hiểm",29,"Bảo vệ tuần tra canh gác, phòng cháy chữa cháy tại các cơ sở tồn trữ, bảo quản và nạp LPG","Nơi làm việc nguy hiểm, nguy cơ cháy nổ cao; thường xuyên làm việc ngoài trời, chịu tác động của nhiệt độ và bức xạ nhiệt, căng thẳng thần kinh"
1054,TT 11/2020/TT-BLĐTBXH,XII,THƯƠNG MẠI,Loại IV,"Nặng nhọc, độc hại, nguy hiểm",30,"Thủ kho giao nhận hàng hóa tại các cơ sở tồn trữ, bảo quản và nạp LPG","Thường xuyên làm việc ngoài trời, nơi làm việc nguy hiểm, nguy cơ cháy nổ cao; chịu tác động của nhiệt độ và bức xạ nhiệt; căng thẳng thần kinh."
1055,TT 11/2020/TT-BLĐTBXH,XII,THƯƠNG MẠI,Loại IV,"Nặng nhọc, độc hại, nguy hiểm",31,"Lái, phụ xe vận chuyển bồn LPG, vận chuyển chai LPG và LPG chai","Công việc nặng nhọc; nguy cơ cháy nổ cao; rung, ồn, nguy hiểm; căng thẳng thần kinh tâm lý"
1056,TT 11/2020/TT-BLĐTBXH,XII,THƯƠNG MẠI,Loại IV,"Nặng nhọc, độc hại, nguy hiểm",32,"Lái xe nâng tại các cơ sở tồn trữ, bảo quản và nạp LPG","Thường xuyên làm việc ngoài trời; Nơi làm việc nguy hiểm, nguy cơ cháy nổ cao; chịu tác động của nhiệt độ và bức xạ nhiệt"
1057,TT 11/2020/TT-BLĐTBXH,XII,THƯƠNG MẠI,Loại IV,"Nặng nhọc, độc hại, nguy hiểm",33,Bán LPG chai,"Công việc nặng nhọc; thường xuyên di chuyển trên đường, căng thẳng thần kinh; chịu tác động của nhiệt độ và bức xạ nhiệt"
1058,TT 11/2020/TT-BLĐTBXH,XII,THƯƠNG MẠI,Loại IV,"Nặng nhọc, độc hại, nguy hiểm",34,Lái xe cứu hỏa trong kho xăng dầu,"Thường xuyên làm việc trong môi trường nguy hiểm, căng thẳng thần kinh, chịu tác động của ồn, hơi xăng dầu"
1059,TT 11/2020/TT-BLĐTBXH,XII,THƯƠNG MẠI,Loại IV,"Nặng nhọc, độc hại, nguy hiểm",35,"Bảo vệ kho, đường ống xăng dầu","Đi lại nhiều, chịu tác động của hơi xăng, dầu."
1060,TT 11/2020/TT-BLĐTBXH,XII,THƯƠNG MẠI,Loại IV,"Nặng nhọc, độc hại, nguy hiểm",36,"Lái, phụ xe vận tải xăng, dầu, nhựa đường và các sản phẩm hóa dầu","Chịu tác động của xăng, dầu và các sản phẩm hóa dầu trong suốt ca làm việc."
1061,TT 11/2020/TT-BLĐTBXH,XIII,"PHÁT THANH, TRUYỀN HÌNH",Loại VI,"Đặc biệt nặng nhọc, độc hại, nguy hiểm",1,"Vận hành, sửa chữa, bảo dưỡng máy phát hình, phát thanh FM có tổng công suất từ 40 KW trở lên hoặc có tổng công suất từ 20 KW trở lên đặt ở núi cao trên 1000 m","Thường xuyên làm việc trong môi trường điện từ trường cao tần và siêu cao tần vượt tiêu chuẩn cho phép nhiều lần. Chịu tác động của tiếng ồn cao, căng thẳng thần kinh tâm lý."
1062,TT 11/2020/TT-BLĐTBXH,XIII,"PHÁT THANH, TRUYỀN HÌNH",Loại VI,"Đặc biệt nặng nhọc, độc hại, nguy hiểm",2,"Vận hành, sửa chữa, bảo dưỡng máy phát thanh có tổng công suất 1000KW trở lên","Công việc căng thẳng, thường xuyên tiếp xúc với điện từ trường cao tần, siêu cao tần vượt tiêu chuẩn cho phép nhiều lần và tiếng ồn."
1063,TT 11/2020/TT-BLĐTBXH,XIII,"PHÁT THANH, TRUYỀN HÌNH",Loại VI,"Đặc biệt nặng nhọc, độc hại, nguy hiểm",3,"Lắp đặt, sửa chữa, bảo dưỡng cột ăng ten phát thanh, phát hình cao từ 100 m trở lên.","Làm việc ngoài trời, công việc thủ công, rất nặng nhọc và nguy hiểm, tư thế lao động gò bó, chịu tác động của điện từ trường."
1064,TT 11/2020/TT-BLĐTBXH,XIII,"PHÁT THANH, TRUYỀN HÌNH",Loại V,"Đặc biệt nặng nhọc, độc hại, nguy hiểm",1,"Lắp đặt, sửa chữa, bảo dưỡng cột ăng ten phát thanh, phát hình cao từ 30m đến dưới 100 m.","Làm việc ngoài trời, công việc thủ công, nặng nhọc, nguy hiểm, tư thế lao động gò bó, chịu tác động của điện từ trường."
1065,TT 11/2020/TT-BLĐTBXH,XIII,"PHÁT THANH, TRUYỀN HÌNH",Loại V,"Đặc biệt nặng nhọc, độc hại, nguy hiểm",2,"Vận hành, sửa chữa, bảo dưỡng máy phát thanh MW, SW có tổng công suất 200 KW đến dưới 1000 KW","Công việc căng thẳng, chịu tác động của điện từ trường vượt tiêu chuẩn cho phép nhiều lần và tiếng ồn."
1066,TT 11/2020/TT-BLĐTBXH,XIII,"PHÁT THANH, TRUYỀN HÌNH",Loại V,"Đặc biệt nặng nhọc, độc hại, nguy hiểm",3,"Vận hành, sửa chữa, bảo dưỡng máy phát hình, máy phát thanh FM có tổng công suất từ 10 KW đến dưới 40 KW.","Công việc căng thẳng, thường xuyên tiếp xúc với điện từ trường cao tần và siêu cao tần vượt tiêu chuẩn cho phép nhiều."
1067,TT 11/2020/TT-BLĐTBXH,XIII,"PHÁT THANH, TRUYỀN HÌNH",Loại IV,"Nặng nhọc, độc hại, nguy hiểm",1,"Vận hành, sửa chữa, bảo dưỡng máy phát thanh MW, SW có tổng công suất từ 2 KW đến dưới 200 KW.",Thường xuyên tiếp xúc với điện từ trường và tiếng ồn cao.
1068,TT 11/2020/TT-BLĐTBXH,XIII,"PHÁT THANH, TRUYỀN HÌNH",Loại IV,"Nặng nhọc, độc hại, nguy hiểm",2,"Vận hành, sửa chữa, bảo dưỡng máy phát hình, phát thanh FM có tổng công suất từ 500W đến dưới 10 KW và thiết bị thông tin vệ tinh.","Thường xuyên làm việc trong môi trường có điện từ trường vượt tiêu chuẩn cho phép nhiều, chịu ảnh hưởng của tiếng ồn, căng thẳng thần kinh tâm lý."
1069,TT 11/2020/TT-BLĐTBXH,XIII,"PHÁT THANH, TRUYỀN HÌNH",Loại IV,"Nặng nhọc, độc hại, nguy hiểm",3,"Vận hành, sửa chữa, bảo dưỡng thiết bị phát thanh, phát hình vi ba ở các trạm trên núi, biên giới, hải đảo, hầm sâu.","Giải quyết nhiều công việc trong điều kiện phức tạp, thường xuyên chịu tác động của điện từ trường."
1070,TT 11/2020/TT-BLĐTBXH,XIII,"PHÁT THANH, TRUYỀN HÌNH",Loại IV,"Nặng nhọc, độc hại, nguy hiểm",4,"Lắp đặt, sửa chữa, bảo dưỡng thiết bị phát thanh, phát hình, vi ba.","Công việc nặng nhọc, chịu tác động của tiếng ồn và điện từ trường."
1071,TT 11/2020/TT-BLĐTBXH,XIII,"PHÁT THANH, TRUYỀN HÌNH",Loại IV,"Nặng nhọc, độc hại, nguy hiểm",5,"Lắp đặt, sửa chữa, bảo dưỡng cột ăng ten phát thanh, phát hình dưới 30m","Công việc thủ công, nặng nhọc, nguy hiểm, chịu tác động của mưa, nắng, gió và điện từ trường."
1072,TT 11/2020/TT-BLĐTBXH,XIII,"PHÁT THANH, TRUYỀN HÌNH",Loại IV,"Nặng nhọc, độc hại, nguy hiểm",6,"Vận hành, sửa chữa, bảo dưỡng thiết bị sản xuất chương trình phát thanh, truyền hình.","Căng thẳng thần kinh, chịu tác động của tiếng ồn và điện từ trường."
1073,TT 11/2020/TT-BLĐTBXH,XIII,"PHÁT THANH, TRUYỀN HÌNH",Loại IV,"Nặng nhọc, độc hại, nguy hiểm",7,"Quản lý kho băng tư liệu phát thanh, phát hình.","Làm việc trong phòng kín, thiếu dưỡng khí, chịu tác động của hóa chất bảo vệ băng tư liệu"
1074,TT 11/2020/TT-BLĐTBXH,XIII,"PHÁT THANH, TRUYỀN HÌNH",Loại IV,"Nặng nhọc, độc hại, nguy hiểm",8,"Vận hành, sửa chữa, bảo dưỡng thiết bị trong trung tâm tin, điều hành và kiểm tra sóng phát thanh phát hình.","Công việc căng thẳng thị giác, thính giác, chịu tác động của ồn và điện từ trường."
1075,TT 11/2020/TT-BLĐTBXH,XIII,"PHÁT THANH, TRUYỀN HÌNH",Loại IV,"Nặng nhọc, độc hại, nguy hiểm",9,"Vận hành, sửa chữa, bảo dưỡng thiết bị điều hòa trung tâm có công suất từ 10.000 BTU trở lên.","Thường xuyên tiếp xúc với tiếng ồn, hơi khí độc và dầu mỡ."
1076,TT 11/2020/TT-BLĐTBXH,XIII,"PHÁT THANH, TRUYỀN HÌNH",Loại IV,"Nặng nhọc, độc hại, nguy hiểm",10,"Vận hành, sửa chữa, bảo dưỡng hệ thống cung cấp điện cho đài phát thanh, phát hình và trung tâm sản xuất chương trình","Nơi làm việc không cố định, tư thế làm việc gò bó, chịu tác động của tiếng ồn và điện từ trường."
1077,TT 11/2020/TT-BLĐTBXH,XIII,"PHÁT THANH, TRUYỀN HÌNH",Loại IV,"Nặng nhọc, độc hại, nguy hiểm",11,"Bảo vệ đường dây phi-đơ, bãi ăng ten ở các đài phát sóng phát thanh có tổng công suất từ 100 KW trở lên.","Làm việc ngoài trời, phải đi lại nhiều, chịu tác động của điện từ trường vượt tiêu chuẩn cho phép nhiều lần."
1078,TT 11/2020/TT-BLĐTBXH,XIII,"PHÁT THANH, TRUYỀN HÌNH",Loại IV,"Nặng nhọc, độc hại, nguy hiểm",12,"Phát thanh viên đài phát thanh, phát hình.","Công việc căng thẳng, làm việc trong phòng kín thiếu dưỡng khí, chịu tác động của ánh sáng có cường độ mạnh và điện từ trường."
1079,TT 11/2020/TT-BLĐTBXH,XIV,DỰ TRỮ QUỐC GIA,Loại V,"Đặc biệt nặng nhọc, độc hại, nguy hiểm",1,Phun thuốc phòng và diệt côn trùng trong các kho dự trữ,"Tư thế làm việc gò bó, chịu tác động của nhiều loại hóa chất mạnh (như malathion, nhôm phốt phát…)"
1080,TT 11/2020/TT-BLĐTBXH,XIV,DỰ TRỮ QUỐC GIA,Loại IV,"Nặng nhọc, độc hại, nguy hiểm",1,"Thủ kho, bảo quản lương thực dự trữ.","Nơi làm việc chật hẹp, nóng, kém thông thoáng, tư thế làm việc gò bó, chịu tác động của bụi và các hóa chất độc chống mối, mọt."
1081,TT 11/2020/TT-BLĐTBXH,XIV,DỰ TRỮ QUỐC GIA,Loại IV,"Nặng nhọc, độc hại, nguy hiểm",2,"Thủ kho, bảo quản xăm, lốp dự trữ.","Công việc nặng nhọc, tư thế lao động gò bó, nơi làm việc kém thông thoáng, thiếu ánh sáng, ảnh hưởng của bụi (bột tale)."
1082,TT 11/2020/TT-BLĐTBXH,XIV,DỰ TRỮ QUỐC GIA,Loại IV,"Nặng nhọc, độc hại, nguy hiểm",3,"Thủ kho, bảo quản xe máy, thiết bị kim khí dự trữ","Công việc nặng nhọc, tư thế lao động gò bó, thường xuyên tiếp xúc với dầu mỡ, xăng..."
1083,TT 11/2020/TT-BLĐTBXH,XIV,DỰ TRỮ QUỐC GIA,Loại IV,"Nặng nhọc, độc hại, nguy hiểm",4,"Thủ kho, bảo quản vật tư, thiết bị cứu hộ, cứu nạn.","Công việc nặng nhọc, tư thế lao động gò bó, nơi làm việc kém thông thoáng, thiếu ánh sáng, ảnh hưởng của bụi (bột tale), tiếp xúc với dầu mỡ, xăng..."
1084,TT 11/2020/TT-BLĐTBXH,XV,Y TẾ VÀ DƯỢC,Loại VI,"Đặc biệt nặng nhọc, độc hại, nguy hiểm",1,"Trực tiếp khám, điều trị, phục vụ người nhiễm HIV, AIDS.","Công việc rất nguy hiểm, nguy cơ lây nhiễm cao bệnh không có khả năng cứu chữa, căng thẳng bệnh nhân thần kinh tâm lý."
1085,TT 11/2020/TT-BLĐTBXH,XV,Y TẾ VÀ DƯỢC,Loại VI,"Đặc biệt nặng nhọc, độc hại, nguy hiểm",2,"Giải phẫu bệnh lý đại thể, liệm xác, ướp xác, khám nghiệm tử thi, vệ sinh nhà xác.","Thường xuyên tiếp xúc với xác chết, các vi khuẩn có hại và các hóa chất độc, căng thẳng thần kinh tâm lý. Thường xuyên tiếp xúc với các phủ tạng nhiễm bệnh, hôi thối và các hóa chất độc."
1086,TT 11/2020/TT-BLĐTBXH,XV,Y TẾ VÀ DƯỢC,Loại V,"Đặc biệt nặng nhọc, độc hại, nguy hiểm",1,"Giải phẫu bệnh lý vi thể, chuyên trách kiểm nghiệm độc chất pháp y.","Thường xuyên tiếp xúc với các phủ tạng nhiễm bệnh, hôi thối và các hóa chất độc."
1087,TT 11/2020/TT-BLĐTBXH,XV,Y TẾ VÀ DƯỢC,Loại V,"Đặc biệt nặng nhọc, độc hại, nguy hiểm",2,"Đứng máy, phụ máy, chuyên sửa chữa, kiểm chuẩn, vận hành máy: chiếu xạ, X-quang, MRI, CT-Scanner, PET CT, số hóa xóa nền (DSA can thiệp nội khoa), máy C-Arm, xạ trị gia tốc tuyến tính, máy cobalt, sử dụng kim radium, các chất phóng xạ khác để điều trị và chẩn đoán bệnh.",Tiếp xúc với bức xạ ion hóa vượt tiêu chuẩn cho phép nhiều và các nguồn lây nhiễm.
1088,TT 11/2020/TT-BLĐTBXH,XV,Y TẾ VÀ DƯỢC,Loại V,"Đặc biệt nặng nhọc, độc hại, nguy hiểm",3,"Chuyên sửa chữa kiểm chuẩn máy hút đờm, mủ.",Thường xuyên tiếp xúc với chất thải có nguy cơ lây nhiễm cao.
1089,TT 11/2020/TT-BLĐTBXH,XV,Y TẾ VÀ DƯỢC,Loại V,"Đặc biệt nặng nhọc, độc hại, nguy hiểm",4,"Trực tiếp khám, điều trị, xét nghiệm và phục vụ bệnh nhân phong, tâm thần, lao và các bệnh truyền nhiễm.","Thường xuyên làm việc ở nơi có nguy cơ lây nhiễm cao, căng thẳng thần kinh tâm lý."
1090,TT 11/2020/TT-BLĐTBXH,XV,Y TẾ VÀ DƯỢC,Loại V,"Đặc biệt nặng nhọc, độc hại, nguy hiểm",5,"Mổ, phụ mổ, gây mê, hồi sức, chuyên cấp cứu; theo dõi hồi sức sau mổ, trực tiếp khám, điều trị, phục vụ trẻ sơ sinh bệnh lý.","Công việc nặng nhọc, rất căng thẳng thần kinh tâm lý, làm việc không kể ngày đêm."
1091,TT 11/2020/TT-BLĐTBXH,XV,Y TẾ VÀ DƯỢC,Loại V,"Đặc biệt nặng nhọc, độc hại, nguy hiểm",6,"Trực tiếp khám, điều trị phục vụ, chăm sóc bệnh nhân ung thư, bỏng, xuất huyết não, liệt, chấn thương cột sống, sọ não, trẻ em bại não, bệnh nhân lão khoa giai đoạn cuối đời, bệnh nhân sa sút trí tuệ, loét tì đè độ III-IV, bệnh nhân khoa chống độc, bệnh nhân nặng ở các khoa lâm sàng.","Công việc nặng nhọc, rất căng thẳng thần kinh tâm lý, làm việc không kể ngày đêm, phải theo dõi bệnh nhân thường xuyên, liên tục, vận hành, sử dụng nhiều loại máy, thiết bị."
1092,TT 11/2020/TT-BLĐTBXH,XV,Y TẾ VÀ DƯỢC,Loại V,"Đặc biệt nặng nhọc, độc hại, nguy hiểm",7,"Chuyên xét nghiệm bệnh tối nguy hiểm (dịch tả, dịch hạch, viêm gan, viêm não, HIV và các bệnh lạ nguy hiểm khác).","Làm việc trong phòng kín, tiếp xúc với hóa chất độc, vi sinh vật gây bệnh tối nguy hiểm có nguy cơ lây nhiễm cao."
1093,TT 11/2020/TT-BLĐTBXH,XV,Y TẾ VÀ DƯỢC,Loại V,"Đặc biệt nặng nhọc, độc hại, nguy hiểm",8,"Diệt chuột, côn trùng và vi khuẩn gây bệnh.","Thường xuyên tiếp xúc với ổ bệnh, dịch nguy hiểm và hóa chất độc mạnh."
1094,TT 11/2020/TT-BLĐTBXH,XV,Y TẾ VÀ DƯỢC,Loại V,"Đặc biệt nặng nhọc, độc hại, nguy hiểm",9,"Trực tiếp thu gom, vận chuyển, lưu giữ, xử lý, tiêu hủy chất thải y tế nguy hại, các bộ phận cắt, lọc của cơ thể. Vận hành hệ thống xử lý nước thải, chất thải và nạo vét cống rãnh trong bệnh viện.","Công việc thủ công, nặng nhọc; thường xuyên tiếp xúc với chất thải y tế và nguồn lây nhiễm cao. Nơi làm việc hôi thối, chịu tác động của ồn và các hóa chất (NaOH, H2SO4, H2S). Công việc không cố định; tiếp xúc bụi bẩn, ẩm ướt, nấm mốc vi sinh."
1095,TT 11/2020/TT-BLĐTBXH,XV,Y TẾ VÀ DƯỢC,Loại V,"Đặc biệt nặng nhọc, độc hại, nguy hiểm",10,"Giặt, xử lý quần áo bệnh nhân bằng tay.","Công việc nặng nhọc, ẩm ướt; thường xuyên tiếp xúc với hóa chất tẩy rửa và các chất bẩn có nguy cơ lây nhiễm bệnh cao."
1096,TT 11/2020/TT-BLĐTBXH,XV,Y TẾ VÀ DƯỢC,Loại V,"Đặc biệt nặng nhọc, độc hại, nguy hiểm",11,Sản xuất cao thuốc phiện và các dẫn xuất từ cao thuốc phiện.,"Công việc nặng nhọc, chịu tác động của nóng, ồn, bụi dược liệu và các bụi hữu cơ khác, tâm lý căng thẳng trong ca làm việc. Thường xuyên tiếp xúc với dung môi hữu cơ, các hóa chất độc."
1097,TT 11/2020/TT-BLĐTBXH,XV,Y TẾ VÀ DƯỢC,Loại V,"Đặc biệt nặng nhọc, độc hại, nguy hiểm",12,Sản xuất Ete.,"Công việc nặng nhọc, chịu tác động của dung môi và các hóa chất độc hại."
1098,TT 11/2020/TT-BLĐTBXH,XV,Y TẾ VÀ DƯỢC,Loại V,"Đặc biệt nặng nhọc, độc hại, nguy hiểm",13,Sản xuất các sản phẩm hóa dược có sử dụng dung môi hữu cơ.,"Công việc nặng nhọc, chịu tác động của các dung môi và các hóa chất độc hại trong quá trình sản xuất."
1099,TT 11/2020/TT-BLĐTBXH,XV,Y TẾ VÀ DƯỢC,Loại V,"Đặc biệt nặng nhọc, độc hại, nguy hiểm",14,Sản xuất nguyên liệu kháng sinh.,"Công việc chịu tác động của các hóa chất, dung môi và nồng độ cao của kháng sinh nguyên liệu, dễ gây kích ứng và ảnh hưởng đến sức khỏe"
1100,TT 11/2020/TT-BLĐTBXH,XV,Y TẾ VÀ DƯỢC,Loại V,"Đặc biệt nặng nhọc, độc hại, nguy hiểm",15,Sản xuất Artemisinin và các dẫn xuất.,"Công việc chịu tác động của các hóa chất, dung môi và nồng độ cao của nguyên liệu bảo chế thuốc phòng chống sốt rét, dễ gây kích ứng và ảnh hưởng đến sức khỏe."
1101,TT 11/2020/TT-BLĐTBXH,XV,Y TẾ VÀ DƯỢC,Loại V,"Đặc biệt nặng nhọc, độc hại, nguy hiểm",16,"Chuyên bào chế sản xuất thuốc độc bảng A, B. Sản xuất và chế thử các loại thuốc độc mạnh như: thuốc phiện Mocfin, campho tổng hợp, Tecpinhydrat, chiết xuất mã tiền, cà độc dược và các loại thuốc độc bảng A.","Công việc chịu tác động của các hóa chất, dung môi và nồng độ cao của các thuốc và hóa chất độc, dễ gây kích ứng và ảnh hưởng đến sức khỏe."
1102,TT 11/2020/TT-BLĐTBXH,XV,Y TẾ VÀ DƯỢC,Loại V,"Đặc biệt nặng nhọc, độc hại, nguy hiểm",17,"Chuyên xay, rây, pha chế các loại thuốc: Kháng sinh, hoocmon, hướng tâm thần, gây nghiện, thuốc sốt rét.","Công việc chịu tác động của các hóa chất, dung môi và nồng độ cao của nguyên liệu bảo chế, dễ gây kích ứng và ảnh hưởng đến sức khỏe."
1103,TT 11/2020/TT-BLĐTBXH,XV,Y TẾ VÀ DƯỢC,Loại V,"Đặc biệt nặng nhọc, độc hại, nguy hiểm",18,"Sản xuất bột thạch cao (đập đá, sắp đá vào lò, đốt lò, ra lò, xay, đóng hộp) và sản xuất khuôn chì","Công việc thủ công nặng nhọc; chịu ảnh hưởng của nhiệt độ cao, bụi silíc, khí CO, CO2 vượt tiêu chuẩn cho phép."
1104,TT 11/2020/TT-BLĐTBXH,XV,Y TẾ VÀ DƯỢC,Loại IV,"Nặng nhọc, độc hại, nguy hiểm",1,"Làm việc trong các cơ sở điều trị bệnh nhân phong, lao, tâm thần.",Thường xuyên làm việc trong môi trường lây bệnh nguy cơ lây nhiễm cao.
1105,TT 11/2020/TT-BLĐTBXH,XV,Y TẾ VÀ DƯỢC,Loại IV,"Nặng nhọc, độc hại, nguy hiểm",2,"Trực tiếp khám, điều trị, phục vụ bệnh nhân da liễu, hoa liễu, viêm tắc mạch chi, trĩ, ngoại, tiết niệu, hậu môn nhân tạo, nội soi.","Thường xuyên tiếp xúc với bệnh nhân lở loét, hôi thối, nguy cơ lây nhiễm cao."
1106,TT 11/2020/TT-BLĐTBXH,XV,Y TẾ VÀ DƯỢC,Loại IV,"Nặng nhọc, độc hại, nguy hiểm",3,"Đỡ đẻ, khám, điều trị các bệnh phụ khoa, công việc hỗ trợ sinh sản","Công việc nặng nhọc, giải quyết nhiều công việc phức tạp, môi trường có nguy cơ lây nhiễm cao, căng thẳng thần kinh tâm lý"
1107,TT 11/2020/TT-BLĐTBXH,XV,Y TẾ VÀ DƯỢC,Loại IV,"Nặng nhọc, độc hại, nguy hiểm",4,Rửa tráng phim X quang.,"Làm việc trong phòng kín, thiếu ánh sáng, căng thẳng thị giác, tiếp xúc với hóa chất độc"
1108,TT 11/2020/TT-BLĐTBXH,XV,Y TẾ VÀ DƯỢC,Loại IV,"Nặng nhọc, độc hại, nguy hiểm",5,"Xoa bóp, day bấm huyệt, vận động trị liệu, kéo nắn xương, bó bột. Dùng các máy cao tần, vi sóng điều trị bệnh.","Công việc nặng nhọc, căng thẳng thần kinh tâm lý."
1109,TT 11/2020/TT-BLĐTBXH,XV,Y TẾ VÀ DƯỢC,Loại IV,"Nặng nhọc, độc hại, nguy hiểm",6,"Hộ lý làm việc tại các cơ sở y tế, điều trị.","Công việc thủ công, nặng nhọc, tiếp xúc với các chất thải của bệnh nhân và vi sinh vật gây bệnh."
1110,TT 11/2020/TT-BLĐTBXH,XV,Y TẾ VÀ DƯỢC,Loại IV,"Nặng nhọc, độc hại, nguy hiểm",7,"Rửa, sấy, hấp tiệt trùng, tiêu hủy các dụng cụ, bệnh phẩm, chai lọ thí nghiệm, đựng thuốc, vaccin, huyết thanh, chế phẩm sinh học.","Nơi làm việc ẩm ướt, thường xuyên tiếp xúc với các hóa chất và các chất thải bẩn thỉu, dễ lây nhiễm bệnh, hóa chất tẩy rửa (NaOH), các hóa chất độc khác và các nguồn lây nhiễm."
1111,TT 11/2020/TT-BLĐTBXH,XV,Y TẾ VÀ DƯỢC,Loại IV,"Nặng nhọc, độc hại, nguy hiểm",8,"Điều tra côn trùng y học (bọ chét, ve, mò, mạt, muỗi truyền sốt rét, giun chỉ, sốt xuất huyết, viêm não); điều tra, giám sát và chống dịch.","Công việc nguy hiểm, thường xuyên lưu động ở các vùng rừng, núi, biên giới, hải đảo, nguy cơ nhiễm bệnh cao."
1112,TT 11/2020/TT-BLĐTBXH,XV,Y TẾ VÀ DƯỢC,Loại IV,"Nặng nhọc, độc hại, nguy hiểm",9,"Kiểm dịch nơi biên giới, hải cảng.","Thường xuyên lưu động trên biển, các vùng biên giới, hải đảo, tiếp xúc với hóa chất độc và vi sinh vật gây bệnh."
1113,TT 11/2020/TT-BLĐTBXH,XV,Y TẾ VÀ DƯỢC,Loại IV,"Nặng nhọc, độc hại, nguy hiểm",10,Nghiên cứu hóa chất diệt côn trùng truyền bệnh cho người.,"Thường xuyên tiếp xúc với các hóa chất độc mạnh, có nguy cơ ảnh hưởng trên người."
1114,TT 11/2020/TT-BLĐTBXH,XV,Y TẾ VÀ DƯỢC,Loại IV,"Nặng nhọc, độc hại, nguy hiểm",11,"Nghiên cứu, sản xuất, chế biến các loại vacxin và huyết thanh phòng, chữa bệnh.","Làm việc trong phòng kín, kém thông thoáng, tiếp xúc với hóa chất độc và xúc vật bị nhiễm bệnh, dễ bị lây nhiễm."
1115,TT 11/2020/TT-BLĐTBXH,XV,Y TẾ VÀ DƯỢC,Loại IV,"Nặng nhọc, độc hại, nguy hiểm",12,"Công việc xét nghiệm vi sinh vật, sinh hóa, huyết học. Xét nghiệm vệ sinh an toàn thực phẩm: Kiểm nghiệm độc tố vi nấm, độc tố tự nhiên, tồn dư hóa chất bảo vệ thực vật, tồn dư kháng sinh, hormon, kim loại nặng, chỉ tiêu hóa lý, phụ gia và chất hỗ trợ chế biến thực phẩm, tìm nguyên nhân gây ngộ độc thực phẩm.","Làm việc trong phòng kín, tiếp xúc với hóa chất độc và các vi sinh vật gây bệnh, dễ bị lây nhiễm, các máy thiết bị khí nén, ồn, có nguy cơ cháy nổ. Thường xuyên tiếp xúc với các yếu tố vi sinh, độc tố tự nhiên, tồn dư hóa chất bảo vệ thực vật, kim loại nặng,… có nguy cơ ảnh hưởng lâu dài đến sức khỏe. Tiếp xúc với các hóa chất độc hại trong phòng xét nghiệm, thí nghiệm như acetyl nitrit, pyridine, hexan,… nguy cơ gây ung thư, đột biến gen. Làm việc với các máy có nguy cơ, áp suất, hóa chất sử dụng trong quá trình xét nghiệm"
1116,TT 11/2020/TT-BLĐTBXH,XV,Y TẾ VÀ DƯỢC,Loại IV,"Nặng nhọc, độc hại, nguy hiểm",13,"Giữ giống, chủng vi sinh vật, ký sinh trùng.","Thường xuyên tiếp xúc với mẫu máu, phân súc vật bị nhiễm bệnh, khả năng lây nhiễm bệnh cao"
1117,TT 11/2020/TT-BLĐTBXH,XV,Y TẾ VÀ DƯỢC,Loại IV,"Nặng nhọc, độc hại, nguy hiểm",14,Công việc phục vụ chạy thận nhân tạo và nội soi.,"Tư thế lao động gò bó, căng thẳng thị giác, tiếp xúc với bệnh phẩm bị bệnh."
1118,TT 11/2020/TT-BLĐTBXH,XV,Y TẾ VÀ DƯỢC,Loại IV,"Nặng nhọc, độc hại, nguy hiểm",15,"Trực tiếp khám, điều trị, phục vụ bệnh nhân ở các khoa (phòng) khám bệnh, cấp cứu của bệnh viện.",Làm việc trong môi trường có nguy cơ lây nhiễm cao; căng thẳng thần kinh tâm lý.
1119,TT 11/2020/TT-BLĐTBXH,XV,Y TẾ VÀ DƯỢC,Loại IV,"Nặng nhọc, độc hại, nguy hiểm",16,"Sửa chữa máy, thiết bị y tế tại buồng bệnh và trong phòng thí nghiệm.","Công việc vất vả, tư thế lao động gò bó; thường xuyên tiếp xúc với dầu mỡ, hóa chất và môi trường làm việc có nguy cơ lây nhiễm cao."
1120,TT 11/2020/TT-BLĐTBXH,XV,Y TẾ VÀ DƯỢC,Loại IV,"Nặng nhọc, độc hại, nguy hiểm",17,"Tìm kiếm, thăm dò, khai thác dược liệu","Công việc nặng nhọc, phải đi lại nhiều, thường xuyên lưu động các vùng rừng, núi."
1121,TT 11/2020/TT-BLĐTBXH,XV,Y TẾ VÀ DƯỢC,Loại IV,"Nặng nhọc, độc hại, nguy hiểm",18,Chuyên xông sấy dược liệu bằng phốt pho kẽm và lưu huỳnh,Thường xuyên tiếp xúc với hóa chất độc nồng độ cao.
1122,TT 11/2020/TT-BLĐTBXH,XV,Y TẾ VÀ DƯỢC,Loại IV,"Nặng nhọc, độc hại, nguy hiểm",19,"Nghiên cứu dược liệu, xét nghiệm dược lý, hóa thực vật, đông dược, dược động học trong điều trị bệnh.","Thường xuyên tiếp xúc với dung môi hữu cơ, các hóa chất độc và các động vật bị nhiễm bệnh"
1123,TT 11/2020/TT-BLĐTBXH,XV,Y TẾ VÀ DƯỢC,Loại IV,"Nặng nhọc, độc hại, nguy hiểm",20,"Trực tiếp sao tẩm, tán, rây, xay, nhào trộn dược liệu thủ công và bán thủ công tại các bệnh viện y học dân tộc.","Công việc nặng nhọc, chịu tác động của nóng, ồn và bụi dược liệu."
1124,TT 11/2020/TT-BLĐTBXH,XV,Y TẾ VÀ DƯỢC,Loại IV,"Nặng nhọc, độc hại, nguy hiểm",21,"Sản xuất chất hấp thụ silicazen, ống chuẩn độ (dung dịch mẹ) để phân tích sắc ký.","Thường xuyên tiếp xúc với a xít đậm đặc (H2SO4, HCl, HNO3...) rất độc và nguy hiểm."
1125,TT 11/2020/TT-BLĐTBXH,XV,Y TẾ VÀ DƯỢC,Loại IV,"Nặng nhọc, độc hại, nguy hiểm",22,"Lấy mẫu, phân tích, đánh giá các yếu tố có hại về vệ sinh lao động, vệ sinh môi trường thuộc hệ dự phòng, vệ sinh phòng dịch.","Chịu tác động của các yếu tố độc hại, nguy hiểm của môi trường lao động."
1126,TT 11/2020/TT-BLĐTBXH,XV,Y TẾ VÀ DƯỢC,Loại IV,"Nặng nhọc, độc hại, nguy hiểm",23,Sản xuất chỉ phẫu thuật tự tiêu.,Chịu tác động của nóng và các loại hóa chất độc.
1127,TT 11/2020/TT-BLĐTBXH,XV,Y TẾ VÀ DƯỢC,Loại IV,"Nặng nhọc, độc hại, nguy hiểm",24,"Chế biến, pha trộn, cán, ép, ly tâm, lưu hóa cao su để sản xuất dụng cụ y tế (điều khiển máy nhúng và tạo hình trong sản xuất condom, găng cao su, thu gom, lột găng cao su, lưu hóa sản phẩm cao su)","Thường xuyên tiếp xúc với hóa chất độc, nhiệt độ cao, mùi vị khó chịu. Thường xuyên tiếp xúc với nóng, ồn bụi và hóa chất độc."
1128,TT 11/2020/TT-BLĐTBXH,XV,Y TẾ VÀ DƯỢC,Loại IV,"Nặng nhọc, độc hại, nguy hiểm",25,"Thủ kho sang chai, đóng gói lẻ hóa chất kiêm bảo quản","Lao động thể lực, tiếp xúc với nóng, ồn hơi hóa chất, dược liệu độc hóa chất độc."
1129,TT 11/2020/TT-BLĐTBXH,XV,Y TẾ VÀ DƯỢC,Loại IV,"Nặng nhọc, độc hại, nguy hiểm",26,Chăn nuôi động vật thí nghiệm để phục vụ cho y học và sản xuất vacxin.,Thường xuyên tiếp xúc với chất thải của động vật và nguồn lây bệnh.
1130,TT 11/2020/TT-BLĐTBXH,XV,Y TẾ VÀ DƯỢC,Loại IV,"Nặng nhọc, độc hại, nguy hiểm",27,Sắc thuốc tập trung bằng phương pháp thủ công.,"Nơi làm việc chật hẹp, chịu tác động của nóng, CO và CO2."
1131,TT 11/2020/TT-BLĐTBXH,XV,Y TẾ VÀ DƯỢC,Loại IV,"Nặng nhọc, độc hại, nguy hiểm",28,"Sản xuất các sản phẩm hóa dược ở các khâu sử dụng axít vô cơ mạnh, kiềm mạnh, cồn, tinh dầu thông.","Thường xuyên tiếp xúc với dung môi hữu cơ, các hóa chất độc."
1132,TT 11/2020/TT-BLĐTBXH,XV,Y TẾ VÀ DƯỢC,Loại IV,"Nặng nhọc, độc hại, nguy hiểm",29,Nuôi và lấy nọc rắn độc.,"Thường xuyên tiếp xúc với rắn độc, căng thẳng thần kinh tâm lý, nguy cơ sai sót rủi ro ảnh hưởng đến tính mạng,"
1133,TT 11/2020/TT-BLĐTBXH,XV,Y TẾ VÀ DƯỢC,Loại IV,"Nặng nhọc, độc hại, nguy hiểm",30,Sản xuất Cloralhydrat và cloramin.,"Công việc tiếp xúc với hơi hóa chất diệt khuẩn tinh chất, có nguy cơ ảnh hưởng đến sức khỏe."
1134,TT 11/2020/TT-BLĐTBXH,XV,Y TẾ VÀ DƯỢC,Loại IV,"Nặng nhọc, độc hại, nguy hiểm",31,"Hòa tan, cô, vớt, vẩy, rửa, sấy, xay, rây, đóng gói hở các sản phẩm hóa dược.","Công việc nặng nhọc, tâm lý căng thẳng trong ca làm việc. Thường xuyên tiếp xúc với dung môi hữu cơ, các hóa chất độc."
1135,TT 11/2020/TT-BLĐTBXH,XV,Y TẾ VÀ DƯỢC,Loại IV,"Nặng nhọc, độc hại, nguy hiểm",32,"Chiết xuất, tinh chế các hoạt chất từ dược liệu.","Thường xuyên tiếp xúc với dung môi hữu cơ, các hóa chất độc có nguy cơ ảnh hưởng đến sức khỏe."
1136,TT 11/2020/TT-BLĐTBXH,XV,Y TẾ VÀ DƯỢC,Loại IV,"Nặng nhọc, độc hại, nguy hiểm",33,"Chuyên nấu cao thảo mộc, cao động vật.","Công việc ca kíp, tiếp xúc với nóng, hơi thuốc, hơi dung môi sử dụng trong chiết xuất dược liệu và cao động vật."
1137,TT 11/2020/TT-BLĐTBXH,XV,Y TẾ VÀ DƯỢC,Loại IV,"Nặng nhọc, độc hại, nguy hiểm",34,"Băm, chặt, sao, tẩm, phơi sấy, chảy mốc dược liệu bằng thủ công.","Lao động thể lực, tiếp xúc với nóng, ồn hơi hóa chất, dược liệu."
1138,TT 11/2020/TT-BLĐTBXH,XV,Y TẾ VÀ DƯỢC,Loại IV,"Nặng nhọc, độc hại, nguy hiểm",35,"Xay, rây, nhào trộn, pha chế các loại dược chất, tá dược, vận hành máy dập và bao viên thuốc.","Lao động thể lực, tiếp xúc với nóng, ồn từ máy dập, máy bao, hơi hóa chất, dược liệu, hơi tá dược."
1139,TT 11/2020/TT-BLĐTBXH,XV,Y TẾ VÀ DƯỢC,Loại IV,"Nặng nhọc, độc hại, nguy hiểm",36,"Pha chế, đóng thuốc dầu nước, cao xoa.","Thường xuyên tiếp xúc với hơi dung môi, hóa chất, hơi tinh dầu hóa học và có nguy cơ ảnh hưởng đến sức khỏe."
1140,TT 11/2020/TT-BLĐTBXH,XV,Y TẾ VÀ DƯỢC,Loại IV,"Nặng nhọc, độc hại, nguy hiểm",37,"Pha chế đóng, hàn thuốc tiêm bằng công nghệ chân không; đóng hàn kháng sinh ở dạng bột.","Lao động thể lực, tiếp xúc với nóng, ồn từ máy pha khuấy, máy hàn, hơi hóa chất, dược liệu, hơi tá dược và kháng sinh."
1141,TT 11/2020/TT-BLĐTBXH,XV,Y TẾ VÀ DƯỢC,Loại IV,"Nặng nhọc, độc hại, nguy hiểm",38,"Sản xuất các loại thuốc từ phủ tạng, thuốc subtilis.","Nguy cơ lây nhiễm tác nhân sinh học từ các phủ tạng, tiếp xúc với hóa chất, dung môi trong quá trình sản xuất."
1142,TT 11/2020/TT-BLĐTBXH,XV,Y TẾ VÀ DƯỢC,Loại IV,"Nặng nhọc, độc hại, nguy hiểm",39,"Vận hành máy cất nước, bằng phương pháp nhiệt.","Công việc thường xuyên tiếp xúc với nhiệt độ cao, tiếng ồn, công việc thủ công căng thẳng kéo dài."
1143,TT 11/2020/TT-BLĐTBXH,XV,Y TẾ VÀ DƯỢC,Loại IV,"Nặng nhọc, độc hại, nguy hiểm",40,"Chuyên ủ, kéo, rửa, vẩy ống tiêm bằng thủ công.","Công việc nặng nhọc, tư thế lao động gò bó, chịu ảnh hưởng của nóng."
1144,TT 11/2020/TT-BLĐTBXH,XV,Y TẾ VÀ DƯỢC,Loại IV,"Nặng nhọc, độc hại, nguy hiểm",41,Chiết xuất và sản xuất thử các sản phẩm hóa dược.,"Thường xuyên tiếp xúc với hơi dung môi, hóa chất, hơi sản phẩm hóa dược và có nguy cơ ảnh hưởng đến sức khỏe."
1145,TT 11/2020/TT-BLĐTBXH,XV,Y TẾ VÀ DƯỢC,Loại IV,"Nặng nhọc, độc hại, nguy hiểm",42,"Chuyên bốc vác thủ công tại các cơ sở y tế (nguyên liệu, dược liệu, dược phẩm,...)","Lao động thể lực, tiếp xúc với nóng, ồn hơi hóa chất, dược liệu."
1146,TT 11/2020/TT-BLĐTBXH,XV,Y TẾ VÀ DƯỢC,Loại IV,"Nặng nhọc, độc hại, nguy hiểm",43,"Trực tiếp kiểm nghiệm các sản phẩm hóa dược, dược phẩm, mỹ phẩm, phân tích hóa lý, hóa thực vật, đông dược, dược lý. Kiểm nghiệm thuốc và nguyên liệu làm thuốc.","Căng thẳng thần kinh tâm lý, tiếp xúc thường xuyên với hơi hóa dược, mỹ phẩm"
1147,TT 11/2020/TT-BLĐTBXH,XV,Y TẾ VÀ DƯỢC,Loại IV,"Nặng nhọc, độc hại, nguy hiểm",44,"Thủ kho kiêm bảo quản nguyên liệu, dược liệu độc A, B","Công việc nặng nhọc, tiếp xúc hóa chất độc, nóng và bụi."
1148,TT 11/2020/TT-BLĐTBXH,XV,Y TẾ VÀ DƯỢC,Loại IV,"Nặng nhọc, độc hại, nguy hiểm",45,"Giặt, làm sạch, phơi, là ủi quần áo ga giường, chăn, gối, đệm,…của bệnh nhân.","Công việc nặng nhọc, ẩm ướt; thường xuyên tiếp xúc với hóa chất tẩy rửa và các chất bẩn có nguy cơ lây nhiễm bệnh cao."
1149,TT 11/2020/TT-BLĐTBXH,XV,Y TẾ VÀ DƯỢC,Loại IV,"Nặng nhọc, độc hại, nguy hiểm",46,Vệ sinh công nghiệp trong các xí nghiệp sản xuất dược và trang thiết bị y tế.,"Công việc nặng nhọc, môi trường độc hại, thường xuyên tiếp xúc với các hóa chất có hại"
1150,TT 11/2020/TT-BLĐTBXH,XVI,THỦY LỢI,Loại VI,"Đặc biệt nặng nhọc, độc hại, nguy hiểm",1,Lặn khảo sát các công trình thủy lợi.,"Công việc nặng nhọc, nguy hiểm, tư thế lao động gò bó, chịu tác động của áp suất cao."
1151,TT 11/2020/TT-BLĐTBXH,XVI,THỦY LỢI,Loại VI,"Đặc biệt nặng nhọc, độc hại, nguy hiểm",2,"Sĩ quan máy, thợ máy tàu công trình.","Công việc rất nặng nhọc, tư thế lao động gò bó, chịu tác động của nóng, ồn cao và rung mạnh."
1152,TT 11/2020/TT-BLĐTBXH,XVI,THỦY LỢI,Loại VI,"Đặc biệt nặng nhọc, độc hại, nguy hiểm",3,Vận hành máy cạp lốp dung tích gầu từ 16m3 trở lên.,"Công việc rất nặng nhọc, chịu tác động của bụi, ồn cao và rung mạnh, căng thẳng thần kinh tâm lý."
1153,TT 11/2020/TT-BLĐTBXH,XVI,THỦY LỢI,Loại V,"Đặc biệt nặng nhọc, độc hại, nguy hiểm",1,"Nổ mìn khai thác, phá đá nền móng công trình.","Làm việc ngoài trời, công việc nặng nhọc, nguy hiểm, chịu tác động của bụi, ồn và khí NO2"
1154,TT 11/2020/TT-BLĐTBXH,XVI,THỦY LỢI,Loại V,"Đặc biệt nặng nhọc, độc hại, nguy hiểm",2,"Thủy thủ, thuyền viên, kỹ thuật viên thợ điện, thợ máy tàu công trình thủy lợi.","Thường xuyên lưu động, công việc rất nặng nhọc, chịu tác động của nóng, ồn cao và rung."
1155,TT 11/2020/TT-BLĐTBXH,XVI,THỦY LỢI,Loại V,"Đặc biệt nặng nhọc, độc hại, nguy hiểm",3,"Vận hành, sửa chữa máy bơm điện tại các trạm bơm có từ 5 máy trở lên với tổng công suất trên 100.000 m3/h.","Đi lại liên tục, chịu tác động của tiếng ồn cao, rung kéo dài, tư thế lao động gò bó."
1156,TT 11/2020/TT-BLĐTBXH,XVI,THỦY LỢI,Loại V,"Đặc biệt nặng nhọc, độc hại, nguy hiểm",4,"Vận hành máy xáng, cạp.","Làm việc ngoài trời, trên sông nước, công việc nặng nhọc, tiếp xúc bụi, ồn, rung và dầu mỡ."
1157,TT 11/2020/TT-BLĐTBXH,XVI,THỦY LỢI,Loại V,"Đặc biệt nặng nhọc, độc hại, nguy hiểm",5,Vận hành máy cạp xích có công suất trên 220 CV.,"Công việc nặng nhọc, nguy hiểm, chịu ảnh hưởng của nóng, ồn, rung."
1158,TT 11/2020/TT-BLĐTBXH,XVI,THỦY LỢI,Loại V,"Đặc biệt nặng nhọc, độc hại, nguy hiểm",6,Lắp ráp cấu kiện trên cao.,"Làm việc ngoài trời, công việc nặng nhọc, nguy hiểm, căng thẳng thần kinh tâm lý."
1159,TT 11/2020/TT-BLĐTBXH,XVI,THỦY LỢI,Loại V,"Đặc biệt nặng nhọc, độc hại, nguy hiểm",7,"Điều tra, khảo sát quy hoạch các công trình thủy lợi.","Thường xuyên lưu động ở vùng sâu, xa xôi hẻo lánh, công việc nặng nhọc."
1160,TT 11/2020/TT-BLĐTBXH,XVI,THỦY LỢI,Loại V,"Đặc biệt nặng nhọc, độc hại, nguy hiểm",8,Khoan xử lý thân và nền móng công trình thủy lợi.,"Công việc nặng nhọc, tư thế lao động gò bó, chịu tác động của ồn, rung và bụi nồng độ rất cao."
1161,TT 11/2020/TT-BLĐTBXH,XVI,THỦY LỢI,Loại IV,"Nặng nhọc, độc hại, nguy hiểm",1,"Thủy thủ, thuyền viên, thợ máy tàu lai dắt.","Công việc nặng nhọc, chịu tác động của sóng nước, ồn và rung."
1162,TT 11/2020/TT-BLĐTBXH,XVI,THỦY LỢI,Loại IV,"Nặng nhọc, độc hại, nguy hiểm",2,Vận hành và sửa chữa máy bơm điện công suất từ 4000 m3/h trở lên.,"Nơi làm việc ẩm ướt, chịu tác động của nóng, rung, ồn và thường xuyên tiếp xúc dầu mỡ."
1163,TT 11/2020/TT-BLĐTBXH,XVI,THỦY LỢI,Loại IV,"Nặng nhọc, độc hại, nguy hiểm",3,"Hoan, phụt vữa gia cố đê, kè, cống.","Làm việc ngoài trời, công việc nặng nhọc, chịu tác động của ồn, rung và hóa chất chống mối."
1164,TT 11/2020/TT-BLĐTBXH,XVI,THỦY LỢI,Loại IV,"Nặng nhọc, độc hại, nguy hiểm",4,"Xây dựng thủ công các công trình thủy lợi (mộc, nề, sắt...)","Công việc thủ công, nặng nhọc, ảnh hưởng của ồn và bụi."
1165,TT 11/2020/TT-BLĐTBXH,XVI,THỦY LỢI,Loại IV,"Nặng nhọc, độc hại, nguy hiểm",5,"Nạo vét sông, kênh, mương thủ công.","Làm việc ngoài trời, công việc thủ công nặng nhọc, tư thế lao động gò bó, tiếp xúc với nhiều loại nấm, vi sinh vật gây bệnh."
1166,TT 11/2020/TT-BLĐTBXH,XVI,THỦY LỢI,Loại IV,"Nặng nhọc, độc hại, nguy hiểm",6,"Lái xe, máy thi công ở các công trình thủy lợi.","Chịu tác động của rung, ồn, bụi, căng thẳng thần kinh tâm lý."
1167,TT 11/2020/TT-BLĐTBXH,XVI,THỦY LỢI,Loại IV,"Nặng nhọc, độc hại, nguy hiểm",7,"Sửa chữa xe, máy thi công ở các công trình xây dựng.","Làm việc ngoài trời, công việc nặng nhọc, tư thế lao động gò bó, tiếp xúc với dầu mỡ."
1168,TT 11/2020/TT-BLĐTBXH,XVI,THỦY LỢI,Loại IV,"Nặng nhọc, độc hại, nguy hiểm",8,"Đóng, mở cửa cống tại cầu công tác ở các đập thủy lợi.","Làm việc trên cao, trong mọi thời tiết, công việc nặng nhọc."
1169,TT 11/2020/TT-BLĐTBXH,XVI,THỦY LỢI,Loại IV,"Nặng nhọc, độc hại, nguy hiểm",9,"Thí nghiệm, xử lý đất, bê tông ngoài hiện trường tại các công trình xây dựng thủy lợi.","Lao động ngoài trời, công việc thủ nặng nhọc, tiếp xúc với hóa chất, ồn, rung và bụi."
1170,TT 11/2020/TT-BLĐTBXH,XVI,THỦY LỢI,Loại IV,"Nặng nhọc, độc hại, nguy hiểm",10,Kiểm tra đê điều.,"Làm việc ngoài trời, thường xuyên phải đi lại, không kể ngày đêm."
1171,TT 11/2020/TT-BLĐTBXH,XVII,CƠ YẾU,Loại V,"Đặc biệt nặng nhọc, độc hại, nguy hiểm",1,"Nấu lô, nấu sơn tổng hợp, keo quét, gắn, phủ các loại tài liệu mật mã.","Công việc thủ công, nặng nhọc, chịu tác động của nóng và các hóa chất độc."
1172,TT 11/2020/TT-BLĐTBXH,XVII,CƠ YẾU,Loại V,"Đặc biệt nặng nhọc, độc hại, nguy hiểm",2,"Vận hành, sửa chữa, bảo dưỡng trang thiết bị trong xe máy mã.","Làm việc trong điều kiện chật hẹp, thiếu dưỡng khí, ảnh hưởng do tiếng ồn, khí độc của các loại vật liệu."
1173,TT 11/2020/TT-BLĐTBXH,XVII,CƠ YẾU,Loại IV,"Nặng nhọc, độc hại, nguy hiểm",1,Mã dịch mật mã.,"Làm việc trong buồng kín, thiếu ánh sáng, thiếu dưỡng khí, chịu tác động của điện từ trường, căng thẳng thần kinh tâm lý."
1174,TT 11/2020/TT-BLĐTBXH,XVII,CƠ YẾU,Loại IV,"Nặng nhọc, độc hại, nguy hiểm",2,"Nghiên cứu, chế thử, thử nghiệm máy mật mã và sản xuất khóa mật mã.","Làm việc trong phòng kín, tiếp xúc với hóa chất bảo vệ mật mã, chịu tác động của điện từ trường, căng thẳng thần kinh tâm lý."
1175,TT 11/2020/TT-BLĐTBXH,XVII,CƠ YẾU,Loại IV,"Nặng nhọc, độc hại, nguy hiểm",3,Sản xuất mạch in của máy mật mã.,"Chịu tác động của bụi, ồn và các hóa chất độc như: axít HCl, Xianua, amôniắc..."
1176,TT 11/2020/TT-BLĐTBXH,XVII,CƠ YẾU,Loại IV,"Nặng nhọc, độc hại, nguy hiểm",4,"Nấu đúc, tẩy rửa chữ chì, chữa nhựa.","Thường xuyên tiếp xúc với nóng, hơi, bụi chì, xăng và hóa chất độc."
1177,TT 11/2020/TT-BLĐTBXH,XVII,CƠ YẾU,Loại IV,"Nặng nhọc, độc hại, nguy hiểm",5,"Vận hành máy in Typo, ốp-sét in các tài liệu mật mã.","Chịu tác động của ồn, bụi và hóa chất bảo vệ loại tài liệu mật mã."
1178,TT 11/2020/TT-BLĐTBXH,XVII,CƠ YẾU,Loại IV,"Nặng nhọc, độc hại, nguy hiểm",6,Đóng xén thủ công các tài liệu mật mã,"Công việc thủ công, nặng nhọc, chịu tác động của ồn, bụi giấy và hóa chất bảo vệ tài liệu mật mã."
1179,TT 11/2020/TT-BLĐTBXH,XVII,CƠ YẾU,Loại IV,"Nặng nhọc, độc hại, nguy hiểm",7,"Thủ kho bảo quản, bốc xếp, tiếp nhận, cấp phát tài liệu, trang thiết bị, phương tiện kỹ thuật mật mã.","Làm việc trong buồng kín, thiếu ánh sáng, thiếu dưỡng khí, ảnh hưởng của tiếng bụi, hóa chất bảo vệ tài liệu, phương tiện kỹ thuật mật mã."
1180,TT 11/2020/TT-BLĐTBXH,XVII,CƠ YẾU,Loại IV,"Nặng nhọc, độc hại, nguy hiểm",8,"Vận hành công văn, tài liệu mật mã tối khẩn, hẹn giờ.","Công việc không kể ngày đêm, thường xuyên đi lại trên đường, nguy hiểm, chịu tác động của khí hậu, mưa nắng; đòi hỏi tính khẩn trương, cơ mật cao."
1181,TT 11/2020/TT-BLĐTBXH,XVII,CƠ YẾU,Loại IV,"Nặng nhọc, độc hại, nguy hiểm",9,"Thiêu hủy, vận hành hệ thống nghiền hủy các loại tài liệu, trang thiết bị kỹ thuật mật mã.","Làm việc trong môi trường có nhiều bụi giấy, than, nhiệt độ nóng bức của lò hơi, tiếng ồn lớn của máy nghiền và các loại hóa chất H2SO4, NaOH... dễ gây các bệnh ngoài da, bệnh phổi."
1182,TT 11/2020/TT-BLĐTBXH,XVII,CƠ YẾU,Loại IV,"Nặng nhọc, độc hại, nguy hiểm",10,"Sản xuất, lắp ráp, sửa chữa trang thiết bị kỹ thuật mật mã và máy mã.","Làm việc trong buồng kín, căng thẳng thần kinh, đòi hỏi độ chính xác cao, thường xuyên chịu ảnh hưởng của hóa chất độc hại."
1183,TT 11/2020/TT-BLĐTBXH,XVII,CƠ YẾU,Loại IV,"Nặng nhọc, độc hại, nguy hiểm",11,"Chế bản, in tài liệu kỹ thuật mật mã; chế bản điện tử cho sản xuất mạch in.","Làm việc trong buồng kín, căng thăng thần kinh, chịu tác động của tiếng ồn động cơ, tiếp xúc với hóa chất độc hại."
1184,TT 11/2020/TT-BLĐTBXH,XVII,CƠ YẾU,Loại IV,"Nặng nhọc, độc hại, nguy hiểm",12,"Kiểm tra các loại tài liệu, trang thiết bị kỹ thuật mật mã.","Làm việc trong buồng kín, thiếu dưỡng khí, căng thẳng thần kinh, đòi hỏi độ chính xác cao."
1185,TT 11/2020/TT-BLĐTBXH,XVII,CƠ YẾU,Loại IV,"Nặng nhọc, độc hại, nguy hiểm",13,"Vận hành, quản trị các hệ thống chứng thực điện tử; giám sát an ninh mạng cho các hệ thống công nghệ thông tin.","Làm việc trong phòng kín, chịu tác động của tiếng ồn, bức xạ điện từ ở mức độ cao, liên tục."
1186,TT 11/2020/TT-BLĐTBXH,XVII,CƠ YẾU,Loại IV,"Nặng nhọc, độc hại, nguy hiểm",14,"Sửa chữa cơ, điện bảo đảm cho sản xuất các loại tài liệu, trang thiết bị kỹ thuật mật mã.","Làm việc trong phòng kín, tiếp xúc thường xuyên với các hóa chất: dung dịch axít H2SO4 HNO3 (GC400), Hỗn hợp dung dịch phốt phát bề mặt kim loại ZC 365."
1187,TT 11/2020/TT-BLĐTBXH,XVII,CƠ YẾU,Loại IV,"Nặng nhọc, độc hại, nguy hiểm",15,"Kiểm định, đánh giá các loại sản phẩm mật mã và máy mã.","Làm việc trong buồng kín, thiếu dưỡng khí, chịu tác động của điện từ trường, căng thẳng thần kinh tâm lý."
1188,TT 11/2020/TT-BLĐTBXH,XVIII,ĐỊA CHẤT,Loại VI,"Đặc biệt nặng nhọc, độc hại, nguy hiểm",1,"Đào hào, giếng, lò địa chất trong vùng mỏ phóng xạ.","Lao động ngoài trời, công việc thủ công rất nặng nhọc, nguy hiểm, tư thế lao động gò bó, thường xuyên chịu tác động của phóng xạ."
1189,TT 11/2020/TT-BLĐTBXH,XVIII,ĐỊA CHẤT,Loại VI,"Đặc biệt nặng nhọc, độc hại, nguy hiểm",2,Địa vật lý hàng không.,"Công việc rất nguy hiểm, chịu tác động của tiếng ồn cao, rung mạnh."
1190,TT 11/2020/TT-BLĐTBXH,XVIII,ĐỊA CHẤT,Loại VI,"Đặc biệt nặng nhọc, độc hại, nguy hiểm",3,"Khoan tay, khoan máy trong vùng mỏ phóng xạ","Làm việc ngoài trời, nơi làm việc lầy lội, công việc nặng nhọc, chịu tác động thường xuyên của phóng xạ."
1191,TT 11/2020/TT-BLĐTBXH,XVIII,ĐỊA CHẤT,Loại V,"Đặc biệt nặng nhọc, độc hại, nguy hiểm",1,Đo carôta lỗ khoan.,"Công việc rất nguy hiểm, vì phải tiếp xúc với nguồn phóng xạ hở cường độ rất lớn."
1192,TT 11/2020/TT-BLĐTBXH,XVIII,ĐỊA CHẤT,Loại V,"Đặc biệt nặng nhọc, độc hại, nguy hiểm",2,"Lộ trình lập bản đồ địa chất, địa chất thủy văn, địa vật lý, quan trắc địa chất thủy văn, tìm kiếm khoáng sản vùng phóng xạ hoặc núi cao, biên giới, hải đảo.","Công việc nặng nhọc, nguy hiểm, phải đi lại nhiều ở vùng núi cao nhiều dốc, chịu tác động của phóng xạ."
1193,TT 11/2020/TT-BLĐTBXH,XVIII,ĐỊA CHẤT,Loại V,"Đặc biệt nặng nhọc, độc hại, nguy hiểm",3,"Khảo sát, lấy mẫu quặng, mẫu phóng xạ trong các công trình (hào, lò, giếng)","Làm việc ở vùng núi cao, nơi làm việc chật hẹp, tư thế lao động gò bó, chịu tác động của phóng xạ."
1194,TT 11/2020/TT-BLĐTBXH,XVIII,ĐỊA CHẤT,Loại V,"Đặc biệt nặng nhọc, độc hại, nguy hiểm",4,Khảo sát địa vật lý vùng phóng xạ.,"Làm việc ngoài trời ở vùng núi cao, đi lại nhiều, chịu tác động của phóng xạ."
1195,TT 11/2020/TT-BLĐTBXH,XVIII,ĐỊA CHẤT,Loại V,"Đặc biệt nặng nhọc, độc hại, nguy hiểm",5,"Đào hào, giếng, lò địa chất.","Công việc thủ công, nặng nhọc, nguy hiểm nơi làm việc chật hẹp, tư thế lao động gò bó."
1196,TT 11/2020/TT-BLĐTBXH,XVIII,ĐỊA CHẤT,Loại V,"Đặc biệt nặng nhọc, độc hại, nguy hiểm",6,"Gia công, phân tích mẫu quặng phóng xạ.",Thường xuyên tiếp xúc với hóa chất độc mạnh và phóng xạ.
1197,TT 11/2020/TT-BLĐTBXH,XVIII,ĐỊA CHẤT,Loại V,"Đặc biệt nặng nhọc, độc hại, nguy hiểm",7,"Lấy mẫu, đãi mẫu trọng sa","Làm việc ngoài trời, công việc thủ công nặng nhọc, tư thế lao động gò bó, phải đi lại nhiều."
1198,TT 11/2020/TT-BLĐTBXH,XVIII,ĐỊA CHẤT,Loại V,"Đặc biệt nặng nhọc, độc hại, nguy hiểm",8,"Phân tích mẫu địa chất bằng phương pháp Rơnghen, nhiễu xạ, phương pháp khối cho phổ đồng vị phóng xạ và phương pháp microzon hiển vi điện tử quét.",Thường xuyên chịu tác động của phóng xạ và điện từ trường vượt tiêu chuẩn phép nhiều lần.
1199,TT 11/2020/TT-BLĐTBXH,XVIII,ĐỊA CHẤT,Loại V,"Đặc biệt nặng nhọc, độc hại, nguy hiểm",9,Phân tích mẫu địa chất bằng quang phổ plasma (ICP),"Thường xuyên tiếp xúc với điện từ trường và các axit mạnh như: HF, HCL, H2SO4, HNO3."
1200,TT 11/2020/TT-BLĐTBXH,XVIII,ĐỊA CHẤT,Loại V,"Đặc biệt nặng nhọc, độc hại, nguy hiểm",10,"Trắc địa địa hình, trắc địa công trình địa chất vùng núi cao, biên giới, hải đảo.","Làm việc ngoài trời ở các vùng địa hình khó khăn, phức tạp, công việc nặng nhọc."
1201,TT 11/2020/TT-BLĐTBXH,XVIII,ĐỊA CHẤT,Loại V,"Đặc biệt nặng nhọc, độc hại, nguy hiểm",11,"Khảo sát địa chất, trắc địa, địa vật lý, địa chất thủy văn trên biển.","Công việc nặng nhọc, chịu tác động của sóng gió, ồn và rung."
1202,TT 11/2020/TT-BLĐTBXH,XVIII,ĐỊA CHẤT,Loại V,"Đặc biệt nặng nhọc, độc hại, nguy hiểm",12,Khoan tay địa chất,"Công việc thủ công, nặng nhọc, tư thế lao động gò bó, nơi làm việc lầy lội, bẩn thỉu, khi khoan dưới sông, biển phải ngâm nước suốt ca làm việc."
1203,TT 11/2020/TT-BLĐTBXH,XVIII,ĐỊA CHẤT,Loại V,"Đặc biệt nặng nhọc, độc hại, nguy hiểm",13,Tên nghề hoặc công việc,"Đặc điểm về điều kiện lao động của nghề, công việc"
1204,TT 11/2020/TT-BLĐTBXH,XVIII,ĐỊA CHẤT,Loại IV,"Nặng nhọc, độc hại, nguy hiểm",1,"Múc, đổ nước thí nghiệm trong công tác nghiên cứu địa chất thủy văn.","Làm việc ngoài trời, công việc thủ công, nặng nhọc."
1205,TT 11/2020/TT-BLĐTBXH,XVIII,ĐỊA CHẤT,Loại IV,"Nặng nhọc, độc hại, nguy hiểm",2,"Bơm, hút nước thí nghiệm lỗ khoan địa chất thủy văn","Làm việc ngoài trời, công việc thủ công nặng nhọc."
1206,TT 11/2020/TT-BLĐTBXH,XVIII,ĐỊA CHẤT,Loại IV,"Nặng nhọc, độc hại, nguy hiểm",3,"Phân tích mẫu địa chất bằng phương pháp hóa, lý, nhiệt và cơ học.","Chịu tác động của ồn, bụi, nóng và các hóa chất độc."
1207,TT 11/2020/TT-BLĐTBXH,XVIII,ĐỊA CHẤT,Loại IV,"Nặng nhọc, độc hại, nguy hiểm",4,"Gia công, tuyển khoáng mẫu địa chất.",Chịu tác động của ồn và bụi khoáng chất.
1208,TT 11/2020/TT-BLĐTBXH,XVIII,ĐỊA CHẤT,Loại IV,"Nặng nhọc, độc hại, nguy hiểm",5,Phân tích mẫu địa chất bằng phương pháp quang phổ hồ quang.,"Chịu tác động của nóng, điện từ trường và hơi khí độc."
1209,TT 11/2020/TT-BLĐTBXH,XVIII,ĐỊA CHẤT,Loại IV,"Nặng nhọc, độc hại, nguy hiểm",6,"Phân tích mẫu vàng, bạc bằng phương pháp nung luyện.",Chịu tác động của nhiệt độc cao và hóa chất độc.
1210,TT 11/2020/TT-BLĐTBXH,XVIII,ĐỊA CHẤT,Loại IV,"Nặng nhọc, độc hại, nguy hiểm",7,Lái xe khoan địa chất.,"Công việc nguy hiểm, chịu tác động của ồn, rung."
1211,TT 11/2020/TT-BLĐTBXH,XVIII,ĐỊA CHẤT,Loại IV,"Nặng nhọc, độc hại, nguy hiểm",8,Vận hành máy khoan địa chất.,"Làm việc ngoài trời, công việc nặng nhọc, nơi làm việc lầy lội, tư thế lao động gò bó."
1212,TT 11/2020/TT-BLĐTBXH,XIX,XÂY DỰNG (XÂY LẮP),Loại VI,"Đặc biệt nặng nhọc, độc hại, nguy hiểm",1,Vận hành máy khoan trong hầm.,"Làm việc trong hầm kín, thiếu dưỡng khí, công việc nặng nhọc, nguy hiểm, tư thế lao động gò bó, thường xuyên chịu tác động của ồn, rung và bụi đá."
1213,TT 11/2020/TT-BLĐTBXH,XIX,XÂY DỰNG (XÂY LẮP),Loại VI,"Đặc biệt nặng nhọc, độc hại, nguy hiểm",2,Nổ mìn trong hầm.,"Công việc nặng nhọc, rất nguy hiểm, chịu tác động của ồn, bụi và NO2."
1214,TT 11/2020/TT-BLĐTBXH,XIX,XÂY DỰNG (XÂY LẮP),Loại V,"Đặc biệt nặng nhọc, độc hại, nguy hiểm",1,"Vận hành các loại xe, máy thi công, xây lắp trong hầm.","Công việc nặng nhọc, nguy hiểm, thường xuyên chịu tác động của tiếng ồn, rung, bụi."
1215,TT 11/2020/TT-BLĐTBXH,XIX,XÂY DỰNG (XÂY LẮP),Loại V,"Đặc biệt nặng nhọc, độc hại, nguy hiểm",2,"Vận hành, lắp ráp, sửa chữa các loại máy, thiết bị phục vụ thi công, xây lắp trong hầm.","Công việc nguy hiểm, làm việc trong môi trường ồn, bụi nhiều."
1216,TT 11/2020/TT-BLĐTBXH,XIX,XÂY DỰNG (XÂY LẮP),Loại V,"Đặc biệt nặng nhọc, độc hại, nguy hiểm",3,Chuyên xây lắp thủ công trong hầm.,"Công việc thủ công, nặng nhọc, nguy hiểm, chịu ảnh hưởng của ồn và bụi."
1217,TT 11/2020/TT-BLĐTBXH,XIX,XÂY DỰNG (XÂY LẮP),Loại V,"Đặc biệt nặng nhọc, độc hại, nguy hiểm",4,"Xây lắp, sửa chữa lớn đường dây, cột điện cao thế từ 110 KV trở lên.","Công việc rất nặng nhọc, nguy hiểm, đường dây, cột điện cao tư thế lao động gò bó."
1218,TT 11/2020/TT-BLĐTBXH,XIX,XÂY DỰNG (XÂY LẮP),Loại V,"Đặc biệt nặng nhọc, độc hại, nguy hiểm",5,"Hàn điện, hàn hơi trong hầm.","Nơi làm việc chật hẹp, thiếu ánh sáng, thiếu khí, tư thế lao động gò bó, chịu tác động của khí độc."
1219,TT 11/2020/TT-BLĐTBXH,XIX,XÂY DỰNG (XÂY LẮP),Loại V,"Đặc biệt nặng nhọc, độc hại, nguy hiểm",6,"Xây dựng ống khói, lò cao, xi lô bằng phương pháp bê tông cốp pha trượt và cáp dự ứng lực","Công việc nặng nhọc, rất nguy hiểm, chịu tác động của bụi nồng độ cao."
1220,TT 11/2020/TT-BLĐTBXH,XIX,XÂY DỰNG (XÂY LẮP),Loại IV,"Nặng nhọc, độc hại, nguy hiểm",1,"Thường xuyên kiểm tra, giám sát, chỉ đạo kỹ thuật trong hầm.",Làm việc trong môi trường ồn và bụi nhiều.
1221,TT 11/2020/TT-BLĐTBXH,XIX,XÂY DỰNG (XÂY LẮP),Loại IV,"Nặng nhọc, độc hại, nguy hiểm",2,Vận hành máy trộn bê tông.,Thường xuyên làm việc trong môi trường ồn và bụi.
1222,TT 11/2020/TT-BLĐTBXH,XIX,XÂY DỰNG (XÂY LẮP),Loại IV,"Nặng nhọc, độc hại, nguy hiểm",3,"Vận hành máy phun vữa, phun xi măng.","Chịu ảnh hưởng của ồn, công việc nặng nhọc."
1223,TT 11/2020/TT-BLĐTBXH,XIX,XÂY DỰNG (XÂY LẮP),Loại IV,"Nặng nhọc, độc hại, nguy hiểm",4,"Xây lắp, sửa chữa cột, đường dây điện dưới 110KV","Công việc nặng nhọc, nguy hiểm, tư thế lao động gò bó."
1224,TT 11/2020/TT-BLĐTBXH,XX,VỆ SINH MÔI TRƯỜNG,Loại VI,"Đặc biệt nặng nhọc, độc hại, nguy hiểm",1,Nạo vét bùn cống ngầm đô thị.,"Công việc thủ công, nặng nhọc, hôi thối, thiếu ánh sáng, thiếu dưỡng khí."
1225,TT 11/2020/TT-BLĐTBXH,XX,VỆ SINH MÔI TRƯỜNG,Loại V,"Đặc biệt nặng nhọc, độc hại, nguy hiểm",1,"Chôn, cất mồ mả.","Công việc rất nặng nhọc, độc hại, căng thẳng thần kinh tâm lý."
1226,TT 11/2020/TT-BLĐTBXH,XX,VỆ SINH MÔI TRƯỜNG,Loại V,"Đặc biệt nặng nhọc, độc hại, nguy hiểm",2,Nạo vét bùn cống ngang.,"Thường xuyên tiếp xúc với nước bẩn, hôi thối, thiếu ánh sáng, thiếu dưỡng khí."
1227,TT 11/2020/TT-BLĐTBXH,XX,VỆ SINH MÔI TRƯỜNG,Loại V,"Đặc biệt nặng nhọc, độc hại, nguy hiểm",3,"Xây lắp, sửa chữa cống ngầm.","Công việc nặng nhọc, tiếp xúc với nước bẩn, hôi thối."
1228,TT 11/2020/TT-BLĐTBXH,XX,VỆ SINH MÔI TRƯỜNG,Loại V,"Đặc biệt nặng nhọc, độc hại, nguy hiểm",4,"Thu dọn, cải tạo hố xí hai ngăn và hố xí thùng.","Công việc nặng nhọc, tiếp xúc với chất thải hôi thối, bẩn thỉu."
1229,TT 11/2020/TT-BLĐTBXH,XX,VỆ SINH MÔI TRƯỜNG,Loại V,"Đặc biệt nặng nhọc, độc hại, nguy hiểm",5,"Xúc, san bãi rác.","Công việc nặng nhọc, thường xuyên làm việc trong môi trường ô nhiễm nặng."
1230,TT 11/2020/TT-BLĐTBXH,XX,VỆ SINH MÔI TRƯỜNG,Loại V,"Đặc biệt nặng nhọc, độc hại, nguy hiểm",6,Chế biến rác.,Thường xuyên làm việc trong môi trường ô nhiễm.
1231,TT 11/2020/TT-BLĐTBXH,XX,VỆ SINH MÔI TRƯỜNG,Loại V,"Đặc biệt nặng nhọc, độc hại, nguy hiểm",7,"Hạ cây, chặt cành.","Làm việc trên cao nguy hiểm, công việc thủ công, nặng nhọc."
1232,TT 11/2020/TT-BLĐTBXH,XX,VỆ SINH MÔI TRƯỜNG,Loại V,"Đặc biệt nặng nhọc, độc hại, nguy hiểm",8,Kiểm tra phát hiện hư hỏng trong lòng cống bằng phương pháp chui lòng cống,"Công việc thủ công, nặng nhọc, tư thế gò bó, tiếp xúc trực tiếp với chất bẩn, hôi thối, làm việc trong môi trường ô nhiễm nặng, thiếu ánh sáng, thiếu dưỡng khí"
1233,TT 11/2020/TT-BLĐTBXH,XX,VỆ SINH MÔI TRƯỜNG,Loại V,"Đặc biệt nặng nhọc, độc hại, nguy hiểm",9,Nạo vét bùn cống ngầm bằng dây chuyền thiết bị cơ giới,"Công việc thủ công, nặng nhọc, tư thế gò bó, tiếp xúc trực tiếp với chất bẩn, hôi thối, làm việc trong môi trường ô nhiễm nặng, thiếu ánh sáng, thiếu dưỡng khí"
1234,TT 11/2020/TT-BLĐTBXH,XX,VỆ SINH MÔI TRƯỜNG,Loại IV,"Nặng nhọc, độc hại, nguy hiểm",1,Vệ sinh chuồng thú.,"Công việc thủ công, bẩn, hôi thối."
1235,TT 11/2020/TT-BLĐTBXH,XX,VỆ SINH MÔI TRƯỜNG,Loại IV,"Nặng nhọc, độc hại, nguy hiểm",2,"Trông coi nhà xác, trông coi nghĩa trang, điện táng","Công việc đơn điệu, ảnh hưởng thần kinh tâm lý."
1236,TT 11/2020/TT-BLĐTBXH,XX,VỆ SINH MÔI TRƯỜNG,Loại IV,"Nặng nhọc, độc hại, nguy hiểm",3,"Duy tu, nạo vét bùn mương, sông, cống thoát nước.","Làm việc ngoài trời, công việc nặng nhọc, tiếp xúc bùn, nước bẩn."
1237,TT 11/2020/TT-BLĐTBXH,XX,VỆ SINH MÔI TRƯỜNG,Loại IV,"Nặng nhọc, độc hại, nguy hiểm",4,"Vận hành tàu cuốc, tàu hút bùn, máy bơm nước thải.","Làm việc trong môi trường ô nhiễm nặng, chịu tác động của tiếng ồn."
1238,TT 11/2020/TT-BLĐTBXH,XX,VỆ SINH MÔI TRƯỜNG,Loại IV,"Nặng nhọc, độc hại, nguy hiểm",5,"Thu dọn rác bến tàu, xe; quét rác đường phố.",Thường xuyên tiếp xúc với rác bẩn và bụi nồng độ cao.
1239,TT 11/2020/TT-BLĐTBXH,XX,VỆ SINH MÔI TRƯỜNG,Loại IV,"Nặng nhọc, độc hại, nguy hiểm",6,Nuôi thú dữ.,"Công việc nặng nhọc, nguy hiểm."
1240,TT 11/2020/TT-BLĐTBXH,XX,VỆ SINH MÔI TRƯỜNG,Loại IV,"Nặng nhọc, độc hại, nguy hiểm",7,"Lái, vận hành các loại xe chuyên dùng chở phân, rác.",Chuyên làm việc trong môi trường bị ô nhiễm bởi rác bẩn.
1241,TT 11/2020/TT-BLĐTBXH,XX,VỆ SINH MÔI TRƯỜNG,Loại IV,"Nặng nhọc, độc hại, nguy hiểm",8,"Thu dọn nhà vệ sinh công cộng bến tàu, bến xe; chế biến đất độn phân.","Làm việc trong môi trường ô nhiễm, công việc thủ công, nặng nhọc."
1242,TT 11/2020/TT-BLĐTBXH,XX,VỆ SINH MÔI TRƯỜNG,Loại IV,"Nặng nhọc, độc hại, nguy hiểm",9,"Hút phân, hút bùn.","Thường xuyên làm việc trong môi trường hôi thối, bẩn thỉu."
1243,TT 11/2020/TT-BLĐTBXH,XX,VỆ SINH MÔI TRƯỜNG,Loại IV,"Nặng nhọc, độc hại, nguy hiểm",10,"Công nhân cắt cỏ máy đeo vai, cầm tay, làm việc ở quảng trường các tỉnh, thành phố.","Tiếp xúc với hơi khí độc, chịu tác động rung."
1244,TT 11/2020/TT-BLĐTBXH,XX,VỆ SINH MÔI TRƯỜNG,Loại IV,"Nặng nhọc, độc hại, nguy hiểm",11,Vớt rác trên kênh và ven kênh,"Công việc thủ công, nặng nhọc, tư thế gò bó, tiếp xúc trực tiếp với chất bẩn, hôi thối, thường xuyên làm việc trong môi trường ô nhiễm nặng, dễ xảy ra tai nạn do làm việc trên bờ, mái kênh trơn trượt"
1245,TT 11/2020/TT-BLĐTBXH,XX,VỆ SINH MÔI TRƯỜNG,Loại IV,"Nặng nhọc, độc hại, nguy hiểm",12,Nạo vét mương sông bằng dây chuyền cơ giới,"Công việc nặng nhọc, độc hại, nguy hiểm, làm việc ngoài trời, tư thế gò bó, môi trường hôi thối, tiếp xúc trực tiếp với bùn, nước bẩn, rác bẩn có nhiều nấm, vi sinh vật gây bệnh"
1246,TT 11/2020/TT-BLĐTBXH,XX,VỆ SINH MÔI TRƯỜNG,Loại IV,"Nặng nhọc, độc hại, nguy hiểm",13,Quản lý vận hành trạm cân điện tử từ 30 tấn tại bãi đổ bùn,"Công việc nặng nhọc, thường xuyên làm việc trong môi trường ô nhiễm nặng"
1247,TT 11/2020/TT-BLĐTBXH,XX,VỆ SINH MÔI TRƯỜNG,Loại IV,"Nặng nhọc, độc hại, nguy hiểm",14,Xử lý phế thải thoát nước tại bãi chứa bùn,"Công việc nặng nhọc, tiếp xúc với hóa chất độc hại, thường xuyên làm việc trong môi trường ô nhiễm nặng, dễ xảy ra tai nạn do bãi đổ chưa ổn định"
1248,TT 11/2020/TT-BLĐTBXH,XX,VỆ SINH MÔI TRƯỜNG,Loại IV,"Nặng nhọc, độc hại, nguy hiểm",15,"Quản lý, duy trì hồ điều hòa","Làm việc ngoài trời, công việc thủ công nặng nhọc, tư thế lao động gò bó, tiếp xúc nhiều loại nấm, vi sinh vật gây bệnh"
1249,TT 11/2020/TT-BLĐTBXH,XX,VỆ SINH MÔI TRƯỜNG,Loại IV,"Nặng nhọc, độc hại, nguy hiểm",16,"Xử lý, duy trì chất lượng nước hồ","Làm việc ngoài trời, công việc thủ công nặng nhọc, tiếp xúc trực tiếp với nước thải, hóa chất, tư thế lao động gò bó, tiếp xúc nhiều loại nấm, vi sinh vật gây bệnh"
1250,TT 11/2020/TT-BLĐTBXH,XX,VỆ SINH MÔI TRƯỜNG,Loại IV,"Nặng nhọc, độc hại, nguy hiểm",17,"Trồng, duy trì, chăm sóc cây, cỏ","Làm việc ngoài trời, công việc thủ công, rất nặng nhọc, tư thế lao động gò bó; lao động phân tán, lưu động; chịu tác động của bụi, tiếng ồn, rung, hơi xăng dầu khí độc, chất hóa học, phân bón; làm việc trong môi trường dễ xảy ra tai nạn lao động, tai nạn giao thông nguy hiểm"
1251,TT 11/2020/TT-BLĐTBXH,XXI,"SẢN XUẤT GẠCH, GỐM, SỨ, ĐÁ, CÁT, SỎI, KÍNH XÂY DỰNG, VẬT LIỆU XÂY DỰNG",Loại V,"Đặc biệt nặng nhọc, độc hại, nguy hiểm",1,"Đốt lò vôi, ra lò vôi và chọn vôi nóng (lò thủ công).","Làm việc trên lò cao, công việc thủ công, nặng nhọc, chịu tác động của nóng và bụi độc."
1252,TT 11/2020/TT-BLĐTBXH,XXI,"SẢN XUẤT GẠCH, GỐM, SỨ, ĐÁ, CÁT, SỎI, KÍNH XÂY DỰNG, VẬT LIỆU XÂY DỰNG",Loại V,"Đặc biệt nặng nhọc, độc hại, nguy hiểm",2,"Tháo, đổ xi măng vào máy trộn bê tông.","Công việc thủ công, rất nặng nhọc, chịu tác động của bụi xi măng nồng độ rất cao."
1253,TT 11/2020/TT-BLĐTBXH,XXI,"SẢN XUẤT GẠCH, GỐM, SỨ, ĐÁ, CÁT, SỎI, KÍNH XÂY DỰNG, VẬT LIỆU XÂY DỰNG",Loại V,"Đặc biệt nặng nhọc, độc hại, nguy hiểm",3,"Cắt, mài đá hoa Granito, đá ốp lát","Công việc nặng nhọc, chịu tác động của ồn, rung và bụi."
1254,TT 11/2020/TT-BLĐTBXH,XXI,"SẢN XUẤT GẠCH, GỐM, SỨ, ĐÁ, CÁT, SỎI, KÍNH XÂY DỰNG, VẬT LIỆU XÂY DỰNG",Loại V,"Đặc biệt nặng nhọc, độc hại, nguy hiểm",4,Phun cát làm mờ kính,"Làm việc trong môi trường bụi nhiều, chịu tác động của ồn, rung."
1255,TT 11/2020/TT-BLĐTBXH,XXI,"SẢN XUẤT GẠCH, GỐM, SỨ, ĐÁ, CÁT, SỎI, KÍNH XÂY DỰNG, VẬT LIỆU XÂY DỰNG",Loại V,"Đặc biệt nặng nhọc, độc hại, nguy hiểm",5,"Vận hành máy đập, nghiền nguyên liệu sản xuất gạch lửa","Chịu tác động tiếng ồn cao, bụi có nồng độ SiO2 rất cao."
1256,TT 11/2020/TT-BLĐTBXH,XXI,"SẢN XUẤT GẠCH, GỐM, SỨ, ĐÁ, CÁT, SỎI, KÍNH XÂY DỰNG, VẬT LIỆU XÂY DỰNG",Loại V,"Đặc biệt nặng nhọc, độc hại, nguy hiểm",6,Công nhân đốt lò nung gạch chịu lửa,Công việc nặng nhọc; chịu tác động của nhiệt độ cao và bụi vượt tiêu chuẩn vệ sinh cho phép.
1257,TT 11/2020/TT-BLĐTBXH,XXI,"SẢN XUẤT GẠCH, GỐM, SỨ, ĐÁ, CÁT, SỎI, KÍNH XÂY DỰNG, VẬT LIỆU XÂY DỰNG",Loại V,"Đặc biệt nặng nhọc, độc hại, nguy hiểm",7,Công nhân xếp - ra lò gạch chịu lửa,Công việc nặng nhọc; chịu tác động của nhiệt độ cao và bụi vượt tiêu chuẩn vệ sinh cho phép.
1258,TT 11/2020/TT-BLĐTBXH,XXI,"SẢN XUẤT GẠCH, GỐM, SỨ, ĐÁ, CÁT, SỎI, KÍNH XÂY DỰNG, VẬT LIỆU XÂY DỰNG",Loại IV,"Nặng nhọc, độc hại, nguy hiểm",1,Vận hành và sửa chữa lò nấu thủy tinh.,Chịu tác động của bụi và nóng.
1259,TT 11/2020/TT-BLĐTBXH,XXI,"SẢN XUẤT GẠCH, GỐM, SỨ, ĐÁ, CÁT, SỎI, KÍNH XÂY DỰNG, VẬT LIỆU XÂY DỰNG",Loại IV,"Nặng nhọc, độc hại, nguy hiểm",2,"Vận hành các thiết bị gia công nguyên liệu sản xuất kính (đập, xay, nghiền sa mốt).",Chịu ảnh hưởng của tiếng ồn và bụi có nồng độ SiO2 cao.
1260,TT 11/2020/TT-BLĐTBXH,XXI,"SẢN XUẤT GẠCH, GỐM, SỨ, ĐÁ, CÁT, SỎI, KÍNH XÂY DỰNG, VẬT LIỆU XÂY DỰNG",Loại IV,"Nặng nhọc, độc hại, nguy hiểm",3,"Đốt gạch lò vòng, lò tuynen, lò thủ công.","Thao tác thủ công trên đỉnh lò, chịu ảnh hưởng của nóng, bụi than, khí CO."
1261,TT 11/2020/TT-BLĐTBXH,XXI,"SẢN XUẤT GẠCH, GỐM, SỨ, ĐÁ, CÁT, SỎI, KÍNH XÂY DỰNG, VẬT LIỆU XÂY DỰNG",Loại IV,"Nặng nhọc, độc hại, nguy hiểm",4,"Chuyển xếp gạch vào, ra lò vòng.","Công việc thủ công nặng nhọc, nơi làm việc chật hẹp, tư thế lao động gò bó, nóng, bụi nhiều."
1262,TT 11/2020/TT-BLĐTBXH,XXI,"SẢN XUẤT GẠCH, GỐM, SỨ, ĐÁ, CÁT, SỎI, KÍNH XÂY DỰNG, VẬT LIỆU XÂY DỰNG",Loại IV,"Nặng nhọc, độc hại, nguy hiểm",5,"Đóng bao vữa samốt, vá, đổi bao sôđa.","Công việc thủ công, nặng nhọc, môi trường làm việc nhiều bụi (có nồng độ SiO2 cao)."
1263,TT 11/2020/TT-BLĐTBXH,XXI,"SẢN XUẤT GẠCH, GỐM, SỨ, ĐÁ, CÁT, SỎI, KÍNH XÂY DỰNG, VẬT LIỆU XÂY DỰNG",Loại IV,"Nặng nhọc, độc hại, nguy hiểm",6,"Thông sửa nồi hơi, đường ống dẫn dầu và bơm vét dầu từ xà lan.","Công việc thủ công, nặng nhọc, nơi làm việc chật hẹp, tư thế lao động gò bó, luôn tiếp xúc với bụi bẩn, khí SO2, dầu."
1264,TT 11/2020/TT-BLĐTBXH,XXI,"SẢN XUẤT GẠCH, GỐM, SỨ, ĐÁ, CÁT, SỎI, KÍNH XÂY DỰNG, VẬT LIỆU XÂY DỰNG",Loại IV,"Nặng nhọc, độc hại, nguy hiểm",7,Vận hành và sửa chữa lò tôi kính.,"Làm việc trong môi trường nóng, ồn, vượt tiêu chuẩn cho phép."
1265,TT 11/2020/TT-BLĐTBXH,XXI,"SẢN XUẤT GẠCH, GỐM, SỨ, ĐÁ, CÁT, SỎI, KÍNH XÂY DỰNG, VẬT LIỆU XÂY DỰNG",Loại IV,"Nặng nhọc, độc hại, nguy hiểm",8,Đẩy xe goòng nạp liệu sản xuất kính.,"Công việc thủ công, nặng nhọc, môi trường làm việc nóng, bụi."
1266,TT 11/2020/TT-BLĐTBXH,XXI,"SẢN XUẤT GẠCH, GỐM, SỨ, ĐÁ, CÁT, SỎI, KÍNH XÂY DỰNG, VẬT LIỆU XÂY DỰNG",Loại IV,"Nặng nhọc, độc hại, nguy hiểm",9,Điều khiển buồng đốt máy sấy gạch chịu lửa.,"Làm việc trong môi trường nóng, bụi, ồn."
1267,TT 11/2020/TT-BLĐTBXH,XXI,"SẢN XUẤT GẠCH, GỐM, SỨ, ĐÁ, CÁT, SỎI, KÍNH XÂY DỰNG, VẬT LIỆU XÂY DỰNG",Loại IV,"Nặng nhọc, độc hại, nguy hiểm",10,"Sửa chữa, bảo dưỡng, kênh lò nung tuynen.","Công việc thủ công nặng nhọc, nơi làm việc chật hẹp, nóng, tư thế lao động gò bó."
1268,TT 11/2020/TT-BLĐTBXH,XXI,"SẢN XUẤT GẠCH, GỐM, SỨ, ĐÁ, CÁT, SỎI, KÍNH XÂY DỰNG, VẬT LIỆU XÂY DỰNG",Loại IV,"Nặng nhọc, độc hại, nguy hiểm",11,"Vận hành, sửa chữa máy kéo kính.",Làm việc trong môi trường nhiệt độ cao
1269,TT 11/2020/TT-BLĐTBXH,XXI,"SẢN XUẤT GẠCH, GỐM, SỨ, ĐÁ, CÁT, SỎI, KÍNH XÂY DỰNG, VẬT LIỆU XÂY DỰNG",Loại IV,"Nặng nhọc, độc hại, nguy hiểm",12,Sản xuất trục amiang máy kéo kính.,"Môi trường làm việc bụi, ồn."
1270,TT 11/2020/TT-BLĐTBXH,XXI,"SẢN XUẤT GẠCH, GỐM, SỨ, ĐÁ, CÁT, SỎI, KÍNH XÂY DỰNG, VẬT LIỆU XÂY DỰNG",Loại IV,"Nặng nhọc, độc hại, nguy hiểm",13,Tạo hình gạch chịu lửa bằng máy đầm rung và thủ công.,"Môi trường làm việc bụi, ồn, rung."
1271,TT 11/2020/TT-BLĐTBXH,XXI,"SẢN XUẤT GẠCH, GỐM, SỨ, ĐÁ, CÁT, SỎI, KÍNH XÂY DỰNG, VẬT LIỆU XÂY DỰNG",Loại IV,"Nặng nhọc, độc hại, nguy hiểm",14,"Phun men, sửa và làm sạch sản phẩm sứ vệ sinh.","Công việc thủ công, nặng nhọc, môi trường làm việc ồn, bụi."
1272,TT 11/2020/TT-BLĐTBXH,XXI,"SẢN XUẤT GẠCH, GỐM, SỨ, ĐÁ, CÁT, SỎI, KÍNH XÂY DỰNG, VẬT LIỆU XÂY DỰNG",Loại IV,"Nặng nhọc, độc hại, nguy hiểm",15,Sấy và vận hành trạm bơm dầu FO.,"Làm việc dưới hầm sâu, nóng, ồn, thiếu dưỡng khí."
1273,TT 11/2020/TT-BLĐTBXH,XXI,"SẢN XUẤT GẠCH, GỐM, SỨ, ĐÁ, CÁT, SỎI, KÍNH XÂY DỰNG, VẬT LIỆU XÂY DỰNG",Loại IV,"Nặng nhọc, độc hại, nguy hiểm",16,"Vận hành máy quay ly tâm, máy đầm rung trong sản xuất bê tông đúc sẵn.","Làm việc trong môi trường ồn, rung lớn."
1274,TT 11/2020/TT-BLĐTBXH,XXI,"SẢN XUẤT GẠCH, GỐM, SỨ, ĐÁ, CÁT, SỎI, KÍNH XÂY DỰNG, VẬT LIỆU XÂY DỰNG",Loại IV,"Nặng nhọc, độc hại, nguy hiểm",17,"Cắt, bẻ, treo, tháo, mài và khoan kính.","Làm việc trong môi trường nhiệt độ cao, ồn và bụi."
1275,TT 11/2020/TT-BLĐTBXH,XXI,"SẢN XUẤT GẠCH, GỐM, SỨ, ĐÁ, CÁT, SỎI, KÍNH XÂY DỰNG, VẬT LIỆU XÂY DỰNG",Loại IV,"Nặng nhọc, độc hại, nguy hiểm",18,Trực tiếp làm việc trong dây chuyền sản xuất má phanh ô tô.,"Làm việc trong môi trường nóng, ồn, bụi amiang."
1276,TT 11/2020/TT-BLĐTBXH,XXI,"SẢN XUẤT GẠCH, GỐM, SỨ, ĐÁ, CÁT, SỎI, KÍNH XÂY DỰNG, VẬT LIỆU XÂY DỰNG",Loại IV,"Nặng nhọc, độc hại, nguy hiểm",19,Vận hành máy ép gạch chịu lửa.,Tiếp xúc với bụi có nồng độ SiO2 cao.
1277,TT 11/2020/TT-BLĐTBXH,XXI,"SẢN XUẤT GẠCH, GỐM, SỨ, ĐÁ, CÁT, SỎI, KÍNH XÂY DỰNG, VẬT LIỆU XÂY DỰNG",Loại IV,"Nặng nhọc, độc hại, nguy hiểm",20,Đập tuyển chọn sa mốt thủ công.,"Công việc thủ công, nặng nhọc, làm việc ngoài trời."
1278,TT 11/2020/TT-BLĐTBXH,XXI,"SẢN XUẤT GẠCH, GỐM, SỨ, ĐÁ, CÁT, SỎI, KÍNH XÂY DỰNG, VẬT LIỆU XÂY DỰNG",Loại IV,"Nặng nhọc, độc hại, nguy hiểm",21,Cạo xỉ và phân loại gạch chịu lửa.,"Công việc thủ công, nặng nhọc, bụi nhiều."
1279,TT 11/2020/TT-BLĐTBXH,XXI,"SẢN XUẤT GẠCH, GỐM, SỨ, ĐÁ, CÁT, SỎI, KÍNH XÂY DỰNG, VẬT LIỆU XÂY DỰNG",Loại IV,"Nặng nhọc, độc hại, nguy hiểm",22,Ra gạch lò tuynen.,"Công việc thủ công, nặng nhọc, bụi nhiều."
1280,TT 11/2020/TT-BLĐTBXH,XXI,"SẢN XUẤT GẠCH, GỐM, SỨ, ĐÁ, CÁT, SỎI, KÍNH XÂY DỰNG, VẬT LIỆU XÂY DỰNG",Loại IV,"Nặng nhọc, độc hại, nguy hiểm",23,"Phơi, đảo gạch trong nhà kính.","Công việc thủ công, đi lại nhiều."
1281,TT 11/2020/TT-BLĐTBXH,XXI,"SẢN XUẤT GẠCH, GỐM, SỨ, ĐÁ, CÁT, SỎI, KÍNH XÂY DỰNG, VẬT LIỆU XÂY DỰNG",Loại IV,"Nặng nhọc, độc hại, nguy hiểm",24,"Gia công, đổ, rót hồ sản xuất sứ vệ sinh.","Làm việc trong môi trường ồn, bụi."
1282,TT 11/2020/TT-BLĐTBXH,XXI,"SẢN XUẤT GẠCH, GỐM, SỨ, ĐÁ, CÁT, SỎI, KÍNH XÂY DỰNG, VẬT LIỆU XÂY DỰNG",Loại IV,"Nặng nhọc, độc hại, nguy hiểm",25,"Làm khuôn sản phẩm sứ, thủy tinh.","Công việc thủ công, nặng nhọc, bụi nhiều."
1283,TT 11/2020/TT-BLĐTBXH,XXI,"SẢN XUẤT GẠCH, GỐM, SỨ, ĐÁ, CÁT, SỎI, KÍNH XÂY DỰNG, VẬT LIỆU XÂY DỰNG",Loại IV,"Nặng nhọc, độc hại, nguy hiểm",26,Tháo khuôn thạch cao.,"Công việc thủ công, nặng nhọc."
1284,TT 11/2020/TT-BLĐTBXH,XXI,"SẢN XUẤT GẠCH, GỐM, SỨ, ĐÁ, CÁT, SỎI, KÍNH XÂY DỰNG, VẬT LIỆU XÂY DỰNG",Loại IV,"Nặng nhọc, độc hại, nguy hiểm",27,"Chuyển, xếp sản phẩm sứ, thủy tinh ra, vào lò sấy.","Làm việc thủ công, trong môi trường nóng, bụi."
1285,TT 11/2020/TT-BLĐTBXH,XXI,"SẢN XUẤT GẠCH, GỐM, SỨ, ĐÁ, CÁT, SỎI, KÍNH XÂY DỰNG, VẬT LIỆU XÂY DỰNG",Loại IV,"Nặng nhọc, độc hại, nguy hiểm",28,Vận hành máy nghiền sa luân.,"Chịu ảnh hưởng của bụi, ồn, vượt tiêu chuẩn cho phép."
1286,TT 11/2020/TT-BLĐTBXH,XXI,"SẢN XUẤT GẠCH, GỐM, SỨ, ĐÁ, CÁT, SỎI, KÍNH XÂY DỰNG, VẬT LIỆU XÂY DỰNG",Loại IV,"Nặng nhọc, độc hại, nguy hiểm",29,"Gia công nguyên liệu sản xuất gạch ốp, lát, sứ vệ sinh.","Làm việc trong môi trường nóng, bụi, ồn."
1287,TT 11/2020/TT-BLĐTBXH,XXI,"SẢN XUẤT GẠCH, GỐM, SỨ, ĐÁ, CÁT, SỎI, KÍNH XÂY DỰNG, VẬT LIỆU XÂY DỰNG",Loại IV,"Nặng nhọc, độc hại, nguy hiểm",30,Trộn nguyên liệu sản xuất gạch lát hoa.,"Làm việc trong môi trường nóng, bụi, ồn."
1288,TT 11/2020/TT-BLĐTBXH,XXI,"SẢN XUẤT GẠCH, GỐM, SỨ, ĐÁ, CÁT, SỎI, KÍNH XÂY DỰNG, VẬT LIỆU XÂY DỰNG",Loại IV,"Nặng nhọc, độc hại, nguy hiểm",31,Gia công cốt thép trong sản xuất bê tông đúc sẵn.,"Công việc thủ công, môi trường làm việc ồn, bụi."
1289,TT 11/2020/TT-BLĐTBXH,XXI,"SẢN XUẤT GẠCH, GỐM, SỨ, ĐÁ, CÁT, SỎI, KÍNH XÂY DỰNG, VẬT LIỆU XÂY DỰNG",Loại IV,"Nặng nhọc, độc hại, nguy hiểm",32,"Nấu keo dán; sản xuất matít, giấy ôjalit; pha chế thuốc in ôjalit.",Tiếp xúc thường xuyên hóa chất độc.
1290,TT 11/2020/TT-BLĐTBXH,XXI,"SẢN XUẤT GẠCH, GỐM, SỨ, ĐÁ, CÁT, SỎI, KÍNH XÂY DỰNG, VẬT LIỆU XÂY DỰNG",Loại IV,"Nặng nhọc, độc hại, nguy hiểm",33,Hấp tấm bê tông.,Tiếp xúc với hóa chất độc.
1291,TT 11/2020/TT-BLĐTBXH,XXI,"SẢN XUẤT GẠCH, GỐM, SỨ, ĐÁ, CÁT, SỎI, KÍNH XÂY DỰNG, VẬT LIỆU XÂY DỰNG",Loại IV,"Nặng nhọc, độc hại, nguy hiểm",34,Quét thuốc phòng mục.,Tiếp xúc với hóa chất độc.
1292,TT 11/2020/TT-BLĐTBXH,XXI,"SẢN XUẤT GẠCH, GỐM, SỨ, ĐÁ, CÁT, SỎI, KÍNH XÂY DỰNG, VẬT LIỆU XÂY DỰNG",Loại IV,"Nặng nhọc, độc hại, nguy hiểm",35,Phơi cót đã tẩm keo phenol.,"Công việc thủ công, tiếp xúc với các hóa chất độc như HCl, phenol."
1293,TT 11/2020/TT-BLĐTBXH,XXI,"SẢN XUẤT GẠCH, GỐM, SỨ, ĐÁ, CÁT, SỎI, KÍNH XÂY DỰNG, VẬT LIỆU XÂY DỰNG",Loại IV,"Nặng nhọc, độc hại, nguy hiểm",36,"Xây, vá lò nung clinker","Công việc nặng nhọc, nơi làm việc chật hẹp, thiếu dưỡng khí, thường xuyên tiếp xúc với nóng, bụi."
1294,TT 11/2020/TT-BLĐTBXH,XXI,"SẢN XUẤT GẠCH, GỐM, SỨ, ĐÁ, CÁT, SỎI, KÍNH XÂY DỰNG, VẬT LIỆU XÂY DỰNG",Loại IV,"Nặng nhọc, độc hại, nguy hiểm",37,Chọc két than.,"Công việc nặng nhọc, thường xuyên tiếp xúc với nóng, bụi, CO và CO2."
1295,TT 11/2020/TT-BLĐTBXH,XXI,"SẢN XUẤT GẠCH, GỐM, SỨ, ĐÁ, CÁT, SỎI, KÍNH XÂY DỰNG, VẬT LIỆU XÂY DỰNG",Loại IV,"Nặng nhọc, độc hại, nguy hiểm",38,"Vận hành máy xay, nghiền vật liệu chịu lửa","Thường xuyên chịu tác động của tiếng ồn, bụi có hàm lượng SiO2 rất cao."
1296,TT 11/2020/TT-BLĐTBXH,XXI,"SẢN XUẤT GẠCH, GỐM, SỨ, ĐÁ, CÁT, SỎI, KÍNH XÂY DỰNG, VẬT LIỆU XÂY DỰNG",Loại IV,"Nặng nhọc, độc hại, nguy hiểm",39,"Đốt, vận hành lò nung vật liệu chịu lửa","Công việc nặng nhọc, chịu tác động của nóng, bụi có hàm lượng SiO2 rất cao."
1297,TT 11/2020/TT-BLĐTBXH,XXII,SẢN XUẤT THUỐC LÁ,Loại V,"Đặc biệt nặng nhọc, độc hại, nguy hiểm",1,"Vận chuyển, bốc xếp thuốc lá thủ công.","Công việc thủ công, rất nặng nhọc, tư thế lao động gò bó, thường xuyên tiếp xúc với nicotin, bụi, nấm mốc."
1298,TT 11/2020/TT-BLĐTBXH,XXII,SẢN XUẤT THUỐC LÁ,Loại V,"Đặc biệt nặng nhọc, độc hại, nguy hiểm",2,Phun hương liệu (mentol).,"Làm việc trong phòng kín, hẹp, tiếp xúc trực tiếp với mentol nồng độ cao và nicotin."
1299,TT 11/2020/TT-BLĐTBXH,XXII,SẢN XUẤT THUỐC LÁ,Loại V,"Đặc biệt nặng nhọc, độc hại, nguy hiểm",3,"Vận chuyển, bốc xếp thủ công nguyên liệu thuốc lá.","Công việc thủ công, rất nặng nhọc, tư thế lao động gò bó, thường xuyên tiếp xúc với nicotine, bụi, nấm mốc gây bệnh."
1300,TT 11/2020/TT-BLĐTBXH,XXII,SẢN XUẤT THUỐC LÁ,Loại V,"Đặc biệt nặng nhọc, độc hại, nguy hiểm",4,Phân tích hóa chất và đánh giá chất lượng nguyên liệu và sản phẩm thuốc lá.,"Thường xuyên tiếp xúc với các loại hóa chất, nicotine, tar, khói thuốc qua đường hô hấp."
1301,TT 11/2020/TT-BLĐTBXH,XXII,SẢN XUẤT THUỐC LÁ,Loại V,"Đặc biệt nặng nhọc, độc hại, nguy hiểm",5,"Vận hành lò lên men, lò sấy điếu.","Thường xuyên tiếp xúc với chất nicotine, hơi và bụi thuốc lá, nấm gây bệnh. Chịu tác động của nhiệt độ cao."
1302,TT 11/2020/TT-BLĐTBXH,XXII,SẢN XUẤT THUỐC LÁ,Loại IV,"Nặng nhọc, độc hại, nguy hiểm",1,Kiểm tra chất lượng lá thuốc lá.,"Thường xuyên tiếp xúc với nicotin, nấm, vi khuẩn gây bệnh, tư thế lao động gò bó."
1303,TT 11/2020/TT-BLĐTBXH,XXII,SẢN XUẤT THUỐC LÁ,Loại IV,"Nặng nhọc, độc hại, nguy hiểm",2,"Thủ kho, bảo quản lá thuốc lá.","Làm việc trong phòng kín, thiếu dưỡng khí, tiếp xúc nicotin nồng độ rất cao, tư thế lao động gò bó."
1304,TT 11/2020/TT-BLĐTBXH,XXII,SẢN XUẤT THUỐC LÁ,Loại IV,"Nặng nhọc, độc hại, nguy hiểm",3,"Sấy, hấp chân không, cắt cuộng, ngọn thuốc lá.","Thường xuyên tiếp xúc với nicotin, nấm mốc, tạp khuẩn gây bệnh."
1305,TT 11/2020/TT-BLĐTBXH,XXII,SẢN XUẤT THUỐC LÁ,Loại IV,"Nặng nhọc, độc hại, nguy hiểm",4,Vận hành dây chuyền chế biến sợi thuốc lá.,"Chịu tác động của bụi, ồn, nicotin."
1306,TT 11/2020/TT-BLĐTBXH,XXII,SẢN XUẤT THUỐC LÁ,Loại IV,"Nặng nhọc, độc hại, nguy hiểm",5,"Hứng sợi, đóng kiện, vận chuyển phụ liệu, sợi thuốc lá trong xưởng.","Công việc thủ công, nặng nhọc, tiếp xúc với nicotin, bụi thuốc lá."
1307,TT 11/2020/TT-BLĐTBXH,XXII,SẢN XUẤT THUỐC LÁ,Loại IV,"Nặng nhọc, độc hại, nguy hiểm",6,"Vận hành máy cuốn điếu, đóng bao thuốc lá.",Tiếp xúc ồn bụi và nicotin.
1308,TT 11/2020/TT-BLĐTBXH,XXII,SẢN XUẤT THUỐC LÁ,Loại IV,"Nặng nhọc, độc hại, nguy hiểm",7,"Vệ sinh công nghiệp tại phân xưởng sản xuất thuốc lá và xử lý thuốc lá phế liệu, phế thải.","Thường xuyên tiếp xúc với bụi thuốc lá, nicotin nồng độ cao."
1309,TT 11/2020/TT-BLĐTBXH,XXII,SẢN XUẤT THUỐC LÁ,Loại IV,"Nặng nhọc, độc hại, nguy hiểm",8,Vận hành lò rang thuốc lá.,"Công việc nặng nhọc, tư thế lao động gò bó, chịu tác động của nóng, bụi thuốc lá và nicotin nồng độ cao."
1310,TT 11/2020/TT-BLĐTBXH,XXII,SẢN XUẤT THUỐC LÁ,Loại IV,"Nặng nhọc, độc hại, nguy hiểm",9,"Phân loại, chế biến lá thuốc; xử lý lá thuốc mốc.","Tư thế lao động gò bó, tiếp xúc với các loại nấm mốc, tạp khuẩn và nicotin nồng độ cao."
1311,TT 11/2020/TT-BLĐTBXH,XXII,SẢN XUẤT THUỐC LÁ,Loại IV,"Nặng nhọc, độc hại, nguy hiểm",10,"Vận hành máy xé, sàng điếu thuốc lá hỏng.","Nơi làm việc chật hẹp, tư thế lao động gò bó, chịu tác động của bụi thuốc, nicotin."
1312,TT 11/2020/TT-BLĐTBXH,XXII,SẢN XUẤT THUỐC LÁ,Loại IV,"Nặng nhọc, độc hại, nguy hiểm",11,"Sàng, rang, nghiền bụi thuốc lá.",Chịu tác động của bụi thuốc lá nồng độ rất cao và nicotin vượt tiêu chuẩn cho phép nhiều lần.
1313,TT 11/2020/TT-BLĐTBXH,XXII,SẢN XUẤT THUỐC LÁ,Loại IV,"Nặng nhọc, độc hại, nguy hiểm",12,"Trộn, cán thuốc lá tấm.","Công việc nặng nhọc, chịu tác động của nicotin và bụi thuốc nồng độc rất cao"
1314,TT 11/2020/TT-BLĐTBXH,XXII,SẢN XUẤT THUỐC LÁ,Loại IV,"Nặng nhọc, độc hại, nguy hiểm",13,"Làm sạch, xé, sàng giấy cuốn thuốc lá phế liệu.","Công việc nặng nhọc, chịu tác động của nicotin và bụi."
1315,TT 11/2020/TT-BLĐTBXH,XXII,SẢN XUẤT THUỐC LÁ,Loại IV,"Nặng nhọc, độc hại, nguy hiểm",14,Vận hành máy in bao bì và phụ liệu thuốc lá.,"Thường xuyên tiếp xúc với ồn, toluen."
1316,TT 11/2020/TT-BLĐTBXH,XXII,SẢN XUẤT THUỐC LÁ,Loại IV,"Nặng nhọc, độc hại, nguy hiểm",15,Nấu thủ công hồ dán thuốc lá.,"Công việc nặng nhọc, tiếp xúc với bụi và các hóa chất: HCl, distrin, CO."
1317,TT 11/2020/TT-BLĐTBXH,XXII,SẢN XUẤT THUỐC LÁ,Loại IV,"Nặng nhọc, độc hại, nguy hiểm",16,Vận hành hệ thống điều không thông gió.,"Đi lại nhiều, chịu tác động của ồn, bụi và nicotin."
1318,TT 11/2020/TT-BLĐTBXH,XXII,SẢN XUẤT THUỐC LÁ,Loại IV,"Nặng nhọc, độc hại, nguy hiểm",17,"Tước cuộng, làm ẩm lá thuốc bằng thủ công.","Công việc nặng nhọc, tư thế lao động gò bó, tiếp xúc bụi, nấm mốc và nicotin nồng độ rất cao."
1319,TT 11/2020/TT-BLĐTBXH,XXII,SẢN XUẤT THUỐC LÁ,Loại IV,"Nặng nhọc, độc hại, nguy hiểm",18,Vận hành máy khử bụi thuốc lá.,"Làm việc trong phòng kín, chịu tác động của tiếng ồn cao, bụi nicotin vượt tiêu chuẩn cho phép rất nhiều lần."
1320,TT 11/2020/TT-BLĐTBXH,XXII,SẢN XUẤT THUỐC LÁ,Loại IV,"Nặng nhọc, độc hại, nguy hiểm",19,"Cấp phát vật tư, nguyên liệu ở phân xưởng sản xuất sợi, đóng bao, cuốn điếu thuốc lá.","Đi lại nhiều; chịu tác động của tiếng ồn, bụi, nicotine."
1321,TT 11/2020/TT-BLĐTBXH,XXII,SẢN XUẤT THUỐC LÁ,Loại IV,"Nặng nhọc, độc hại, nguy hiểm",20,"Sửa chữa thiết bị trong các phân xưởng sản xuất sợi, đóng bao, cuốn điếu thuốc lá.","Công việc nặng nhọc, tư thế làm việc gò bó; chịu tác động của tiếng ồn, bụi, nicotine."
1322,TT 11/2020/TT-BLĐTBXH,XXII,SẢN XUẤT THUỐC LÁ,Loại IV,"Nặng nhọc, độc hại, nguy hiểm",21,Pha chế hương liệu sản xuất thuốc lá.,"Thường xuyên tiếp xúc với các loại hóa chất, nicotine, các chất gây kích thích niêm mạc, mắt, tai, mũi, họng."
1323,TT 11/2020/TT-BLĐTBXH,XXII,SẢN XUẤT THUỐC LÁ,Loại IV,"Nặng nhọc, độc hại, nguy hiểm",22,Kiểm tra chất lượng thuốc lá điếu trên dây chuyền công nghệ.,"Thường xuyên tiếp xúc với nicotine, nấm, tar, vi khuẩn gây bệnh; tư thế lao động gò bó."
1324,TT 11/2020/TT-BLĐTBXH,XXII,SẢN XUẤT THUỐC LÁ,Loại IV,"Nặng nhọc, độc hại, nguy hiểm",23,Bình hút chất lượng thuốc lá nguyên liệu và thuốc lá điếu.,"Thử nếm cảm quan chất lượng thuốc lá. Thường xuyên tiếp xúc với các loại hóa chất, nicotin, tar (nhựa thuốc lá) và khói thuốc qua đường hô hấp."
1325,TT 11/2020/TT-BLĐTBXH,XXII,SẢN XUẤT THUỐC LÁ,Loại IV,"Nặng nhọc, độc hại, nguy hiểm",24,Nuôi cấy mô thuốc lá.,"Thường xuyên tiếp xúc với các loại hóa chất tẩy rửa, hóa chất khử trùng mẫu và dụng cụ, các chất kích thích tăng trưởng và gây đột biến; tiếp xúc đèn cồn trong điều kiện nhiệt độ cao."
1326,TT 11/2020/TT-BLĐTBXH,XXII,SẢN XUẤT THUỐC LÁ,Loại IV,"Nặng nhọc, độc hại, nguy hiểm",25,Vận hành thiết bị dây chuyền chế biến thuốc lá,"Tư thế làm việc kém thoải mái, chịu tác động của tiếng ồn, bụi, nấm mốc, nicotin."
1327,TT 11/2020/TT-BLĐTBXH,XXII,SẢN XUẤT THUỐC LÁ,Loại IV,"Nặng nhọc, độc hại, nguy hiểm",26,"Cơ khí, điện sửa chữa bảo trì thiết bị trong dây chuyền chế biến thuốc lá","Công việc nặng nhọc, tư thế làm việc gò bó. Chịu tác động của tiếng ồn, bụi, dầu mỡ công nghiệp, nicotin."
1328,TT 11/2020/TT-BLĐTBXH,XXII,SẢN XUẤT THUỐC LÁ,Loại IV,"Nặng nhọc, độc hại, nguy hiểm",27,Vận hành lò hơi trong dây chuyền chế biến thuốc lá,"Công nặng nhọc, chịu tác động của tiếng ồn, bụi, nicotin."
1329,TT 11/2020/TT-BLĐTBXH,XXIII,ĐỊA CHÍNH,Loại VI,"Đặc biệt nặng nhọc, độc hại, nguy hiểm",1,Đo đạc địa hình đáy biển,"Công việc đặc biệt nặng nhọc, nguy hiểm. Thường xuyên làm việc trên biển, chịu áp lực của sóng biển, tiếng ồn cao và rung mạnh."
1330,TT 11/2020/TT-BLĐTBXH,XXIII,ĐỊA CHÍNH,Loại V,"Đặc biệt nặng nhọc, độc hại, nguy hiểm",1,"Trắc địa cơ bản ở vùng núi cao, rừng sâu, biên giới, hải đảo.","Công việc rất nặng nhọc, nguy hiểm, thường xuyên đo đạc, khảo sát vùng núi cao và hải đảo."
1331,TT 11/2020/TT-BLĐTBXH,XXIII,ĐỊA CHÍNH,Loại V,"Đặc biệt nặng nhọc, độc hại, nguy hiểm",2,"Khảo sát, đo đạc bản đồ biên giới và hải đảo.","Công việc rất nặng nhọc, nguy hiểm, thường xuyên đo đạc, khảo sát vùng núi cao và hải đảo."
1332,TT 11/2020/TT-BLĐTBXH,XXIII,ĐỊA CHÍNH,Loại IV,"Nặng nhọc, độc hại, nguy hiểm",1,Trắc địa cơ bản ở vùng trung du và đồng bằng.,"Công việc nặng nhọc, thường xuyên lưu động ngoài trời."
1333,TT 11/2020/TT-BLĐTBXH,XXIII,ĐỊA CHÍNH,Loại IV,"Nặng nhọc, độc hại, nguy hiểm",2,Trắc địa địa hình.,"Công việc nặng nhọc, tư thế lao động gò bó, thường xuyên lưu động ngoài trời"
1334,TT 11/2020/TT-BLĐTBXH,XXIII,ĐỊA CHÍNH,Loại IV,"Nặng nhọc, độc hại, nguy hiểm",3,Đo đạc địa chính.,"Công việc nặng nhọc, làm việc ngoài trời, lưu động phân tán ở mọi miền đất nước."
1335,TT 11/2020/TT-BLĐTBXH,XXIV,KHÍ TƯỢNG THỦY VĂN,Loại VI,"Đặc biệt nặng nhọc, độc hại, nguy hiểm",1,Quan trắc các yếu tố khí tượng hải văn ở quần đảo Trường Sa và Khu vực DK I.,"Làm việc ngoài trời, ngày đêm liên tục, nguy hiểm, chịu tác động của sóng, gió."
1336,TT 11/2020/TT-BLĐTBXH,XXIV,KHÍ TƯỢNG THỦY VĂN,Loại V,"Đặc biệt nặng nhọc, độc hại, nguy hiểm",1,Quan trắc các yếu tố khí tượng hải văn ở các đảo còn lại.,"Làm việc ngoài trời, ngày đêm liên tục, nguy hiểm."
1337,TT 11/2020/TT-BLĐTBXH,XXIV,KHÍ TƯỢNG THỦY VĂN,Loại IV,"Nặng nhọc, độc hại, nguy hiểm",1,"Lựa chọn, phân loại, bảo quản, tu sửa, phục chế tài liệu ở kho lưu trữ trung tâm tư liệu khí tượng thủy văn.","Thường xuyên tiếp xúc với khí CO, formôn."
1338,TT 11/2020/TT-BLĐTBXH,XXIV,KHÍ TƯỢNG THỦY VĂN,Loại IV,"Nặng nhọc, độc hại, nguy hiểm",2,Khảo sát khí tượng thủy văn ở miền núi và hải đảo.,"Công việc nặng nhọc, nguy hiểm, thường xuyên lưu động ở các tỉnh miền núi và hải đảo."
1339,TT 11/2020/TT-BLĐTBXH,XXIV,KHÍ TƯỢNG THỦY VĂN,Loại IV,"Nặng nhọc, độc hại, nguy hiểm",3,"Hướng dẫn và kiểm tra kỹ thuật quan trắc, đo đạc khí tượng thủy văn tại các trạm, các điểm đo ở miền núi, hải đảo.","Công việc nặng nhọc, thường xuyên đi lưu động đến các trạm trong rừng, ngoài đảo."
1340,TT 11/2020/TT-BLĐTBXH,XXIV,KHÍ TƯỢNG THỦY VĂN,Loại IV,"Nặng nhọc, độc hại, nguy hiểm",4,Quan trắc lưu lượng nước và các yếu tố thủy văn ở các trạm thủy văn miền núi.,"Công việc nặng nhọc, nguy hiểm."
1341,TT 11/2020/TT-BLĐTBXH,XXIV,KHÍ TƯỢNG THỦY VĂN,Loại IV,"Nặng nhọc, độc hại, nguy hiểm",5,"Quan trắc các yếu tố khí tượng cao không trong buồng radar: Meteosit 2, tổ hợp AKB, radar thời tiết.","Làm việc trong phòng kín, thiếu ánh sáng, chịu tác động thường xuyên của tia X, sóng siêu cao tần và ồn."
1342,TT 11/2020/TT-BLĐTBXH,XXIV,KHÍ TƯỢNG THỦY VĂN,Loại IV,"Nặng nhọc, độc hại, nguy hiểm",6,"Hóa nghiệm phân tích đất, nước, không khí và vi sinh.",Thường xuyên tiếp xúc với hóa chất độc.
1343,TT 11/2020/TT-BLĐTBXH,XXV,KHOA HỌC CÔNG NGHỆ,Loại VI,"Đặc biệt nặng nhọc, độc hại, nguy hiểm",1,Lặn sưu tầm mẫu vật biển và nghiên cứu hệ sinh thái ngầm.,"Công việc rất nặng nhọc, nguy hiểm, làm việc trong điều kiện sóng lớn, tư thế lao động gò bó."
1344,TT 11/2020/TT-BLĐTBXH,XXV,KHOA HỌC CÔNG NGHỆ,Loại VI,"Đặc biệt nặng nhọc, độc hại, nguy hiểm",2,"Đo liều phóng xạ, kiểm xa môi trường; vận hành, bảo dưỡng máy phát Notro NA-3C máy gia tốc Microtron M-17",Tiếp xúc thường xuyên với các nguồn phóng xạ liều cao.
1345,TT 11/2020/TT-BLĐTBXH,XXV,KHOA HỌC CÔNG NGHỆ,Loại VI,"Đặc biệt nặng nhọc, độc hại, nguy hiểm",3,"Vận hành và bảo dưỡng lò phản ứng hạt nhân (lò năng lượng, lò nghiên cứu).",Thường xuyên tiếp xúc với nguồn phóng xạ.
1346,TT 11/2020/TT-BLĐTBXH,XXV,KHOA HỌC CÔNG NGHỆ,Loại VI,"Đặc biệt nặng nhọc, độc hại, nguy hiểm",4,Thực hiện công việc bảo đảm an toàn tại lò phản ứng hạt nhân.,Tiếp xúc thường xuyên với nguồn phóng xạ.
1347,TT 11/2020/TT-BLĐTBXH,XXV,KHOA HỌC CÔNG NGHỆ,Loại V,"Đặc biệt nặng nhọc, độc hại, nguy hiểm",1,"Gia công, chế tạo, đo đạc, phân tích mẫu phóng xạ.",Tiếp xúc với các nguồn phóng xạ liều cao.
1348,TT 11/2020/TT-BLĐTBXH,XXV,KHOA HỌC CÔNG NGHỆ,Loại V,"Đặc biệt nặng nhọc, độc hại, nguy hiểm",2,Nghiên cứu và sử dụng các nguồn phóng xạ trong các phòng thí nghiệm.,Tiếp xúc với các nguồn phóng xạ cao.
1349,TT 11/2020/TT-BLĐTBXH,XXV,KHOA HỌC CÔNG NGHỆ,Loại V,"Đặc biệt nặng nhọc, độc hại, nguy hiểm",3,"Thủ kho, bảo quản các nguồn mẫu phóng xạ.",Tiếp xúc với các nguồn phóng xạ liều cao.
1350,TT 11/2020/TT-BLĐTBXH,XXV,KHOA HỌC CÔNG NGHỆ,Loại V,"Đặc biệt nặng nhọc, độc hại, nguy hiểm",4,Nghiên cứu công nghệ chế tạo các vật liệu vô cơ và các chất xúc tác.,"Tiếp xúc với các hóa chất độc hại: H2SO4, HNO3, xilen..."
1351,TT 11/2020/TT-BLĐTBXH,XXV,KHOA HỌC CÔNG NGHỆ,Loại V,"Đặc biệt nặng nhọc, độc hại, nguy hiểm",5,Phân tích thành phần hóa học và xác định cấu trúc mẫu xạ hiếm.,"Chịu ảnh hưởng của các chất phóng xạ và các hóa chất độc như: Hg, H2SO4, HF, benzen..."
1352,TT 11/2020/TT-BLĐTBXH,XXV,KHOA HỌC CÔNG NGHỆ,Loại V,"Đặc biệt nặng nhọc, độc hại, nguy hiểm",6,Tổng hợp và phân tích các chất hữu cơ.,"Tiếp xúc với các hóa chất và dung môi hữu cơ nồng độ cao như: benzene, toluene, clo, methanol…"
1353,TT 11/2020/TT-BLĐTBXH,XXV,KHOA HỌC CÔNG NGHỆ,Loại V,"Đặc biệt nặng nhọc, độc hại, nguy hiểm",7,Xử lý và làm tiêu bản thực vật.,"Tiếp xúc với các hóa chất, dung môi hữu cơ độc hại như: HgCl, alocol, asen, foomaldehyt."
1354,TT 11/2020/TT-BLĐTBXH,XXV,KHOA HỌC CÔNG NGHỆ,Loại V,"Đặc biệt nặng nhọc, độc hại, nguy hiểm",8,Sinh học phân tử và công nghệ gen.,"Tiếp xúc với các hóa chất độc hại như: KCl, clorofooc, tretrodoxin và các chất gây đột biến gen."
1355,TT 11/2020/TT-BLĐTBXH,XXV,KHOA HỌC CÔNG NGHỆ,Loại V,"Đặc biệt nặng nhọc, độc hại, nguy hiểm",9,Công nghệ vi sinh vật,"Tiếp xúc với các hóa chất độc hại: HgCl2, clorofooc, axeton..., các chất gây đột biến gen và vi sinh vật gây bệnh."
1356,TT 11/2020/TT-BLĐTBXH,XXV,KHOA HỌC CÔNG NGHỆ,Loại V,"Đặc biệt nặng nhọc, độc hại, nguy hiểm",10,"Công nghệ tế bào động, thực vật.","Tiếp xúc hóa chất, dung môi hữu cơ độc hại: benzen, tuluen, clorofooc, axeton và các chất đồng vị phóng xạ."
1357,TT 11/2020/TT-BLĐTBXH,XXV,KHOA HỌC CÔNG NGHỆ,Loại V,"Đặc biệt nặng nhọc, độc hại, nguy hiểm",11,"Gia công, chế tạo, đo đạc, phân tích mẫu phóng xạ.",Tiếp xúc với các nguồn phóng xạ liều cao.
1358,TT 11/2020/TT-BLĐTBXH,XXV,KHOA HỌC CÔNG NGHỆ,Loại V,"Đặc biệt nặng nhọc, độc hại, nguy hiểm",12,Nghiên cứu và sử dụng các nguồn phóng xạ trong các phòng thí nghiệm.,Tiếp xúc với các nguồn phóng xạ cao.
1359,TT 11/2020/TT-BLĐTBXH,XXV,KHOA HỌC CÔNG NGHỆ,Loại V,"Đặc biệt nặng nhọc, độc hại, nguy hiểm",13,Thử nghiệm vật lý hạt nhân; thử nghiệm hóa phóng xạ.,"Tiếp xúc thường xuyên với nguồn phóng xạ, hóa chất độc hại."
1360,TT 11/2020/TT-BLĐTBXH,XXV,KHOA HỌC CÔNG NGHỆ,Loại V,"Đặc biệt nặng nhọc, độc hại, nguy hiểm",14,Nhân viên bức xạ.,"Tiếp xúc thường xuyên với nguồn phóng xạ, hóa chất độc hại."
1361,TT 11/2020/TT-BLĐTBXH,XXV,KHOA HỌC CÔNG NGHỆ,Loại V,"Đặc biệt nặng nhọc, độc hại, nguy hiểm",15,"Thực nghiệm công nghệ tuyển, xử lý quặng phóng xạ và đất hiếm.","Thường xuyên tiếp xúc trực tiếp với các chất phóng xạ (U, Th, Ra, Rn…), bụi quặng phóng xạ, ồn và các chất độc hại."
1362,TT 11/2020/TT-BLĐTBXH,XXV,KHOA HỌC CÔNG NGHỆ,Loại V,"Đặc biệt nặng nhọc, độc hại, nguy hiểm",16,"Thực nghiệm công nghệ chế tạo vật liệu hạt nhân, nhiên liệu hạt nhân.","Thường xuyên tiếp xúc trực tiếp với các chất phóng xạ (U, Th, Ra, Rn…) có cường độ cao, ồn, khí dễ cháy nổ, và các loại hóa chất độc hại."
1363,TT 11/2020/TT-BLĐTBXH,XXV,KHOA HỌC CÔNG NGHỆ,Loại V,"Đặc biệt nặng nhọc, độc hại, nguy hiểm",17,"Thực nghiệm xử lý, lưu giữ, quản lý chất thải phóng xạ, nguồn phóng xạ đã qua sử dụng và nhiên liệu hạt nhân đã qua sử dụng.","Thường xuyên tiếp xúc trực tiếp với các chất phóng xạ (U, Th, Ra, Rn…), bụi quặng phóng xạ, ồn, khí dễ cháy nổ, và các chất độc hại."
1364,TT 11/2020/TT-BLĐTBXH,XXV,KHOA HỌC CÔNG NGHỆ,Loại V,"Đặc biệt nặng nhọc, độc hại, nguy hiểm",18,"Trực tiếp vận hành, bảo dưỡng thiết bị bức xạ, thực nghiệm vật lý hạt nhân; thực nghiệm hóa học phóng xạ.",Thường xuyên tiếp xúc với nguồn phóng xạ.
1365,TT 11/2020/TT-BLĐTBXH,XXV,KHOA HỌC CÔNG NGHỆ,Loại V,"Đặc biệt nặng nhọc, độc hại, nguy hiểm",19,Khai thác sử dụng các kênh neutron của lò phản ứng hạt nhân.,"Khu vực làm việc chật hẹp, làm việc liên tục trong môi trường phóng xạ hỗn hợp neutron và gamma."
1366,TT 11/2020/TT-BLĐTBXH,XXV,KHOA HỌC CÔNG NGHỆ,Loại V,"Đặc biệt nặng nhọc, độc hại, nguy hiểm",20,Sản xuất đồng vị phóng xạ và điều chế dược chất phóng xạ.,Tiếp xúc thường xuyên với nguồn phóng xạ.
1367,TT 11/2020/TT-BLĐTBXH,XXV,KHOA HỌC CÔNG NGHỆ,Loại V,"Đặc biệt nặng nhọc, độc hại, nguy hiểm",21,"Phân tích mẫu bằng kỹ thuật hạt nhân, chuẩn liều và hoạt độ phóng xạ.",Tiếp xúc trực tiếp với phóng xạ.
1368,TT 11/2020/TT-BLĐTBXH,XXV,KHOA HỌC CÔNG NGHỆ,Loại V,"Đặc biệt nặng nhọc, độc hại, nguy hiểm",22,"Phân tích mẫu quặng và nguyên tố phóng xạ bằng các phương pháp vật lý, hóa học.","Thường xuyên tiếp xúc trực tiếp với các chất phóng xạ (U, Th, Ra, Rn…), bụi quặng phóng xạ, ồn, khí dễ cháy nổ, và các chất độc hại."
1369,TT 11/2020/TT-BLĐTBXH,XXV,KHOA HỌC CÔNG NGHỆ,Loại V,"Đặc biệt nặng nhọc, độc hại, nguy hiểm",23,"Tháo dỡ các cơ sở hạt nhân, thiết bị hạt nhân, quản lý công tác tẩy xạ.",Tiếp xúc trực tiếp với chất phóng xạ và các vật liệu nhiễm bẩn phóng xạ.
1370,TT 11/2020/TT-BLĐTBXH,XXV,KHOA HỌC CÔNG NGHỆ,Loại V,"Đặc biệt nặng nhọc, độc hại, nguy hiểm",24,"Đo đạc, đánh giá an toàn bức xạ cho các cơ sở bức xạ, cơ sở hạt nhân, cơ sở khai thác chế biến quặng phóng xạ.",Thường xuyên tiếp xúc với bức xạ ion hóa.
1371,TT 11/2020/TT-BLĐTBXH,XXV,KHOA HỌC CÔNG NGHỆ,Loại V,"Đặc biệt nặng nhọc, độc hại, nguy hiểm",25,"Kiểm tra, kiểm định, sửa chữa bảo dưỡng các thiết bị bức xạ, nguồn phóng xạ.",Tiếp xúc trực tiếp với bức xạ ion hóa.
1372,TT 11/2020/TT-BLĐTBXH,XXV,KHOA HỌC CÔNG NGHỆ,Loại V,"Đặc biệt nặng nhọc, độc hại, nguy hiểm",26,"Đóng gói, lưu giữ, vận chuyển các chất phóng xạ và dược chất phóng xạ.","Thường xuyên tiếp xúc trực tiếp với các chất phóng xạ, bụi chứa phóng xạ và các rủi ro khi vận chuyển."
1373,TT 11/2020/TT-BLĐTBXH,XXV,KHOA HỌC CÔNG NGHỆ,Loại V,"Đặc biệt nặng nhọc, độc hại, nguy hiểm",27,Sử dụng các nguồn hoặc thiết bị bức xạ có tỷ số hoạt độ phóng xạ lớn hơn hoặc bằng 10.,Tiếp xúc thường xuyên với nguồn phóng xạ.
1374,TT 11/2020/TT-BLĐTBXH,XXV,KHOA HỌC CÔNG NGHỆ,Loại V,"Đặc biệt nặng nhọc, độc hại, nguy hiểm",28,Thực hiện công việc đảm bảo an toàn bức xạ tại các cơ sở có dụng các nguồn hoặc thiết bị bức xạ có tỷ số hoạt độ phóng xạ lớn hơn hoặc bằng 10.,Tiếp xúc thường xuyên với nguồn phóng xạ.
1375,TT 11/2020/TT-BLĐTBXH,XXV,KHOA HỌC CÔNG NGHỆ,Loại V,"Đặc biệt nặng nhọc, độc hại, nguy hiểm",29,"Tìm kiếm, định vị, ứng phó sự cố, tẩy xạ các nguồn phóng xạ ngoài môi trường.","Công việc nặng nhọc, làm việc chủ yếu trong môi trường phóng xạ ngoài trời."
1376,TT 11/2020/TT-BLĐTBXH,XXV,KHOA HỌC CÔNG NGHỆ,Loại V,"Đặc biệt nặng nhọc, độc hại, nguy hiểm",30,"Thu hồi nguồn phóng xạ, áp tải vận chuyển nguồn phóng xạ.","Tiếp xúc trực tiếp với nguồn phóng xạ, vật liệu phóng xạ, vật liệu hạt nhân với liều bức xạ gây nguy hiểm."
1377,TT 11/2020/TT-BLĐTBXH,XXV,KHOA HỌC CÔNG NGHỆ,Loại V,"Đặc biệt nặng nhọc, độc hại, nguy hiểm",31,"Tháo dỡ các cơ sở hạt nhân, thiết bị hạt nhân, quản lý công tác tẩy xạ.",Tiếp xúc trực tiếp với chất phóng xạ và các vật liệu nhiễm bẩn phóng xạ.
1378,TT 11/2020/TT-BLĐTBXH,XXV,KHOA HỌC CÔNG NGHỆ,Loại V,"Đặc biệt nặng nhọc, độc hại, nguy hiểm",32,"Đo đạc, đánh giá an toàn bức xạ cho các cơ sở bức xạ, cơ sở hạt nhân, cơ sở khai thác chế biến quặng phóng xạ.",Thường xuyên tiếp xúc với bức xạ ion hóa.
1379,TT 11/2020/TT-BLĐTBXH,XXV,KHOA HỌC CÔNG NGHỆ,Loại V,"Đặc biệt nặng nhọc, độc hại, nguy hiểm",33,"Kiểm tra, kiểm định, sửa chữa bảo dưỡng các thiết bị bức xạ, nguồn phóng xạ.",Tiếp xúc trực tiếp với bức xạ ion hóa.
1380,TT 11/2020/TT-BLĐTBXH,XXV,KHOA HỌC CÔNG NGHỆ,Loại V,"Đặc biệt nặng nhọc, độc hại, nguy hiểm",34,"Thực nghiệm công nghệ tuyển, xử lý quặng phóng xạ và đất hiếm.","Thường xuyên tiếp xúc trực tiếp với các chất phóng xạ (U, Th, Ra, Rn…), bụi quặng phóng xạ, ồn và các chất độc hại."
1381,TT 11/2020/TT-BLĐTBXH,XXV,KHOA HỌC CÔNG NGHỆ,Loại IV,"Nặng nhọc, độc hại, nguy hiểm",1,Nghiên cứu công nghệ chế tạo vật liệu tạo nguồn năng lượng và xử lý môi trường.,"Tiếp xúc các hóa chất độc hại: bột chì, H2SO4, SO3..."
1382,TT 11/2020/TT-BLĐTBXH,XXV,KHOA HỌC CÔNG NGHỆ,Loại IV,"Nặng nhọc, độc hại, nguy hiểm",2,"Nghiên cứu công nghệ sản xuất vật liệu compozit, sơn, nhựa, cao su.","Tiếp xúc với các hóa chất, dung môi độc hại: phenol, butanol, toluen, và các axít."
1383,TT 11/2020/TT-BLĐTBXH,XXV,KHOA HỌC CÔNG NGHỆ,Loại IV,"Nặng nhọc, độc hại, nguy hiểm",3,"Chiết tách các hợp chất có hoạt tính sinh học từ động, thực vật thử hoạt tính sinh học.","Tiếp xúc với các hóa chất, dung môi hữu cơ độc hại: benzen, toluen, methanol."
1384,TT 11/2020/TT-BLĐTBXH,XXV,KHOA HỌC CÔNG NGHỆ,Loại IV,"Nặng nhọc, độc hại, nguy hiểm",4,Phân tích tuổi tuyệt đối của các mẫu quặng.,"Tiếp xúc với hóa chất, dung môi hữu cơ độc hại: HF, HCl, HNO3, benzen."
1385,TT 11/2020/TT-BLĐTBXH,XXV,KHOA HỌC CÔNG NGHỆ,Loại IV,"Nặng nhọc, độc hại, nguy hiểm",5,Quan trắc bức xạ điện từ trường trái đất dùng nguồn phóng xạ.,"Điều kiện làm việc ngoài trời, chịu ảnh hưởng của tia phóng xạ."
1386,TT 11/2020/TT-BLĐTBXH,XXV,KHOA HỌC CÔNG NGHỆ,Loại IV,"Nặng nhọc, độc hại, nguy hiểm",6,"Xử lý và làm tiêu bản động vật (thuộc da, nhồi mẫu động vật...).","Tiếp xúc với các hóa chất độc hại: foocmaldehyt, Cr2O3 và các hợp chất chứa asen."
1387,TT 11/2020/TT-BLĐTBXH,XXV,KHOA HỌC CÔNG NGHỆ,Loại IV,"Nặng nhọc, độc hại, nguy hiểm",7,Sinh hóa và công nghệ enzim.,"Tiếp xúc với các hóa chất và dung môi hữu cơ độc hại: HgCl2, clorofooc, toluen và CO2 vượt tiêu chuẩn cho phép"
1388,TT 11/2020/TT-BLĐTBXH,XXV,KHOA HỌC CÔNG NGHỆ,Loại IV,"Nặng nhọc, độc hại, nguy hiểm",8,"Làm tiêu bản hiển vi động vật không xương sống, côn trùng, ký sinh trùng.","Tiếp xúc các hóa chất, các loại alcol, các axít vô cơ, hữu cơ, phenol vượt tiêu chuẩn cho phép."
1389,TT 11/2020/TT-BLĐTBXH,XXV,KHOA HỌC CÔNG NGHỆ,Loại IV,"Nặng nhọc, độc hại, nguy hiểm",9,"Thử nghiệm rung, sức bền va đập của vật liệu xây dựng và công trình xây dựng, giao thông.","Thường xuyên tiếp xúc với bụi có hàm lượng SiO2 rất cao, tiếng ồn, rung, chấn động mạnh và liên tục."
1390,TT 11/2020/TT-BLĐTBXH,XXV,KHOA HỌC CÔNG NGHỆ,Loại IV,"Nặng nhọc, độc hại, nguy hiểm",10,Thử nghiệm cấp bảo vệ chống xâm nhập bụi của các thiết bị điện.,"Tiếp xúc với điện từ trường, bụi khí và tiếng ồn cao."
1391,TT 11/2020/TT-BLĐTBXH,XXV,KHOA HỌC CÔNG NGHỆ,Loại IV,"Nặng nhọc, độc hại, nguy hiểm",11,"Kiểm định, hiệu chuẩn các bộ chuyển đổi nhiệt độ, dụng cụ đo áp suất tại các bồn bể, xi téc chứa xăng dầu và trên xà lan.","Làm việc ngoài trời, tư thế lao động gò bó; thường xuyên tiếp xúc với xăng dầu, dễ cháy nổ."
1392,TT 11/2020/TT-BLĐTBXH,XXV,KHOA HỌC CÔNG NGHỆ,Loại IV,"Nặng nhọc, độc hại, nguy hiểm",12,"Thử nghiệm sức bền, lão hóa, độ cháy của vật liệu điện.","Làm việc trong môi trường kín; tiếp xúc thường xuyên với nhiệt độ cao, bụi cháy, hơi khí độc của nhựa và dung môi bị cháy."
1393,TT 11/2020/TT-BLĐTBXH,XXV,KHOA HỌC CÔNG NGHỆ,Loại IV,"Nặng nhọc, độc hại, nguy hiểm",13,Thử nghiệm phóng điện bề mặt.,"Công việc nguy hiểm, độc hại, tiếp xúc với điện áp cao và bụi khí do nhựa, cao su, dung môi bị cháy."
1394,TT 11/2020/TT-BLĐTBXH,XXV,KHOA HỌC CÔNG NGHỆ,Loại IV,"Nặng nhọc, độc hại, nguy hiểm",14,"Lấy mẫu hóa chất, dung môi, xăng dầu để kiểm tra, thử nghiệm","Làm việc ngoài trời, thường xuyên tiếp xúc với hóa chất độc; có thể nguy hiểm khi lấy mẫu tại hiện trường."
1395,TT 11/2020/TT-BLĐTBXH,XXV,KHOA HỌC CÔNG NGHỆ,Loại IV,"Nặng nhọc, độc hại, nguy hiểm",15,"Lấy mẫu phân bón, thuốc bảo vệ thực vật để kiểm tra, thử nghiệm.","Thường xuyên tiếp xúc với thuốc trừ sâu, hóa chất độc."
1396,TT 11/2020/TT-BLĐTBXH,XXV,KHOA HỌC CÔNG NGHỆ,Loại IV,"Nặng nhọc, độc hại, nguy hiểm",16,"Thử nghiệm hóa môi trường, hóa thực phẩm, hàng tiêu dùng.","Tiếp xúc với bụi, hóa chất và dung môi hữu cơ độc hại, nồng độ cao như: H2SO4, HNO3, ASen, Axeton, Toluen, Benzen, Clo, Formaldhehyde..."
1397,TT 11/2020/TT-BLĐTBXH,XXV,KHOA HỌC CÔNG NGHỆ,Loại IV,"Nặng nhọc, độc hại, nguy hiểm",17,"Giám định hàng hóa xuất nhập khẩu ở các kho bãi, hầm chứa hàng.","Công việc lưu động, ngoài trời, chịu ảnh hưởng của bụi bẩn, nóng, lạnh."
1398,TT 11/2020/TT-BLĐTBXH,XXV,KHOA HỌC CÔNG NGHỆ,Loại IV,"Nặng nhọc, độc hại, nguy hiểm",18,"Làm công việc bức xạ trực tiếp, làm việc với các nguồn bức xạ khác có tỷ số hoạt độ phóng xạ nhỏ hơn 10.",Tiếp xúc trực tiếp với nguồn phóng xạ.
1399,TT 11/2020/TT-BLĐTBXH,XXV,KHOA HỌC CÔNG NGHỆ,Loại IV,"Nặng nhọc, độc hại, nguy hiểm",19,Thử nghiệm tương thích điện từ.,Tiếp xúc trực tiếp với điện từ trường.
1400,TT 11/2020/TT-BLĐTBXH,XXVI,HÀNG KHÔNG,Loại VI,"Đặc biệt nặng nhọc, độc hại, nguy hiểm",1,Lái máy bay.,"Công việc nguy hiểm, căng thẳng thần kinh tâm lý, chịu tác động của tiếng ồn cao, rung, thay đổi nhiệt độ, áp suất."
1401,TT 11/2020/TT-BLĐTBXH,XXVI,HÀNG KHÔNG,Loại VI,"Đặc biệt nặng nhọc, độc hại, nguy hiểm",2,"Vận hành, bảo dưỡng, sửa chữa radar ở các đài, trạm, sân bay; trắc thủ radar.","Chịu ảnh hưởng của tiếng ồn, điện từ trường dải siêu cao tần."
1402,TT 11/2020/TT-BLĐTBXH,XXVI,HÀNG KHÔNG,Loại V,"Đặc biệt nặng nhọc, độc hại, nguy hiểm",1,Tiếp viên hàng không.,"Căng thẳng thần kinh tâm lý, chịu tác động của tiếng ồn, rung, thay đổi nhiệt độ, áp suất."
1403,TT 11/2020/TT-BLĐTBXH,XXVI,HÀNG KHÔNG,Loại V,"Đặc biệt nặng nhọc, độc hại, nguy hiểm",2,"Cơ giới, đặc thiết, vô tuyến radar máy bay.",Chịu ảnh hưởng tiếng ồn cao và phóng xạ.
1404,TT 11/2020/TT-BLĐTBXH,XXVI,HÀNG KHÔNG,Loại V,"Đặc biệt nặng nhọc, độc hại, nguy hiểm",3,"Kiểm soát không lưu: chỉ huy bay đường dài, tiếp cận, cất, hạ cánh tại sân bay.","Chịu ảnh hưởng tiếng ồn, điện từ trường, căng thẳng thần kinh tâm lý, trách nhiệm cao."
1405,TT 11/2020/TT-BLĐTBXH,XXVI,HÀNG KHÔNG,Loại V,"Đặc biệt nặng nhọc, độc hại, nguy hiểm",4,"Vận hành, sửa chữa, bảo dưỡng máy thông tin UHF tần số từ 300 đến 3000 MHZ","Chịu ảnh hưởng của tiếng ồn, điện từ trường dải cao tần."
1406,TT 11/2020/TT-BLĐTBXH,XXVI,HÀNG KHÔNG,Loại V,"Đặc biệt nặng nhọc, độc hại, nguy hiểm",5,Lắp đặt radar.,"Làm việc ngoài trời, chịu ảnh hưởng của điện từ trường siêu cao tần, tư thế lao động gò bó."
1407,TT 11/2020/TT-BLĐTBXH,XXVI,HÀNG KHÔNG,Loại V,"Đặc biệt nặng nhọc, độc hại, nguy hiểm",6,"Bốc xếp hàng, hành lý lên, xuống máy bay.","Công việc nặng nhọc, chịu ảnh hưởng của ồn, nóng, bụi."
1408,TT 11/2020/TT-BLĐTBXH,XXVI,HÀNG KHÔNG,Loại V,"Đặc biệt nặng nhọc, độc hại, nguy hiểm",7,"Gò, hàn, tán vá, bọc cánh máy bay.","Công việc thủ công, nặng nhọc, tư thế làm việc gò bó, chịu ảnh hưởng của hơi khí độc, bụi, ồn."
1409,TT 11/2020/TT-BLĐTBXH,XXVI,HÀNG KHÔNG,Loại V,"Đặc biệt nặng nhọc, độc hại, nguy hiểm",8,"Lái xe vận tải chuyên dùng chở xăng, dầu máy bay từ 16,5 tấn trở lên.","Công việc nặng nhọc, nguy hiểm, chịu ảnh hưởng nóng, ồn, rung."
1410,TT 11/2020/TT-BLĐTBXH,XXVI,HÀNG KHÔNG,Loại V,"Đặc biệt nặng nhọc, độc hại, nguy hiểm",9,"Lắp đặt, bảo dưỡng, sửa chữa anten hàng không cao từ 50 m trở lên.","Công việc thủ công, nặng nhọc, nguy hiểm, làm việc ngoài trời, tư thế lao động gò bó, chịu ảnh hưởng điện từ trường, bụi và dung môi pha sơn."
1411,TT 11/2020/TT-BLĐTBXH,XXVI,HÀNG KHÔNG,Loại V,"Đặc biệt nặng nhọc, độc hại, nguy hiểm",10,"Lắp đặt, sửa chữa, bảo dưỡng đường dây thông tin liên lạc hàng không.","Làm việc ngoài trời, công việc nặng nhọc, chịu tác động của điện từ trường, ồn và bụi"
1412,TT 11/2020/TT-BLĐTBXH,XXVI,HÀNG KHÔNG,Loại IV,"Nặng nhọc, độc hại, nguy hiểm",1,Rửa lọc bằng phương pháp siêu âm.,"Chịu tác động của sóng siêu âm, hơi dầu, nóng."
1413,TT 11/2020/TT-BLĐTBXH,XXVI,HÀNG KHÔNG,Loại IV,"Nặng nhọc, độc hại, nguy hiểm",2,"Xúc nạp ắc quy tại sân bay, trung tâm ACC, APP.","Làm việc trong môi trường nóng, ồn, hơi độc axít."
1414,TT 11/2020/TT-BLĐTBXH,XXVI,HÀNG KHÔNG,Loại IV,"Nặng nhọc, độc hại, nguy hiểm",3,Bảo quản suất ăn ở kho lạnh.,"Công việc nặng nhọc, làm việc trong phòng kín, chịu tác động của hơi lạnh"
1415,TT 11/2020/TT-BLĐTBXH,XXVI,HÀNG KHÔNG,Loại IV,"Nặng nhọc, độc hại, nguy hiểm",4,"Bảo vệ đường băng, sân đỗ máy bay, đài, trạm radar.","Làm việc ngoài trời, chịu tác động của ồn, điện từ trường."
1416,TT 11/2020/TT-BLĐTBXH,XXVI,HÀNG KHÔNG,Loại IV,"Nặng nhọc, độc hại, nguy hiểm",5,"Sửa chữa các loại xe đặc chủng, đôly tại sân bay.","Công việc nặng nhọc, chịu tác động của ồn, điện từ trường, hơi xăng, dầu, hóa chất."
1417,TT 11/2020/TT-BLĐTBXH,XXVI,HÀNG KHÔNG,Loại IV,"Nặng nhọc, độc hại, nguy hiểm",6,"Thu gom, xếp, đặt thùng container ở sân bay.","Làm việc trong môi trường nóng, ồn cao, công việc nặng nhọc."
1418,TT 11/2020/TT-BLĐTBXH,XXVI,HÀNG KHÔNG,Loại IV,"Nặng nhọc, độc hại, nguy hiểm",7,"May, mộc công nghiệp máy bay.","Công việc nặng nhọc, chịu tác động của nóng, bụi, ồn."
1419,TT 11/2020/TT-BLĐTBXH,XXVI,HÀNG KHÔNG,Loại IV,"Nặng nhọc, độc hại, nguy hiểm",8,"Vận hành, sửa chữa máy nạp bình cứu hỏa.","Làm việc trong môi trường ồn, nóng, hơi khí độc CO2."
1420,TT 11/2020/TT-BLĐTBXH,XXVI,HÀNG KHÔNG,Loại IV,"Nặng nhọc, độc hại, nguy hiểm",9,Cứu hỏa sân bay.,Ảnh hưởng tiếng ồn và điện từ trường.
1421,TT 11/2020/TT-BLĐTBXH,XXVI,HÀNG KHÔNG,Loại IV,"Nặng nhọc, độc hại, nguy hiểm",10,Thủ kho và bảo quản hóa chất.,"Công việc nặng nhọc, chịu ảnh hưởng của hóa chất độc, ồn, bụi."
1422,TT 11/2020/TT-BLĐTBXH,XXVI,HÀNG KHÔNG,Loại IV,"Nặng nhọc, độc hại, nguy hiểm",11,"Nhân viên giao, nhận hàng hóa ở kho hàng.","Công việc nặng nhọc, chịu ảnh hưởng của tiếng ồn, nóng, hơi khí độc."
1423,TT 11/2020/TT-BLĐTBXH,XXVI,HÀNG KHÔNG,Loại IV,"Nặng nhọc, độc hại, nguy hiểm",12,Hướng dẫn máy bay vào sân đỗ.,"Làm việc ngoài trời, trong môi trường nóng, ồn, căng thẳng thần kinh tâm lý."
1424,TT 11/2020/TT-BLĐTBXH,XXVI,HÀNG KHÔNG,Loại IV,"Nặng nhọc, độc hại, nguy hiểm",13,"Điều hành, khai thác, hiệp đồng, thông báo bay tại sân bay.","Chịu ảnh hưởng điện từ trường, căng thẳng thần kinh tâm lý."
1425,TT 11/2020/TT-BLĐTBXH,XXVI,HÀNG KHÔNG,Loại IV,"Nặng nhọc, độc hại, nguy hiểm",14,"Vận hành máy soi chiếu hành lý, kiểm tra an ninh.","Chịu ảnh hưởng của phóng xạ, điện từ trường."
1426,TT 11/2020/TT-BLĐTBXH,XXVI,HÀNG KHÔNG,Loại IV,"Nặng nhọc, độc hại, nguy hiểm",15,"Sửa chữa, lập trình máy vi tính.","Chịu ảnh hưởng bức xạ ion hóa, căng thẳng thần kinh tâm lý."
1427,TT 11/2020/TT-BLĐTBXH,XXVI,HÀNG KHÔNG,Loại IV,"Nặng nhọc, độc hại, nguy hiểm",16,"Vận hành, sửa chữa máy, thiết bị đo lường kiểm chuẩn.","Chịu tác động của điện từ trường, nóng, ồn."
1428,TT 11/2020/TT-BLĐTBXH,XXVI,HÀNG KHÔNG,Loại IV,"Nặng nhọc, độc hại, nguy hiểm",17,"Theo dõi màn hình rada, thiết bị AMSS, AFTN.","Chịu ảnh hưởng sóng điện từ, căng thẳng thần kinh tâm lý."
1429,TT 11/2020/TT-BLĐTBXH,XXVI,HÀNG KHÔNG,Loại IV,"Nặng nhọc, độc hại, nguy hiểm",18,"Tiếp nhận, cấp phát, vận hành, tra nạp, hóa nghiệm xăng, dầu hàng không.","Công việc nặng nhọc, tiếp xúc xăng, nóng, ồn."
1430,TT 11/2020/TT-BLĐTBXH,XXVI,HÀNG KHÔNG,Loại IV,"Nặng nhọc, độc hại, nguy hiểm",19,"Bảo vệ, sửa chữa và vệ sinh đường ống, kho, bể xăng, dầu.","Công việc nặng nhọc, tiếp xúc hơi bồn, xăng, dầu."
1431,TT 11/2020/TT-BLĐTBXH,XXVI,HÀNG KHÔNG,Loại IV,"Nặng nhọc, độc hại, nguy hiểm",20,"Thủ kho xăng, dầu hàng không.","Công việc nặng nhọc, tiếp xúc với xăng, dầu."
1432,TT 11/2020/TT-BLĐTBXH,XXVI,HÀNG KHÔNG,Loại IV,"Nặng nhọc, độc hại, nguy hiểm",21,"Xây dựng, duy tu, bảo dưỡng nhà ga, đường băng, đường lăn, sân đỗ máy bay.","Công việc nặng nhọc, làm việc ngoài trời, chịu ảnh hưởng của tiếng ồn, bụi."
1433,TT 11/2020/TT-BLĐTBXH,XXVI,HÀNG KHÔNG,Loại IV,"Nặng nhọc, độc hại, nguy hiểm",22,"Vận hành máy ép nhựa phun thổi, in, cắt, dán polime, hút màng PVC, in lưới.","Công việc nặng nhọc, tiếp xúc hóa chất độc, bụi, nóng, ồn."
1434,TT 11/2020/TT-BLĐTBXH,XXVI,HÀNG KHÔNG,Loại IV,"Nặng nhọc, độc hại, nguy hiểm",23,"Nấu, chế biến thức ăn cho hành khách.","Lao động thủ công nặng nhọc, tiếp xúc với nóng."
1435,TT 11/2020/TT-BLĐTBXH,XXVI,HÀNG KHÔNG,Loại IV,"Nặng nhọc, độc hại, nguy hiểm",24,"Vận hành máy thi công xây dựng nhà ga, sân bay.","Công việc nặng nhọc, thường xuyên tiếp xúc tiếng ồn, bụi."
1436,TT 11/2020/TT-BLĐTBXH,XXVI,HÀNG KHÔNG,Loại IV,"Nặng nhọc, độc hại, nguy hiểm",25,Thợ cơ khí máy bay.,"Làm việc trong môi trường ồn, công việc nặng nhọc, tư thế lao động gò bó."
1437,TT 11/2020/TT-BLĐTBXH,XXVI,HÀNG KHÔNG,Loại IV,"Nặng nhọc, độc hại, nguy hiểm",26,Nhiệt luyện chi tiết máy bay.,"Lao động nặng nhọc, ảnh hưởng của nóng, ồn."
1438,TT 11/2020/TT-BLĐTBXH,XXVI,HÀNG KHÔNG,Loại IV,"Nặng nhọc, độc hại, nguy hiểm",27,"Sửa chữa, bảo dưỡng cấu kiện sắt, thép ở sân bay.","Công việc thủ công, nặng nhọc, làm việc ngoài trời trong môi trường ồn, điện từ trường."
1439,TT 11/2020/TT-BLĐTBXH,XXVI,HÀNG KHÔNG,Loại IV,"Nặng nhọc, độc hại, nguy hiểm",28,"Bốc xếp hàng hóa, hành lý ở các đội thương vụ, kho hàng hóa.","Công việc nặng nhọc, nóng, ồn."
1440,TT 11/2020/TT-BLĐTBXH,XXVI,HÀNG KHÔNG,Loại IV,"Nặng nhọc, độc hại, nguy hiểm",29,"Lái xe tra nạp xăng, dầu máy bay.","Công việc nặng nhọc, chịu ảnh hưởng của tiếng ồn, điện từ trường hơi độc của xăng, dầu."
1441,TT 11/2020/TT-BLĐTBXH,XXVI,HÀNG KHÔNG,Loại IV,"Nặng nhọc, độc hại, nguy hiểm",30,"Lái xe đưa, đón khách tại sân đỗ máy bay.","Chịu tác động của nóng, ồn, căng thẳng thần kinh tâm lý."
1442,TT 11/2020/TT-BLĐTBXH,XXVI,HÀNG KHÔNG,Loại IV,"Nặng nhọc, độc hại, nguy hiểm",31,"Phân tích, cân đong hóa chất.",Thường xuyên tiếp xúc với hóa chất độc.
1443,TT 11/2020/TT-BLĐTBXH,XXVI,HÀNG KHÔNG,Loại IV,"Nặng nhọc, độc hại, nguy hiểm",32,"Vệ sinh đường băng, sân đậu máy bay, sân đỗ ôtô, đài, trạm radar.","Làm việc ngoài trời, công việc nặng nhọc, chịu tác động của ồn, bụi."
1444,TT 11/2020/TT-BLĐTBXH,XXVI,HÀNG KHÔNG,Loại IV,"Nặng nhọc, độc hại, nguy hiểm",33,"Giám sát dịch vụ mặt đất, trên không tại sân đỗ máy bay.","Đi lại nhiều, chịu ảnh hưởng của tiếng ồn, điện từ trường."
1445,TT 11/2020/TT-BLĐTBXH,XXVI,HÀNG KHÔNG,Loại IV,"Nặng nhọc, độc hại, nguy hiểm",34,"Rửa bát đĩa, dụng cụ đựng suất ăn.","Công việc nặng nhọc, tư thế lao động gò bó, nơi làm việc ẩm ướt."
1446,TT 11/2020/TT-BLĐTBXH,XXVI,HÀNG KHÔNG,Loại IV,"Nặng nhọc, độc hại, nguy hiểm",35,"Sửa chữa điện, nước tại sân bay.","Công việc nặng nhọc, chịu ảnh hưởng của ồn, điện từ trường."
1447,TT 11/2020/TT-BLĐTBXH,XXVI,HÀNG KHÔNG,Loại IV,"Nặng nhọc, độc hại, nguy hiểm",36,"Vận hành, bảo dưỡng, sửa chữa thiết bị trung tâm ACC, APP.","Chịu ảnh hưởng của tiếng ồn, điện từ trường."
1448,TT 11/2020/TT-BLĐTBXH,XXVI,HÀNG KHÔNG,Loại IV,"Nặng nhọc, độc hại, nguy hiểm",37,"Lắp đặt, bảo dưỡng, sửa chữa anten hàng không cao dưới 50m.","Làm việc ngoài trời, tư thế lao động gò bó, công việc thủ công, nặng nhọc, chịu ảnh hưởng của bụi, dung môi pha sơn."
1449,TT 11/2020/TT-BLĐTBXH,XXVI,HÀNG KHÔNG,Loại IV,"Nặng nhọc, độc hại, nguy hiểm",38,Quan trắc khí tượng hàng không.,"Chịu ảnh hưởng của tiếng ồn, điện từ trường."
1450,TT 11/2020/TT-BLĐTBXH,XXVI,HÀNG KHÔNG,Loại IV,"Nặng nhọc, độc hại, nguy hiểm",39,"Vệ sinh máy bay, phun thuốc phòng dịch, diệt côn trùng trên máy bay.","Công việc nặng nhọc, chịu ảnh hưởng của hóa chất độc, ồn, điện từ trường."
1451,TT 11/2020/TT-BLĐTBXH,XXVI,HÀNG KHÔNG,Loại IV,"Nặng nhọc, độc hại, nguy hiểm",40,"Vệ sinh công nghiệp máy bay; xử lý chất thải môi trường; giặt, bọc thảm máy bay.","Công việc nặng nhọc, tư thế lao động gò bó, tiếp xúc với bụi bẩn, vi sinh vật gây bệnh."
1452,TT 11/2020/TT-BLĐTBXH,XXVI,HÀNG KHÔNG,Loại IV,"Nặng nhọc, độc hại, nguy hiểm",41,"Vận hành, sửa chữa, bảo dưỡng máy thông tin VHF tần số từ 30 đến dưới 300 MHZ.","Chịu tác động của tiếng ồn, điện từ trường."
1453,TT 11/2020/TT-BLĐTBXH,XXVI,HÀNG KHÔNG,Loại IV,"Nặng nhọc, độc hại, nguy hiểm",42,"Lắp đặt máy thu, phát.","Làm việc ngoài trời, chịu tác động của điện từ trường, tư thế lao động gò bó."
1454,TT 11/2020/TT-BLĐTBXH,XXVI,HÀNG KHÔNG,Loại IV,"Nặng nhọc, độc hại, nguy hiểm",43,"Lái, vận hành các loại xe đặc chủng tại sân đỗ máy bay.","Làm việc trong môi trường nóng, ồn và điện từ trường."
1455,TT 11/2020/TT-BLĐTBXH,XXVII,"SẢN XUẤT, CHẾ BIẾN MUỐI ĂN",Loại IV,"Nặng nhọc, độc hại, nguy hiểm",1,Sản xuất muối ăn thủ công.,"Lao động ngoài trời, công việc thủ công, rất nặng nhọc."
1456,TT 11/2020/TT-BLĐTBXH,XXVII,"SẢN XUẤT, CHẾ BIẾN MUỐI ĂN",Loại IV,"Nặng nhọc, độc hại, nguy hiểm",2,"Bốc vác, pha trộn và đóng gói muối iốt thủ công và bán thủ công.","Lao động thủ công, nặng nhọc, tư thế lao động gò bó, môi trường làm việc có độ ẩm cao."
1457,TT 11/2020/TT-BLĐTBXH,XXVII,"SẢN XUẤT, CHẾ BIẾN MUỐI ĂN",Loại IV,"Nặng nhọc, độc hại, nguy hiểm",3,"Công nhân sản xuất hóa chất (MgCO3, MgCl2, MgSO4) sau muối ăn.","Công việc thủ công, tiếp xúc với nóng, ẩm và các hóa chất: kiềm, Cl2, NaCO3."
1458,TT 11/2020/TT-BLĐTBXH,XXVIII,"THỂ DỤC - THỂ THAO, VĂN HÓA THÔNG TIN",Loại VI,"Đặc biệt nặng nhọc, độc hại, nguy hiểm",1,"Diễn viên xiếc uốn dẻo, đế trụ, nhào lộn và xiếc khác trên cao.","Công việc rất nặng nhọc, nguy hiểm, căng thẳng thần kinh tâm lý, chịu tác động của ồn và ánh sáng có cường độ cao."
1459,TT 11/2020/TT-BLĐTBXH,XXVIII,"THỂ DỤC - THỂ THAO, VĂN HÓA THÔNG TIN",Loại VI,"Đặc biệt nặng nhọc, độc hại, nguy hiểm",2,"Vận động viên quyền anh, võ vật, cử tạ, lặn","Cường độ làm việc cao, tiêu hao năng lượng rất lớn, nguy hiểm và căng thẳng thần kinh tâm lý."
1460,TT 11/2020/TT-BLĐTBXH,XXVIII,"THỂ DỤC - THỂ THAO, VĂN HÓA THÔNG TIN",Loại VI,"Đặc biệt nặng nhọc, độc hại, nguy hiểm",3,"Vận động viên bóng đá, đua ô tô, mô tô, ca nô, máy bay, tàu lượn, nhảy dù, đua ngựa","Thường xuyên làm việc ngoài trời, cường độ làm việc cao, tiêu hao nặng lượng rất lớn, rất nguy hiểm và căng thẳng thần kinh tâm lý."
1461,TT 11/2020/TT-BLĐTBXH,XXVIII,"THỂ DỤC - THỂ THAO, VĂN HÓA THÔNG TIN",Loại VI,"Đặc biệt nặng nhọc, độc hại, nguy hiểm",4,"Vận động viên, huấn luyện viên mô tô nước.","Làm việc ngoài trời, dưới nước, cường độ làm việc cao, tiêu hao năng lượng rất lớn, nguy hiểm, căng thẳng thần kinh tâm lý."
1462,TT 11/2020/TT-BLĐTBXH,XXVIII,"THỂ DỤC - THỂ THAO, VĂN HÓA THÔNG TIN",Loại VI,"Đặc biệt nặng nhọc, độc hại, nguy hiểm",5,"Vận động viên, huấn luyện viên dù lượn.","Làm việc ngoài trời, cường độ làm việc cao, tiêu hao năng lượng rất lớn, công việc nguy hiểm, căng thẳng thần kinh tâm lý."
1463,TT 11/2020/TT-BLĐTBXH,XXVIII,"THỂ DỤC - THỂ THAO, VĂN HÓA THÔNG TIN",Loại VI,"Đặc biệt nặng nhọc, độc hại, nguy hiểm",6,"Vận động viên, huấn luyện viên leo núi thể thao.","Làm việc ngoài trời, nơi làm việc cheo leo, rất nguy hiểm, cường độ làm việc cao, tiêu hao năng lượng lớn, căng thẳng thần kinh tâm lý."
1464,TT 11/2020/TT-BLĐTBXH,XXVIII,"THỂ DỤC - THỂ THAO, VĂN HÓA THÔNG TIN",Loại V,"Đặc biệt nặng nhọc, độc hại, nguy hiểm",1,"Khảo sát, khai quật khảo cổ.","Thường xuyên lưu động, công việc rất nặng nhọc, tiếp xúc với các hóa chất và khí độc trong lăng mộ"
1465,TT 11/2020/TT-BLĐTBXH,XXVIII,"THỂ DỤC - THỂ THAO, VĂN HÓA THÔNG TIN",Loại V,"Đặc biệt nặng nhọc, độc hại, nguy hiểm",2,"Múa ballet, múa cổ truyền và hát tuồng.","Rất nặng nhọc, căng thẳng thần kinh tâm lý, chịu tác động của ồn và ánh sáng có cường độ cao."
1466,TT 11/2020/TT-BLĐTBXH,XXVIII,"THỂ DỤC - THỂ THAO, VĂN HÓA THÔNG TIN",Loại V,"Đặc biệt nặng nhọc, độc hại, nguy hiểm",3,Diễn viên rối nước.,"Luôn phải ngâm mình trong nước bẩn (cả mùa đông và mùa hè), công việc nặng nhọc, thường xuyên phải tiếp xúc với nấm, vi sinh vật gây bệnh, tiếng ồn và khói thuốc pháo."
1467,TT 11/2020/TT-BLĐTBXH,XXVIII,"THỂ DỤC - THỂ THAO, VĂN HÓA THÔNG TIN",Loại V,"Đặc biệt nặng nhọc, độc hại, nguy hiểm",4,Dạy thú và biểu diễn xiếc thú.,"Công việc nguy hiểm, căng thẳng thần kinh tâm lý, chịu tác động của ồn và ánh sáng cường độ cao."
1468,TT 11/2020/TT-BLĐTBXH,XXVIII,"THỂ DỤC - THỂ THAO, VĂN HÓA THÔNG TIN",Loại V,"Đặc biệt nặng nhọc, độc hại, nguy hiểm",5,Diễn viên xiếc.,"Công việc nguy hiểm, căng thẳng thần kinh tâm lý, chịu tác động của ồn và ánh sáng cường độ cao."
1469,TT 11/2020/TT-BLĐTBXH,XXVIII,"THỂ DỤC - THỂ THAO, VĂN HÓA THÔNG TIN",Loại V,"Đặc biệt nặng nhọc, độc hại, nguy hiểm",6,"Nhạc hơi, nhạc trưởng.","Rất căng thẳng thần kinh tâm lý, chịu tác động của tiếng ồn, ánh sáng có cường độ mạnh."
1470,TT 11/2020/TT-BLĐTBXH,XXVIII,"THỂ DỤC - THỂ THAO, VĂN HÓA THÔNG TIN",Loại V,"Đặc biệt nặng nhọc, độc hại, nguy hiểm",7,"Vận hành, sửa chữa, bảo dưỡng thiết bị kỹ thuật trong nhà hầm bảo tàng.","Làm việc trong hầm ngầm, thường xuyên chịu tác động của tiếng ồn cao, xăng, dầu."
1471,TT 11/2020/TT-BLĐTBXH,XXVIII,"THỂ DỤC - THỂ THAO, VĂN HÓA THÔNG TIN",Loại V,"Đặc biệt nặng nhọc, độc hại, nguy hiểm",8,"Huấn luyện viên bóng đá, quyền anh, võ vật, lặn, đua ô tô, mô tô, máy bay, nhảy dù, đua ngựa","Cường độ làm việc cao, tiêu hao nặng lượng lớn, nguy hiểm và căng thẳng thần kinh tâm lý."
1472,TT 11/2020/TT-BLĐTBXH,XXVIII,"THỂ DỤC - THỂ THAO, VĂN HÓA THÔNG TIN",Loại V,"Đặc biệt nặng nhọc, độc hại, nguy hiểm",9,"Vận động viên bóng rổ, bóng ném, điền kinh, đua xe đạp, bơi lội, bơi nghệ thuật, bơi thuyền, bóng nước, nhảy cầu, lướt ván, thể dục dụng cụ","Cường độ làm việc cao, tiêu hao năng lượng lớn, nguy hiểm và căng thẳng thần kinh tâm lý."
1473,TT 11/2020/TT-BLĐTBXH,XXVIII,"THỂ DỤC - THỂ THAO, VĂN HÓA THÔNG TIN",Loại V,"Đặc biệt nặng nhọc, độc hại, nguy hiểm",10,Huấn luyện viên ca nô.,"Thường xuyên làm việc ngoài trời, cường độ làm việc cao, tiêu hao năng lượng lớn, rất nguy hiểm, căng thẳng thần kinh tâm lý."
1474,TT 11/2020/TT-BLĐTBXH,XXVIII,"THỂ DỤC - THỂ THAO, VĂN HÓA THÔNG TIN",Loại V,"Đặc biệt nặng nhọc, độc hại, nguy hiểm",11,Huấn luyện viên đua thuyền.,"Thường xuyên làm việc ngoài trời, cường độ làm việc cao, tiêu hao năng lượng lớn, rất nguy hiểm, căng thẳng thần kinh tâm lý."
1475,TT 11/2020/TT-BLĐTBXH,XXVIII,"THỂ DỤC - THỂ THAO, VĂN HÓA THÔNG TIN",Loại V,"Đặc biệt nặng nhọc, độc hại, nguy hiểm",12,Huấn luyện viên cử tạ.,"Cường độ làm việc cao, tiêu hao năng lượng lớn, nguy hiểm, căng thẳng thần kinh tâm lý."
1476,TT 11/2020/TT-BLĐTBXH,XXVIII,"THỂ DỤC - THỂ THAO, VĂN HÓA THÔNG TIN",Loại V,"Đặc biệt nặng nhọc, độc hại, nguy hiểm",13,Huấn luyện viên thể dục dụng cụ.,"Cường độ làm việc cao, tiêu hao năng lượng lớn, rất nguy hiểm và căng thẳng thần kinh tâm lý."
1477,TT 11/2020/TT-BLĐTBXH,XXVIII,"THỂ DỤC - THỂ THAO, VĂN HÓA THÔNG TIN",Loại IV,"Nặng nhọc, độc hại, nguy hiểm",1,"Vận hành máy in opset, typo, máy xén, kẻ giấy.","Thường xuyên tiếp xúc với bụi, ồn và các hóa chất độc."
1478,TT 11/2020/TT-BLĐTBXH,XXVIII,"THỂ DỤC - THỂ THAO, VĂN HÓA THÔNG TIN",Loại IV,"Nặng nhọc, độc hại, nguy hiểm",2,"Sửa chữa cơ, điện các máy công cụ, máy in, xén...","Tư thế lao động gò bó, thường xuyên tiếp xúc với ồn, bụi, hóa chất độc và dầu mỡ."
1479,TT 11/2020/TT-BLĐTBXH,XXVIII,"THỂ DỤC - THỂ THAO, VĂN HÓA THÔNG TIN",Loại IV,"Nặng nhọc, độc hại, nguy hiểm",3,"Tráng mạ, phơi và sửa bản kẽm.",Thường xuyên tiếp xúc với hóa chất độc và tia cực tím.
1480,TT 11/2020/TT-BLĐTBXH,XXVIII,"THỂ DỤC - THỂ THAO, VĂN HÓA THÔNG TIN",Loại IV,"Nặng nhọc, độc hại, nguy hiểm",4,"Chụp ảnh, truyền phim sang kẽm.","Thường xuyên làm việc trong buồng kín, thiếu ánh sáng, chịu tác động của hóa chất độc."
1481,TT 11/2020/TT-BLĐTBXH,XXVIII,"THỂ DỤC - THỂ THAO, VĂN HÓA THÔNG TIN",Loại IV,"Nặng nhọc, độc hại, nguy hiểm",5,Sắp chữ điện tử.,"Làm việc trong buồng kín, chịu tác động của bức xạ ion hóa."
1482,TT 11/2020/TT-BLĐTBXH,XXVIII,"THỂ DỤC - THỂ THAO, VĂN HÓA THÔNG TIN",Loại IV,"Nặng nhọc, độc hại, nguy hiểm",6,Pha chế và bảo quản các loại hóa chất.,Thường xuyên tiếp xúc với các loại hóa chất độc.
1483,TT 11/2020/TT-BLĐTBXH,XXVIII,"THỂ DỤC - THỂ THAO, VĂN HÓA THÔNG TIN",Loại IV,"Nặng nhọc, độc hại, nguy hiểm",7,"Vận hành, sửa chữa, bảo dưỡng thiết bị sản xuất phim.","Thường xuyên lưu động, chịu tác động của ồn và hóa chất độc."
1484,TT 11/2020/TT-BLĐTBXH,XXVIII,"THỂ DỤC - THỂ THAO, VĂN HÓA THÔNG TIN",Loại IV,"Nặng nhọc, độc hại, nguy hiểm",8,"Dựng cảnh, khói lửa.","Thường xuyên lưu động theo đoàn làm phim, công việc nặng nhọc, tiếp xúc với hóa chất độc (thuốc súng...)."
1485,TT 11/2020/TT-BLĐTBXH,XXVIII,"THỂ DỤC - THỂ THAO, VĂN HÓA THÔNG TIN",Loại IV,"Nặng nhọc, độc hại, nguy hiểm",9,"Dựng nhà bạt, rạp xiếc lưu dộng, nhà trưng bày triển lãm.","Công việc thủ công, nặng nhọc, nguy hiểm, thường xuyên lưu động."
1486,TT 11/2020/TT-BLĐTBXH,XXVIII,"THỂ DỤC - THỂ THAO, VĂN HÓA THÔNG TIN",Loại IV,"Nặng nhọc, độc hại, nguy hiểm",10,"Chăm sóc, nuôi dưỡng thú.","Công việc nặng nhọc, nguy hiểm, thường xuyên tiếp xúc các chất thải của động vật, nấm và vi sinh vật gây bệnh."
1487,TT 11/2020/TT-BLĐTBXH,XXVIII,"THỂ DỤC - THỂ THAO, VĂN HÓA THÔNG TIN",Loại IV,"Nặng nhọc, độc hại, nguy hiểm",11,"Nhạc công trong các dàn nhạc, đội nhạc.","Căng thẳng thần kinh tâm lý, chịu tác động của tiếng ồn, ánh sáng cường độ mạnh."
1488,TT 11/2020/TT-BLĐTBXH,XXVIII,"THỂ DỤC - THỂ THAO, VĂN HÓA THÔNG TIN",Loại IV,"Nặng nhọc, độc hại, nguy hiểm",12,Làm con rối.,"Thường xuyên tiếp xúc với hóa chất độc như: xăng, axeton, sơn ta."
1489,TT 11/2020/TT-BLĐTBXH,XXVIII,"THỂ DỤC - THỂ THAO, VĂN HÓA THÔNG TIN",Loại IV,"Nặng nhọc, độc hại, nguy hiểm",13,"Kiểm kê, bảo quản, xử lý kỹ thuật các hiện vật, tài liệu, sách, báo, phim, ảnh trong kho lưu trữ của bảo tàng, thư viện và viện lưu trữ.","Thường xuyên làm việc trong kho kín, thiếu dưỡng khí, tiếp xúc với hóa chất, bụi nấm, mốc"
1490,TT 11/2020/TT-BLĐTBXH,XXVIII,"THỂ DỤC - THỂ THAO, VĂN HÓA THÔNG TIN",Loại IV,"Nặng nhọc, độc hại, nguy hiểm",14,"Tu sửa, phục chế tài liệu, hiện vật của thư viện, viện lưu trữ và bảo tàng.","Tư thế lao động gò bó, chịu tác động của hóa chất, bụi nấm, mốc."
1491,TT 11/2020/TT-BLĐTBXH,XXVIII,"THỂ DỤC - THỂ THAO, VĂN HÓA THÔNG TIN",Loại IV,"Nặng nhọc, độc hại, nguy hiểm",15,"Mộc chạm các công trình di tích lịch sử, tạc tượng và điêu khắc.","Thường xuyên lưu động, công việc nặng nhọc, nguy hiểm, tư thế lao động gò bó."
1492,TT 11/2020/TT-BLĐTBXH,XXVIII,"THỂ DỤC - THỂ THAO, VĂN HÓA THÔNG TIN",Loại IV,"Nặng nhọc, độc hại, nguy hiểm",16,"Thông tin lưu động của các tỉnh (miền núi, hải đảo).","Thường xuyên lưu động, đi lại nhiều ở vùng rừng, núi và hải đảo."
1493,TT 11/2020/TT-BLĐTBXH,XXVIII,"THỂ DỤC - THỂ THAO, VĂN HÓA THÔNG TIN",Loại IV,"Nặng nhọc, độc hại, nguy hiểm",17,"Tráng phim, rửa ảnh.","Làm việc trong phòng kin, thiếu ánh sáng, dưỡng khí, tiếp xúc với hóa chất độc."
1494,TT 11/2020/TT-BLĐTBXH,XXVIII,"THỂ DỤC - THỂ THAO, VĂN HÓA THÔNG TIN",Loại IV,"Nặng nhọc, độc hại, nguy hiểm",18,"Diễn viên chèo, cải lương, dân ca, kịch, điện ảnh và ca sĩ chuyên nghiệp.","Căng thẳng thần kinh tâm lý, chịu tác động của tiếng ồn, ánh sáng có cường độ mạnh và nóng."
1495,TT 11/2020/TT-BLĐTBXH,XXVIII,"THỂ DỤC - THỂ THAO, VĂN HÓA THÔNG TIN",Loại IV,"Nặng nhọc, độc hại, nguy hiểm",19,Hướng dẫn khách thăm quan Bảo tàng Hồ Chí Minh.,"Phải đi lại và nói nhiều, căng thẳng thần kinh tâm lý."
1496,TT 11/2020/TT-BLĐTBXH,XXVIII,"THỂ DỤC - THỂ THAO, VĂN HÓA THÔNG TIN",Loại IV,"Nặng nhọc, độc hại, nguy hiểm",20,"Vận động viên đá cầu, bóng bàn, bóng chuyền, cầu lông, quần vợt, cầu mây, bắn súng, bắn cung, nỏ, đấu kiếm, cờ vua, cờ tướng.","Cường độ làm việc cao, rất căng thẳng thần kinh tâm lý."
1497,TT 11/2020/TT-BLĐTBXH,XXVIII,"THỂ DỤC - THỂ THAO, VĂN HÓA THÔNG TIN",Loại IV,"Nặng nhọc, độc hại, nguy hiểm",21,"Huấn luyện viên bóng rổ, bóng ném, điền kinh, đua xe đạp, bóng nước, bơi, nhảy cầu, lướt ván, đá cầu, bóng chuyền, cầu mây, bắn súng","Thường xuyên làm việc ngoài trời, cường độ làm việc cao, tiêu hao năng lượng lớn, căng thẳng thần kinh tâm lý."
1498,TT 11/2020/TT-BLĐTBXH,XXVIII,"THỂ DỤC - THỂ THAO, VĂN HÓA THÔNG TIN",Loại IV,"Nặng nhọc, độc hại, nguy hiểm",22,"Giáo viên dạy thể dục, thể thao tại các khoa, trường chuyên thể dục, thể thao.","Thường xuyên làm việc ngoài trời, cường độ làm việc cao, tiêu hao năng lượng lớn, căng thẳng thần kinh tâm lý."
1499,TT 11/2020/TT-BLĐTBXH,XXVIII,"THỂ DỤC - THỂ THAO, VĂN HÓA THÔNG TIN",Loại IV,"Nặng nhọc, độc hại, nguy hiểm",23,"Lắp đặt, bảo dưỡng, sửa chữa biển quảng cáo","Công việc lưu động, ngoài trời; thường xuyên làm việc trên cao nguy hiểm, mang vác nặng."
1500,TT 11/2020/TT-BLĐTBXH,XXVIII,"THỂ DỤC - THỂ THAO, VĂN HÓA THÔNG TIN",Loại IV,"Nặng nhọc, độc hại, nguy hiểm",24,"Chiếu phim lưu động tại vùng nông thôn, rừng, núi, hải đảo.","Thường xuyên đi lưu động ở các vùng nông thôn và vùng núi, hẻo lánh; mang vác máy, thiết bị nặng, bụi bẩn."
1501,TT 11/2020/TT-BLĐTBXH,XXVIII,"THỂ DỤC - THỂ THAO, VĂN HÓA THÔNG TIN",Loại IV,"Nặng nhọc, độc hại, nguy hiểm",25,Hướng dẫn khách thăm quan trong khu di tích Phủ Chủ tịch,"Cường độ lao động cao, liên tục đi lại và thuyết minh trong ca làm việc; căng thẳng thần kinh tâm lý."
1502,TT 11/2020/TT-BLĐTBXH,XXVIII,"THỂ DỤC - THỂ THAO, VĂN HÓA THÔNG TIN",Loại IV,"Nặng nhọc, độc hại, nguy hiểm",26,"Vận động viên, huấn luyện viên vũ đạo giải trí.","Cường độ làm việc cao, tiêu hao năng lượng lớn, căng thẳng thần kinh tâm lý."
1503,TT 11/2020/TT-BLĐTBXH,XXVIII,"THỂ DỤC - THỂ THAO, VĂN HÓA THÔNG TIN",Loại IV,"Nặng nhọc, độc hại, nguy hiểm",27,Huấn luyện viên đấu kiếm.,"Cường độ làm việc cao, tiêu hao năng lượng lớn, nguy hiểm, căng thẳng thần kinh tâm lý."
1504,TT 11/2020/TT-BLĐTBXH,XXVIII,"THỂ DỤC - THỂ THAO, VĂN HÓA THÔNG TIN",Loại IV,"Nặng nhọc, độc hại, nguy hiểm",28,"Vận động viên, huấn luyện viên Pa-tanh (patin).","Cường độ làm việc cao, tiêu hao năng lượng lớn, nguy hiểm, căng thẳng thần kinh tâm lý."
1505,TT 11/2020/TT-BLĐTBXH,XXIX,THƯƠNG BINH VÀ XÃ HỘI,Loại V,"Đặc biệt nặng nhọc, độc hại, nguy hiểm",1,"Trực tiếp khám, điều trị, xét nghiệm, phục vụ bệnh nhân phong, lao, tâm thần, liệt, chấn thương cột sống, sọ não tại các cơ sở điều trị, điều dưỡng, phục hồi chức năng","Công việc nặng nhọc, độc hại, thường xuyên tiếp xúc với phân, mủ, nước tiểu hôi thối."
1506,TT 11/2020/TT-BLĐTBXH,XXIX,THƯƠNG BINH VÀ XÃ HỘI,Loại V,"Đặc biệt nặng nhọc, độc hại, nguy hiểm",2,"Đổ, nặn nhựa tổng hợp lỏng làm các chi tiết để sản xuất chân, tay giả bằng phương pháp thủ công","Tư thế làm việc gò bó, thường xuyên tiếp xúc với các dung môi hữu cơ và các hóa chất độc khác."
1507,TT 11/2020/TT-BLĐTBXH,XXIX,THƯƠNG BINH VÀ XÃ HỘI,Loại V,"Đặc biệt nặng nhọc, độc hại, nguy hiểm",3,"Trực tiếp khám, điều trị, xét nghiệm, phục vụ, chăm sóc, nuôi dưỡng, trợ giúp người bệnh HIV/AIDS, phong, lao, tâm thần; người khuyết tật đặc biệt nặng tại các cơ sở điều trị, điều dưỡng, phục hồi chức năng, trợ giúp xã hội","Công việc nặng nhọc, độc hại, nguy hiểm, thường xuyên tiếp xúc với vi rút, vi khuẩn gây bệnh, phân, mủ, nước tiểu, hôi thối"
1508,TT 11/2020/TT-BLĐTBXH,XXIX,THƯƠNG BINH VÀ XÃ HỘI,Loại V,"Đặc biệt nặng nhọc, độc hại, nguy hiểm",4,"Trực tiếp khám, điều trị, xét nghiệm, phục vụ, chăm sóc, nuôi dưỡng, trợ giúp cho người cao tuổi không tự phục vụ được, trẻ em dưới 4 tuổi tại các cơ sở điều trị, điều dưỡng, phục hồi chức năng, trợ giúp xã hội","Công việc nặng nhọc, độc hại, thường xuyên tiếp xúc với phân, mủ, nước tiểu, hôi thối. Tư thế làm việc gò bó, cúi gập thân mình nhiều lần"
1509,TT 11/2020/TT-BLĐTBXH,XXIX,THƯƠNG BINH VÀ XÃ HỘI,Loại V,"Đặc biệt nặng nhọc, độc hại, nguy hiểm",5,"Trực tiếp khám, điều trị, xét nghiệm, phục vụ, chăm sóc, nuôi dưỡng, trợ giúp người khuyết tật nặng tại các cơ sở điều trị, điều dưỡng, phục hồi chức năng, trợ giúp xã hội","Công việc nặng nhọc, độc hại, thường xuyên tiếp xúc với phân, mủ, nước tiểu, hôi thối"
1510,TT 11/2020/TT-BLĐTBXH,XXIX,THƯƠNG BINH VÀ XÃ HỘI,Loại IV,"Nặng nhọc, độc hại, nguy hiểm",1,"Làm việc trong các cơ sở điều trị, điều dưỡng, phục hồi chức năng bệnh nhân phong, lao, tâm thần, liệt, chấn thương cột sống, sọ não","Thường xuyên làm việc trong môi trường lây nhiễm cao, rất căng thẳng thần kinh tâm lý."
1511,TT 11/2020/TT-BLĐTBXH,XXIX,THƯƠNG BINH VÀ XÃ HỘI,Loại IV,"Nặng nhọc, độc hại, nguy hiểm",2,"Sản xuất các dụng cụ chỉnh hình (chân, tay giả, giầy, nẹp, áo chỉnh hình...)","Công việc nặng nhọc, chịu tác động của bụi, ồn rất cao."
1512,TT 11/2020/TT-BLĐTBXH,XXIX,THƯƠNG BINH VÀ XÃ HỘI,Loại IV,"Nặng nhọc, độc hại, nguy hiểm",3,"Người làm công tác lưu trữ hồ sơ tại: - Trung tâm lưu trữ thuộc Bảo hiểm xã hội Việt Nam; - Kho lưu trữ của Bảo hiểm xã hội tỉnh, thành phố trực thuộc Trung ương; - Kho lưu trữ của Bảo hiểm xã hội huyện, quận, thị xã, thành phố thuộc tỉnh phải bảo quản từ 15.000 hồ sơ đối tượng tham gia và đối tượng hưởng trở lên. - Kho lưu trữ hồ sơ người có công.","Làm việc trong phòng kín, tiếp xúc hồ sơ, tài liệu có các loại bụi nấm mốc, ký sinh trùng dễ lây nhiễm, xử lý kỹ thuật, tiếp xúc hóa chất."
1513,TT 11/2020/TT-BLĐTBXH,XXIX,THƯƠNG BINH VÀ XÃ HỘI,Loại IV,"Nặng nhọc, độc hại, nguy hiểm",4,Người làm công tác quản trang tại các Nghĩa trang liệt sỹ,"Công việc đơn điệu, ảnh hưởng đến thần kinh tâm lý..."
1514,TT 11/2020/TT-BLĐTBXH,XXIX,THƯƠNG BINH VÀ XÃ HỘI,Loại IV,"Nặng nhọc, độc hại, nguy hiểm",5,"Người làm công tác tiếp nhận, kiểm tra mẫu sinh phẩm để giám định ADN.",Thường xuyên tiếp xúc với các vi sinh vật gây bệnh; căng thẳng thần kinh tâm lý.
1515,TT 11/2020/TT-BLĐTBXH,XXIX,THƯƠNG BINH VÀ XÃ HỘI,Loại IV,"Nặng nhọc, độc hại, nguy hiểm",6,"Khám điều trị, tư vấn, giáo dục, dạy nghề, dạy văn hóa, lao động trị liệu, quản lý học viên cai nghiện ma túy","Thường xuyên làm việc ở nơi có nguy cơ lây nhiễm cao, chịu tác động của virus gây bệnh, công việc có nguy cơ cao ảnh hướng đển tính mạng và sức khỏe của bản thân"
1516,TT 11/2020/TT-BLĐTBXH,XXIX,THƯƠNG BINH VÀ XÃ HỘI,Loại IV,"Nặng nhọc, độc hại, nguy hiểm",7,"Trực tiếp khám, điều trị, xét nghiệm, phục vụ, chăm sóc, nuôi dưỡng, trợ giúp trẻ em từ 4 tuổi trở lên, đối tượng cần bảo vệ khẩn cấp, người cao tuổi tại các cơ sở điều trị, điều dưỡng, phục hồi chức năng, trợ giúp xã hội","Công việc nặng nhọc, độc hại, thường xuyên tiếp xúc với phân, mủ, nước tiểu, hôi thối"
1517,TT 11/2020/TT-BLĐTBXH,XXIX,THƯƠNG BINH VÀ XÃ HỘI,Loại IV,"Nặng nhọc, độc hại, nguy hiểm",8,"Quản lý, phục vụ không trực tiếp khám, điều trị, xét nghiệm, phục vụ, chăm sóc, nuôi dưỡng, trợ giúp người bệnh HIV/AIDS, phong, lao, tâm thần; người khuyết tật đặc biệt nặng tại các cơ sở điều trị, điều dưỡng, phục hồi chức năng, trợ giúp xã hội","Công việc nguy hiểm, tiếp xúc với vi rút, vi khuẩn gây bệnh, hôi thối, giải quyết nhiều công việc phức tạp, căng thẳng thần kinh tâm lý"
1518,TT 11/2020/TT-BLĐTBXH,XXIX,THƯƠNG BINH VÀ XÃ HỘI,Loại IV,"Nặng nhọc, độc hại, nguy hiểm",9,"Không trực tiếp làm chuyên môn công tác xã hội và y tế; công chức, viên chức công tác xã hội và y tế làm công tác quản lý, phục vụ tại các cơ sở điều trị, điều dưỡng, phục hồi chức năng, trợ giúp xã hội","Công việc tiếp xúc với chất thải, vinh sinh vật; giải quyết nhiều công việc phức tạp, căng thẳng thần kinh tâm lý"
1519,TT 11/2020/TT-BLĐTBXH,XXX,"BÁNH KẸO, BIA, RƯỢU, NƯỚC GIẢI KHÁT",Loại V,"Đặc biệt nặng nhọc, độc hại, nguy hiểm",1,Tráng Parafin trong bể chứa rượu,"Làm việc trong hầm kín, nóng, thiếu oxy, nồng độ hơi cồn cao. Tư thế lao động rất gò bó, công việc thủ công."
1520,TT 11/2020/TT-BLĐTBXH,XXX,"BÁNH KẸO, BIA, RƯỢU, NƯỚC GIẢI KHÁT",Loại V,"Đặc biệt nặng nhọc, độc hại, nguy hiểm",2,Lên men bia trong hầm lạnh,"Công việc thủ công, nặng nhọc, làm việc trong môi trường lạnh (2 - 50C ), ẩm ướt, nồng độ CO2 cao."
1521,TT 11/2020/TT-BLĐTBXH,XXX,"BÁNH KẸO, BIA, RƯỢU, NƯỚC GIẢI KHÁT",Loại IV,"Nặng nhọc, độc hại, nguy hiểm",1,Vận hành máy sản xuất giấy tinh bột,"Nơi làm việc chật hẹp, nóng, thiếu dưỡng khí, độ ẩm vượt tiêu chuẩn vệ sinh cho phép, tư thế làm việc gò bó"
1522,TT 11/2020/TT-BLĐTBXH,XXX,"BÁNH KẸO, BIA, RƯỢU, NƯỚC GIẢI KHÁT",Loại IV,"Nặng nhọc, độc hại, nguy hiểm",2,Nấu kẹo thủ công,"Công việc rất nặng nhọc, tư thế lao động gò bó, thường xuyên chịu tác động của nóng, CO, CO2"
1523,TT 11/2020/TT-BLĐTBXH,XXX,"BÁNH KẸO, BIA, RƯỢU, NƯỚC GIẢI KHÁT",Loại IV,"Nặng nhọc, độc hại, nguy hiểm",3,Nấu kẹo bằng hơi,"Công việc nặng nhọc, làm việc trong môi trường nóng, tư thế lao động gò bó."
1524,TT 11/2020/TT-BLĐTBXH,XXX,"BÁNH KẸO, BIA, RƯỢU, NƯỚC GIẢI KHÁT",Loại IV,"Nặng nhọc, độc hại, nguy hiểm",4,Làm nguội kẹo và quật kẹo thủ công,"Công việc thủ công, nặng nhọc, tư thế lao động gò bó, chịu tác động của nóng."
1525,TT 11/2020/TT-BLĐTBXH,XXX,"BÁNH KẸO, BIA, RƯỢU, NƯỚC GIẢI KHÁT",Loại IV,"Nặng nhọc, độc hại, nguy hiểm",5,Nướng bánh quy và kem xốp thủ công,"Công việc thủ công, nặng nhọc, chịu tác động của nóng."
1526,TT 11/2020/TT-BLĐTBXH,XXX,"BÁNH KẸO, BIA, RƯỢU, NƯỚC GIẢI KHÁT",Loại IV,"Nặng nhọc, độc hại, nguy hiểm",6,"Vận chuyển nguyên liệu nấu rượu, bia, nước giải khát","Công việc thủ công, nặng nhọc, làm việc trong môi trường bụi cao."
1527,TT 11/2020/TT-BLĐTBXH,XXX,"BÁNH KẸO, BIA, RƯỢU, NƯỚC GIẢI KHÁT",Loại IV,"Nặng nhọc, độc hại, nguy hiểm",7,"Xay nghiền nguyên liệu để sản xuất rượu, bia","Chịu tác động của tiếng ồn lớn, bụi nhiều. Công việc bán thủ công."
1528,TT 11/2020/TT-BLĐTBXH,XXX,"BÁNH KẸO, BIA, RƯỢU, NƯỚC GIẢI KHÁT",Loại IV,"Nặng nhọc, độc hại, nguy hiểm",8,Vận hành thiết bị nấu nguyên liệu sản xuất rượu.,"Công việc nặng nhọc, làm việc trong môi trường nhiệt độ cao."
1529,TT 11/2020/TT-BLĐTBXH,XXX,"BÁNH KẸO, BIA, RƯỢU, NƯỚC GIẢI KHÁT",Loại IV,"Nặng nhọc, độc hại, nguy hiểm",9,Đường hóa lên men trong quy trình sản xuất rượu.,"Môi trường lao động ẩm, tiếp xúc với Focmon, CO2, nấm và các hóa chất khác. Tư thế lao động gò bó, công việc nặng nhọc."
1530,TT 11/2020/TT-BLĐTBXH,XXX,"BÁNH KẸO, BIA, RƯỢU, NƯỚC GIẢI KHÁT",Loại IV,"Nặng nhọc, độc hại, nguy hiểm",10,Vận hành thiết bị chưng cất cồn,"Làm việc trong môi trường nhiệt độ cao, tiếp xúc thường xuyên với hơi cồn, aldehyt và các hóa chất độc hại khác."
1531,TT 11/2020/TT-BLĐTBXH,XXX,"BÁNH KẸO, BIA, RƯỢU, NƯỚC GIẢI KHÁT",Loại IV,"Nặng nhọc, độc hại, nguy hiểm",11,"Phân tích kiểm tra chất lượng cồn trong quy trình sản xuất rượu, bia, nước giải khát.",Tiếp xúc thường xuyên với Etylic nồng độ cao và các hóa chất độc.
1532,TT 11/2020/TT-BLĐTBXH,XXX,"BÁNH KẸO, BIA, RƯỢU, NƯỚC GIẢI KHÁT",Loại IV,"Nặng nhọc, độc hại, nguy hiểm",12,Chưng cất hương liệu sản xuất rượu mùi.,"Làm việc trong môi trường nhiệt độ cao, tiếp xúc thường xuyên với cồn và các hương liệu. Tư thế lao động gò bó, công việc nặng nhọc."
1533,TT 11/2020/TT-BLĐTBXH,XXX,"BÁNH KẸO, BIA, RƯỢU, NƯỚC GIẢI KHÁT",Loại IV,"Nặng nhọc, độc hại, nguy hiểm",13,Lên men hoa quả để sản xuất rượu vang.,"Môi trường lao động ẩm ướt, tiếp xúc thường xuyên với các loại vi sinh vật, khí CO2. Tư thế lao động gò bó, công việc thủ công nặng nhọc."
1534,TT 11/2020/TT-BLĐTBXH,XXX,"BÁNH KẸO, BIA, RƯỢU, NƯỚC GIẢI KHÁT",Loại IV,"Nặng nhọc, độc hại, nguy hiểm",14,Vận hành hệ thống máy nén khí lạnh bằng NH3.,"Làm việc trong môi trường nhiệt độ cao, tiếng ồn lớn, tiếp xúc thường xuyên với NH3 ảnh hưởng thần kinh."
1535,TT 11/2020/TT-BLĐTBXH,XXX,"BÁNH KẸO, BIA, RƯỢU, NƯỚC GIẢI KHÁT",Loại IV,"Nặng nhọc, độc hại, nguy hiểm",15,Vận hành thiết bị thu hồi khí CO2 và bảo quản bình chứa CO2.,"Công việc nặng nhọc, độc hại, nguy hiểm, tiếp xúc thường xuyên với CO2"
1536,TT 11/2020/TT-BLĐTBXH,XXX,"BÁNH KẸO, BIA, RƯỢU, NƯỚC GIẢI KHÁT",Loại IV,"Nặng nhọc, độc hại, nguy hiểm",16,"Vận hành thiết bị nấu lọc bia, nước giải khát","Công việc bán thủ công nặng nhọc. Làm việc trong môi trường nhiệt độ cao, tiếng ồn lớn, bụi nhiều."
1537,TT 11/2020/TT-BLĐTBXH,XXX,"BÁNH KẸO, BIA, RƯỢU, NƯỚC GIẢI KHÁT",Loại IV,"Nặng nhọc, độc hại, nguy hiểm",17,"Làm việc trong dây truyền rửa chai, lon rượu, bia, nước giải khát","Thường xuyên tiếp xúc với hóa chất, tiếng ồn, nhiệt độ cao."
1538,TT 11/2020/TT-BLĐTBXH,XXX,"BÁNH KẸO, BIA, RƯỢU, NƯỚC GIẢI KHÁT",Loại IV,"Nặng nhọc, độc hại, nguy hiểm",18,"Bốc xếp thủ công thùng két trong sản xuất rượu, bia, nước giải khát.","Công việc nặng nhọc, tư thế lao động gò bó, tiếp xúc bụi nhiều."
1539,TT 11/2020/TT-BLĐTBXH,XXX,"BÁNH KẸO, BIA, RƯỢU, NƯỚC GIẢI KHÁT",Loại IV,"Nặng nhọc, độc hại, nguy hiểm",19,"Sản xuất hộp catton đựng chai, lon rượu, bia, nước giải khát","Làm việc trong môi trường nóng, bụi, ồn tư thế lao động gò bó."
1540,TT 11/2020/TT-BLĐTBXH,XXX,"BÁNH KẸO, BIA, RƯỢU, NƯỚC GIẢI KHÁT",Loại IV,"Nặng nhọc, độc hại, nguy hiểm",20,Sấy bột kẹo Jelly.,"Công việc thủ công nặng nhọc, đơn điệu; môi trường làm việc nóng, bụi vượt tiêu chuẩn cho phép."
1541,TT 11/2020/TT-BLĐTBXH,XXX,"BÁNH KẸO, BIA, RƯỢU, NƯỚC GIẢI KHÁT",Loại IV,"Nặng nhọc, độc hại, nguy hiểm",21,"Sản xuất giấy tinh bột (xử lý, ly tâm, hồ hóa).",Công việc thủ công nặng nhọc; môi trường làm việc ẩm ướt và nóng.
1542,TT 11/2020/TT-BLĐTBXH,XXXI,DU LỊCH,Loại IV,"Nặng nhọc, độc hại, nguy hiểm",1,"Nấu ăn trong các nhà hàng, khách sạn, các bếp ăn tập thể có từ 100 suất ăn trở lên","Công việc nặng nhọc, nơi làm việc ẩm ướt, thường xuyên chịu tác động của nóng."
1543,TT 11/2020/TT-BLĐTBXH,XXXI,DU LỊCH,Loại IV,"Nặng nhọc, độc hại, nguy hiểm",2,Cứu nạn ở các bãi tắm biển,"Công việc nặng nhọc, nguy hiểm, thường xuyên chịu tác động của sóng gió."
1544,TT 11/2020/TT-BLĐTBXH,XXXI,DU LỊCH,Loại IV,"Nặng nhọc, độc hại, nguy hiểm",3,"Sơ chế thực phẩm phục vụ chế biến các món ăn từ 100 suất ăn trở lên trong nhà hàng, khách sạn","Lao động thủ công nặng nhọc, đứng, cúi khom, di chuyển ngắn liên tục trong ca; tiếp xúc với nóng, ẩm ướt, khí CO2 từ chất đốt."
1545,TT 11/2020/TT-BLĐTBXH,XXXI,DU LỊCH,Loại IV,"Nặng nhọc, độc hại, nguy hiểm",4,"Rửa bát đũa và đồ dùng ăn uống trong các nhà hàng, khách sạn.","Công việc nặng nhọc, khẩn chương, liên tục; đứng, cúi suốt ca; chịu ảnh hưởng của nóng, ẩm ướt và hóa chất tẩy rửa."
1546,TT 11/2020/TT-BLĐTBXH,XXXI,DU LỊCH,Loại IV,"Nặng nhọc, độc hại, nguy hiểm",5,"Bảo quản, cấp phát, vận chuyển thực phẩm trong kho lạnh.","Chịu tác động nóng, lạnh (dưới 0 0C) đột ngột; vận chuyển thực phẩm nhiều lần trong ca làm việc."
1547,TT 11/2020/TT-BLĐTBXH,XXXI,DU LỊCH,Loại IV,"Nặng nhọc, độc hại, nguy hiểm",6,"Vệ sinh nhà bếp, cống rãnh khách sạn.","Công việc nặng nhọc, không cố định; tiếp xúc bụi bẩn, ẩm ướt, khí CO2 và nấm mốc vi sinh."
1548,TT 11/2020/TT-BLĐTBXH,XXXI,DU LỊCH,Loại IV,"Nặng nhọc, độc hại, nguy hiểm",7,"Giặt, là thủ công trong khách sạn.","Công việc nặng nhọc, thủ công; tiếp xúc trực tiếp với nóng, ẩm ướt và thuốc tẩy rửa: sút, a xit..."
1549,TT 11/2020/TT-BLĐTBXH,XXXI,DU LỊCH,Loại IV,"Nặng nhọc, độc hại, nguy hiểm",8,Lái xe ô tô du lịch từ 40 chỗ ngồi trở lên,"Lưu động, nguy hiểm, căng thẳng thần kinh, chịu tác động của ồn, rung, hơi xăng."
1550,TT 11/2020/TT-BLĐTBXH,XXXII,NGÂN HÀNG,Loại V,"Đặc biệt nặng nhọc, độc hại, nguy hiểm",1,Sản xuất lô in tiền,"Chịu tác động của nhiệt độ cao và nhiều loại hóa chất độc bảng A, nguy hiểm."
1551,TT 11/2020/TT-BLĐTBXH,XXXII,NGÂN HÀNG,Loại V,"Đặc biệt nặng nhọc, độc hại, nguy hiểm",2,Sản xuất bản in tiền.,"Chịu tác động của axít cromic, axít sunfuric vượt tiêu chuẩn cho phép nhiều lần"
1552,TT 11/2020/TT-BLĐTBXH,XXXII,NGÂN HÀNG,Loại V,"Đặc biệt nặng nhọc, độc hại, nguy hiểm",3,"Vận hành máy in tiền, máy in xổ số cào.",Chịu tác động của tiếng ồn cao và nhiều loại hóa chất độc mạnh vượt tiêu chuẩn cho phép.
1553,TT 11/2020/TT-BLĐTBXH,XXXII,NGÂN HÀNG,Loại V,"Đặc biệt nặng nhọc, độc hại, nguy hiểm",4,Xử lý nước thải nhà máy in tiền.,"Chịu tác động của nhiều loại hóa chất độc mạnh như: axít sunfuric, a xít cromic, fery xianua"
1554,TT 11/2020/TT-BLĐTBXH,XXXII,NGÂN HÀNG,Loại V,"Đặc biệt nặng nhọc, độc hại, nguy hiểm",5,Thủ kho và phụ kho tiền Ngân hàng Trung ương (kho có diện tích từ 2000m2 trở lên).,"Công việc nặng nhọc, nơi làm việc kém thông thoáng (O2 thấp hơn tiêu chuẩn cho phép nhiều) chịu tác động của hóa chất chống mối, mọt và CO2."
1555,TT 11/2020/TT-BLĐTBXH,XXXII,NGÂN HÀNG,Loại V,"Đặc biệt nặng nhọc, độc hại, nguy hiểm",6,Tiêu hủy tiền rách nát,"Nơi làm việc chật hẹp, công việc nặng nhọc, chịu tác động của ồn, bụi (tạp chất, nấm và vi khuẩn gây bệnh)."
1556,TT 11/2020/TT-BLĐTBXH,XXXII,NGÂN HÀNG,Loại IV,"Nặng nhọc, độc hại, nguy hiểm",1,"Vận hành máy cắt, máy đóng gói tiền.","Nơi làm việc kém thông thoáng, chịu tác động của dư lượng hóa chất in tiền (dung môi, oxyt kim loại...) vượt tiêu chuẩn cho phép."
1557,TT 11/2020/TT-BLĐTBXH,XXXII,NGÂN HÀNG,Loại IV,"Nặng nhọc, độc hại, nguy hiểm",2,"Kiểm chọn, đóng gói tiền mới in.","Nơi làm việc kém thông thoáng, căng thẳng thị giác, chịu tác động trực tiếp của dư lượng hóa chất in tiền."
1558,TT 11/2020/TT-BLĐTBXH,XXXII,NGÂN HÀNG,Loại IV,"Nặng nhọc, độc hại, nguy hiểm",3,"Thủ kho, bảo quản, giao nhận giấy in tiền và tiền mới in","Nơi làm việc chật chội, kém thông thoáng, ảnh hưởng của hóa chất bảo vệ trong giấy và dư lượng hóa chất ở tiền mới in."
1559,TT 11/2020/TT-BLĐTBXH,XXXII,NGÂN HÀNG,Loại IV,"Nặng nhọc, độc hại, nguy hiểm",4,Vệ sinh công nghiệp nhà máy in tiền.,"Công việc thủ công, nặng nhọc, chịu tác động của dung môi, hóa chất in tiền vượt tiêu chuẩn cho phép."
1560,TT 11/2020/TT-BLĐTBXH,XXXII,NGÂN HÀNG,Loại IV,"Nặng nhọc, độc hại, nguy hiểm",5,"Thủ kho, phụ kho ngân hàng tỉnh, thành phố trực thuộc Trung ương (diện tích kho dưới 2000 m2).","Nơi làm việc chật hẹp, kém thông thoáng (O2 thấp hơn tiêu chuẩn cho phép) chịu tác động của hóa chất chống mối mọt và CO2..."
1561,TT 11/2020/TT-BLĐTBXH,XXXII,NGÂN HÀNG,Loại IV,"Nặng nhọc, độc hại, nguy hiểm",6,"Kiểm ngân, thủ quỹ ngân hàng.","Công việc bận rộn, nhịp điệu cử động cao, căng thẳng thị giác, chịu tác động của bụi nồng độ cao (bụi tổng hợp, nấm, vi sinh vật có hại)"
1562,TT 11/2020/TT-BLĐTBXH,XXXII,NGÂN HÀNG,Loại IV,"Nặng nhọc, độc hại, nguy hiểm",7,"Phân kim, chế tác vàng, bạc","Tư thế lao động gò bó, căng thẳng thị giác, ảnh hưởng của nóng và các hóa chất độc."
1563,TT 11/2020/TT-BLĐTBXH,XXXII,NGÂN HÀNG,Loại IV,"Nặng nhọc, độc hại, nguy hiểm",8,"Nung, chế tác đá quý.","Tư thế làm việc gò bó, nhịp điệu cử động cao, căng thẳng thị giác, ảnh hưởng của bụi đá và hóa chất độc mạnh (HF)."
1564,TT 11/2020/TT-BLĐTBXH,XXXII,NGÂN HÀNG,Loại IV,"Nặng nhọc, độc hại, nguy hiểm",9,"Kiểm định, phân loại đá quý.","Công việc tỷ mỷ, căng thẳng thị giác, chịu tác động của ánh sáng mạnh, tia cực tím và hóa chất độc mạnh (HF)."
1565,TT 11/2020/TT-BLĐTBXH,XXXII,NGÂN HÀNG,Loại IV,"Nặng nhọc, độc hại, nguy hiểm",10,Vẽ mẫu giấy bạc.,"Tư thế làm việc gò bó, căng thẳng chú ý và mệt mỏi thần kinh tâm lý, công việc đòi hỏi nhiều động tác tỷ mỷ."
1566,TT 11/2020/TT-BLĐTBXH,XXXIII,SẢN XUẤT GIẤY,Loại V,"Đặc biệt nặng nhọc, độc hại, nguy hiểm",1,"Vận hành, sửa chữa máy điện giải và kiểm nghiệm xút-clo","Công việc nặng nhọc, độc hại, thường xuyên tiếp xúc với bụi amiăng và hóa chất độc hại."
1567,TT 11/2020/TT-BLĐTBXH,XXXIII,SẢN XUẤT GIẤY,Loại V,"Đặc biệt nặng nhọc, độc hại, nguy hiểm",2,Vận hành lò hơi thu hồi (đốt bằng dịch đen).,"Công việc nặng nhọc, nguy hiểm, thường xuyên tiếp xúc với hóa chất độc."
1568,TT 11/2020/TT-BLĐTBXH,XXXIII,SẢN XUẤT GIẤY,Loại V,"Đặc biệt nặng nhọc, độc hại, nguy hiểm",3,"Xúc, vận chuyển, cấp vôi bột thủ công để điều chế dịch vôi","Công việc thủ công, nặng nhọc, thường xuyên tiếp xúc với bụi vôi vượt tiêu chuẩn cho phép nhiều lần"
1569,TT 11/2020/TT-BLĐTBXH,XXXIII,SẢN XUẤT GIẤY,Loại IV,"Nặng nhọc, độc hại, nguy hiểm",1,"Vận chuyển nguyên liệu (tre gỗ, nứa, bột thải) bằng thủ công.","Làm việc ngoài trời, công việc thủ công nặng nhọc, tư thế lao động gò bó, chịu tác động của ồn, bụi."
1570,TT 11/2020/TT-BLĐTBXH,XXXIII,SẢN XUẤT GIẤY,Loại IV,"Nặng nhọc, độc hại, nguy hiểm",2,"Vận hành máy bóc vỏ gỗ, máy nạp, chặt, sàng nguyên liệu.","Làm việc trên sàn cao, tư thế lao động gò bó, chịu tác động của bụi và ồn vượt tiêu chuẩn cho phép nhiều lần."
1571,TT 11/2020/TT-BLĐTBXH,XXXIII,SẢN XUẤT GIẤY,Loại IV,"Nặng nhọc, độc hại, nguy hiểm",3,Sản xuất bột giấy bằng phương pháp hóa nhiệt cơ.,"Công việc nặng nhọc, chịu tác động của tiếng ồn, nóng, bụi và các chất độc."
1572,TT 11/2020/TT-BLĐTBXH,XXXIII,SẢN XUẤT GIẤY,Loại IV,"Nặng nhọc, độc hại, nguy hiểm",4,Vận hành máy xeo giấy.,"Đứng quan sát suốt ca làm việc, chịu tác động của nóng, ồn và bụi."
1573,TT 11/2020/TT-BLĐTBXH,XXXIII,SẢN XUẤT GIẤY,Loại IV,"Nặng nhọc, độc hại, nguy hiểm",5,"Cuộn lại, cắt giấy vệ sinh bán thủ công.","Công việc nặng nhọc, tư thế lao động gò bó, chịu tác động của tiếng ồn, bụi."
1574,TT 11/2020/TT-BLĐTBXH,XXXIII,SẢN XUẤT GIẤY,Loại IV,"Nặng nhọc, độc hại, nguy hiểm",6,Vận hành máy tráng phấn giấy.,"Công việc nặng nhọc, nguy hiểm, chịu tác động của nhiệt độ cao, hóa chất độc."
1575,TT 11/2020/TT-BLĐTBXH,XXXIII,SẢN XUẤT GIẤY,Loại IV,"Nặng nhọc, độc hại, nguy hiểm",7,Sản xuất keo tráng phấn giấy.,"Công việc nặng nhọc, tư thế lao động gò bó, chịu tác động của bụi, ồn và nhiều loại hóa chất độc."
1576,TT 11/2020/TT-BLĐTBXH,XXXIII,SẢN XUẤT GIẤY,Loại IV,"Nặng nhọc, độc hại, nguy hiểm",8,Sản xuất vôi.,"Thường xuyên chịu tác động của nóng, ồn và bụi nồng độ rất cao."
1577,TT 11/2020/TT-BLĐTBXH,XXXIII,SẢN XUẤT GIẤY,Loại IV,"Nặng nhọc, độc hại, nguy hiểm",9,"Chưng bốc, xút hóa.","Phải đi lại nhiều, chịu tác động của nóng, bụi vôi và hóa chất độc."
1578,TT 11/2020/TT-BLĐTBXH,XXXIII,SẢN XUẤT GIẤY,Loại IV,"Nặng nhọc, độc hại, nguy hiểm",10,"Vệ sinh công nghiệp khu vực chưng bốc, xút hóa.","Công việc thủ công, nặng nhọc, tư thế lao động gò bó, chịu tác động của nóng, bụi và hóa chất."
1579,TT 11/2020/TT-BLĐTBXH,XXXIII,SẢN XUẤT GIẤY,Loại IV,"Nặng nhọc, độc hại, nguy hiểm",11,Đổ muối sunphát (Na2SO4) vào lò thu hồi.,"Công việc thủ công, nặng nhọc, tư thế lao động gò bó, tiếp xúc với hóa chất."
1580,TT 11/2020/TT-BLĐTBXH,XXXIII,SẢN XUẤT GIẤY,Loại IV,"Nặng nhọc, độc hại, nguy hiểm",12,Vận hành hệ thống xử lý nước thải.,"Nơi làm việc hôi thối, chịu tác động của ồn và các hóa chất (NaOH, H2SO4, H2S)."
1581,TT 11/2020/TT-BLĐTBXH,XXXIII,SẢN XUẤT GIẤY,Loại IV,"Nặng nhọc, độc hại, nguy hiểm",13,Vận hành máy mài lô.,"Công việc nặng nhọc, chịu tác động của ồn, bụi vợt tiêu chuẩn cho phép nhiều lần."
1582,TT 11/2020/TT-BLĐTBXH,XXXIII,SẢN XUẤT GIẤY,Loại IV,"Nặng nhọc, độc hại, nguy hiểm",14,"Sửa chữa, hàn ống nhựa PVC và derakene.","Tư thế lao động gò bó, tiếp xúc với bụi bông thủy tinh và hóa chất độc."
1583,TT 11/2020/TT-BLĐTBXH,XXXIII,SẢN XUẤT GIẤY,Loại IV,"Nặng nhọc, độc hại, nguy hiểm",15,Vận hành máy thủy lực ép gỗ dán.,"Công việc nặng nhọc, tư thế lao động gò bó, chịu tác động của hóa chất độc."
1584,TT 11/2020/TT-BLĐTBXH,XXXIII,SẢN XUẤT GIẤY,Loại IV,"Nặng nhọc, độc hại, nguy hiểm",16,Cắt cạnh gỗ dán.,"Công việc nặng nhọc, chịu tác động của ồn lớn và bụi nồng độ cao."
1585,TT 11/2020/TT-BLĐTBXH,XXXIII,SẢN XUẤT GIẤY,Loại IV,"Nặng nhọc, độc hại, nguy hiểm",17,Đánh bóng bề mặt gỗ dán.,"Công việc nặng nhọc, tư thế lao động gò bó, chịu tác động của bụi, ồn."
1586,TT 11/2020/TT-BLĐTBXH,XXXIII,SẢN XUẤT GIẤY,Loại IV,"Nặng nhọc, độc hại, nguy hiểm",18,"Pha chế, tráng keo phenol.",Thường xuyên tiếp xúc với hóa chất độc mạnh.
1587,TT 11/2020/TT-BLĐTBXH,XXXIII,SẢN XUẤT GIẤY,Loại IV,"Nặng nhọc, độc hại, nguy hiểm",19,Vận hành máy nghiền bột giấy.,"Chịu tác động của hóa chất, ồn và bụi."
1588,TT 11/2020/TT-BLĐTBXH,XXXIII,SẢN XUẤT GIẤY,Loại IV,"Nặng nhọc, độc hại, nguy hiểm",20,"Điều chế phụ gia, hóa chất để phối chế sản xuất giấy.",Thường xuyên tiếp xúc với hóa chất độc.
1589,TT 11/2020/TT-BLĐTBXH,XXXIII,SẢN XUẤT GIẤY,Loại IV,"Nặng nhọc, độc hại, nguy hiểm",21,"Trồng, chăm sóc và khai thác rừng (trong các lâm trường nguyên liệu giấy).","Làm việc ngoài trời; công việc thủ công, nặng nhọc; tiếp xúc với côn trùng gây bệnh."
1590,TT 11/2020/TT-BLĐTBXH,XXXIV,THỦY SẢN,Loại VI,"Đặc biệt nặng nhọc, độc hại, nguy hiểm",1,"Vận hành, sửa chữa, bảo dưỡng máy tàu đánh cá ngoài khơi và ven biển.","Công việc rất nặng nhọc, nguy hiểm, tư thế làm việc gò bó, chịu tác động của nóng, rung, xăng, dầu và tiếng ồn rất cao."
1591,TT 11/2020/TT-BLĐTBXH,XXXIV,THỦY SẢN,Loại VI,"Đặc biệt nặng nhọc, độc hại, nguy hiểm",2,"Vận hành, sửa chữa, bảo dưỡng máy tàu kiểm ngư, tàu nghiên cứu nguồn lợi hải sản","Công việc rất nặng nhọc, nguy hiểm, chịu tác động của rụng và ồn rất cao."
1592,TT 11/2020/TT-BLĐTBXH,XXXIV,THỦY SẢN,Loại VI,"Đặc biệt nặng nhọc, độc hại, nguy hiểm",3,Lặn bắt các loại hải sản tự nhiên dưới đáy biển,Công việc rất nặng nhọc và rất nguy hiểm.
1593,TT 11/2020/TT-BLĐTBXH,XXXIV,THỦY SẢN,Loại VI,"Đặc biệt nặng nhọc, độc hại, nguy hiểm",4,Bốc xếp thủ công ở dưới các hầm tàu đánh cá biển,"Công việc rất nặng nhọc, nơi làm việc chật hẹp, thiếu dưỡng khí, tư thế làm việc gò bó."
1594,TT 11/2020/TT-BLĐTBXH,XXXIV,THỦY SẢN,Loại VI,"Đặc biệt nặng nhọc, độc hại, nguy hiểm",5,Lặn biển (thuộc nghề nuôi cá lồng biển).,Thường xuyên lặn sâu trên 10 mét để kiểm tra lồng.
1595,TT 11/2020/TT-BLĐTBXH,XXXIV,THỦY SẢN,Loại V,"Đặc biệt nặng nhọc, độc hại, nguy hiểm",1,"Cán bộ, thuyền viên làm việc trên tàu đánh bắt hải sản ngoài khơi và ven biển.","Công việc nặng nhọc, nguy hiểm, chịu động của sóng, gió, ồn, rung."
1596,TT 11/2020/TT-BLĐTBXH,XXXIV,THỦY SẢN,Loại V,"Đặc biệt nặng nhọc, độc hại, nguy hiểm",2,Khai thác tổ yến.,"Thường xuyên làm việc ngoài đảo xa, công việc nặng nhọc, rất nguy hiểm."
1597,TT 11/2020/TT-BLĐTBXH,XXXIV,THỦY SẢN,Loại V,"Đặc biệt nặng nhọc, độc hại, nguy hiểm",3,"Vận hành máy xay, nghiền, sấy phế liệu hải sản làm thức ăn gia súc.","Làm việc trong môi trường hôi thối, bẩn thỉu tiếp xúc với nóng, ồn, bụi, nấm và vi sinh vật gây bệnh."
1598,TT 11/2020/TT-BLĐTBXH,XXXIV,THỦY SẢN,Loại V,"Đặc biệt nặng nhọc, độc hại, nguy hiểm",4,"Cán bộ, thuyền viên làm việc trên tàu kiểm ngư, tàu nghiên cứu nguồn lợi hải sản","Công việc nặng nhọc, nguy hiểm chịu tác động của sóng gió, ồn, rung."
1599,TT 11/2020/TT-BLĐTBXH,XXXIV,THỦY SẢN,Loại V,"Đặc biệt nặng nhọc, độc hại, nguy hiểm",5,"Bốc dỡ đá cây, thùng đá lên xuống tàu đánh cá biển","Công việc rất nặng nhọc, nơi làm việc chật trội, tư thế làm việc gò bó."
1600,TT 11/2020/TT-BLĐTBXH,XXXIV,THỦY SẢN,Loại V,"Đặc biệt nặng nhọc, độc hại, nguy hiểm",6,"Làm việc thường xuyên trong hầm, kho đông lạnh.","Công việc nặng nhọc, tư thế lao động gò bó, nơi làm việc chật hẹp, rất lạnh."
1601,TT 11/2020/TT-BLĐTBXH,XXXIV,THỦY SẢN,Loại V,"Đặc biệt nặng nhọc, độc hại, nguy hiểm",7,"Khai thác nguyên liệu, sản xuất thuốc kích dục cá đẻ.","Thường xuyên tiếp xúc với các hóa chất độc như: H2SO4, Axêtôn, Axít Benzoic."
1602,TT 11/2020/TT-BLĐTBXH,XXXIV,THỦY SẢN,Loại V,"Đặc biệt nặng nhọc, độc hại, nguy hiểm",8,"Lắp đặt, sửa chữa thiết bị cơ điện lạnh, đường ống, van kết trong hầm tàu đánh cá biển.","Công việc nặng nhọc, nơi làm việc chật hẹp, tư thế lao động rất gò bó, tiếp xúc với các vi sinh vật gây bệnh."
1603,TT 11/2020/TT-BLĐTBXH,XXXIV,THỦY SẢN,Loại V,"Đặc biệt nặng nhọc, độc hại, nguy hiểm",9,"Cán bộ, thuyền viên làm việc trên tàu thu mua, vận tải thủy sản trên biển.","Công việc nặng nhọc, nguy hiểm, chịu tác động của sóng, gió, ồn, rung; tiếp xúc với thủy sản tanh, hôi."
1604,TT 11/2020/TT-BLĐTBXH,XXXIV,THỦY SẢN,Loại V,"Đặc biệt nặng nhọc, độc hại, nguy hiểm",10,Nuôi cá lồng trên biển (thuộc nghề nuôi cá lồng biển).,"Lao động trên biển, thường xuyên chịu ảnh hưởng sóng biển, gió lốc bất ngờ."
1605,TT 11/2020/TT-BLĐTBXH,XXXIV,THỦY SẢN,Loại V,"Đặc biệt nặng nhọc, độc hại, nguy hiểm",11,"Thu hoạch cá tra, basa.","Làm việc ngoài trời, dưới nước; thường xuyên khuân vác nặng, nguy hiểm."
1606,TT 11/2020/TT-BLĐTBXH,XXXIV,THỦY SẢN,Loại IV,"Nặng nhọc, độc hại, nguy hiểm",1,Nuôi trai lấy ngọc.,"Làm việc ngoài trời, công việc nặng nhọc, thường xuyên phải ngâm mình dưới nước."
1607,TT 11/2020/TT-BLĐTBXH,XXXIV,THỦY SẢN,Loại IV,"Nặng nhọc, độc hại, nguy hiểm",2,"Chế biến thủy, hải sản đông lạnh","Phải đứng suốt ca làm việc, thường xuyên tiếp xúc với nước lạnh, nơi làm việc lầy lội, ẩm ướt."
1608,TT 11/2020/TT-BLĐTBXH,XXXIV,THỦY SẢN,Loại IV,"Nặng nhọc, độc hại, nguy hiểm",3,"Vận hành hệ thống thiết bị chế biến thủy, hải sản","Tư thế lao động gò bó, thường xuyên tiếp xúc với nóng, ồn, nơi làm việc ẩm ướt."
1609,TT 11/2020/TT-BLĐTBXH,XXXIV,THỦY SẢN,Loại IV,"Nặng nhọc, độc hại, nguy hiểm",4,"Vận hành, sửa chữa, bảo dưỡng hệ thống lạnh, kho lạnh, hệ thống sản xuất đá cây, đá vẩy.","Công việc nặng nhọc, tư thế lao động gò bó, thường xuyên tiếp xúc với lạnh."
1610,TT 11/2020/TT-BLĐTBXH,XXXIV,THỦY SẢN,Loại IV,"Nặng nhọc, độc hại, nguy hiểm",5,"Chế biến chượp, mắm tôm, mắm kem, nước mắm, thủy, hải sản khô; xúc rửa bao bì, bể chượp.","Công việc nặng nhọc, tư thế lao động gò bó, nơi làm việc lầy lội, ẩm ướt."
1611,TT 11/2020/TT-BLĐTBXH,XXXIV,THỦY SẢN,Loại IV,"Nặng nhọc, độc hại, nguy hiểm",6,Trực tiếp chỉ đạo kỹ thuật sản xuất thuốc kích dục cá đẻ.,"Chịu tác động của các hóa chất độc như: H2SO4, Axêtôn, axít Benzoic."
1612,TT 11/2020/TT-BLĐTBXH,XXXIV,THỦY SẢN,Loại IV,"Nặng nhọc, độc hại, nguy hiểm",7,Sửa chữa thiết bị đánh bắt hải sản,"Công việc thủ công, nặng nhọc, tư thế lao động gò bó thường xuyên tiếp xúc với vi sinh vật gây bệnh."
1613,TT 11/2020/TT-BLĐTBXH,XXXIV,THỦY SẢN,Loại IV,"Nặng nhọc, độc hại, nguy hiểm",8,"Nuôi trồng, đánh bắt thủy sản ở sông, hồ, đầm.","Công việc rất nặng nhọc, nguy hiểm, thường xuyên tiếp xúc với vi sinh vật gây bệnh."
1614,TT 11/2020/TT-BLĐTBXH,XXXIV,THỦY SẢN,Loại IV,"Nặng nhọc, độc hại, nguy hiểm",9,"Căng hấp, nhuộm lưới","Công việc rất nặng nhọc, thường xuyên chịu tác động của nhiệt độ cao và hóa chất độc."
1615,TT 11/2020/TT-BLĐTBXH,XXXIV,THỦY SẢN,Loại IV,"Nặng nhọc, độc hại, nguy hiểm",10,"Vận hành, sửa chữa, bảo dưỡng các thiết bị sản xuất, tái sinh cước","Tư thế làm việc gò bó, chịu tác động của ồn và hóa chất độc."
1616,TT 11/2020/TT-BLĐTBXH,XXXIV,THỦY SẢN,Loại IV,"Nặng nhọc, độc hại, nguy hiểm",11,Đánh dĩa sang chỉ trong sản xuất sợi đan lưới,"Công việc đơn điệu, căng thẳng thị giác, tiếp xúc với tiếng ồn và bụi."
1617,TT 11/2020/TT-BLĐTBXH,XXXIV,THỦY SẢN,Loại IV,"Nặng nhọc, độc hại, nguy hiểm",12,Đánh dây lưới bằng máy và thủ công,"Công việc nặng nhọc, tư thế lao động gò bó, chịu tác động của bụi, ồn."
1618,TT 11/2020/TT-BLĐTBXH,XXXIV,THỦY SẢN,Loại IV,"Nặng nhọc, độc hại, nguy hiểm",13,"Hóa nghiệm, phân tích chất lượng sản phẩm thủy, hải sản",Thường xuyên tiếp xúc với các hóa chất độc.
1619,TT 11/2020/TT-BLĐTBXH,XXXIV,THỦY SẢN,Loại IV,"Nặng nhọc, độc hại, nguy hiểm",14,"Sản xuất thức ăn cho tôm, cá.","Công việc nặng nhọc, chịu tác động của bụi và ồn."
1620,TT 11/2020/TT-BLĐTBXH,XXXIV,THỦY SẢN,Loại IV,"Nặng nhọc, độc hại, nguy hiểm",15,"Sản xuất Chitin, Chitozan, Gelatin Alginat, Aga-aga","Công việc nặng nhọc, làm việc ngoài trời, thường xuyên tiếp xúc với kiềm, axít và thuốc tẩy zaven."
1621,TT 11/2020/TT-BLĐTBXH,XXXIV,THỦY SẢN,Loại IV,"Nặng nhọc, độc hại, nguy hiểm",16,Pha trộn các hợp chất Pasta làm gioăng nắp hộp; tráng véc ni thân nắp hộp đồ hộp,"Thường xuyên tiếp xúc với NH3, sơn và dung môi hữu cơ."
1622,TT 11/2020/TT-BLĐTBXH,XXXIV,THỦY SẢN,Loại IV,"Nặng nhọc, độc hại, nguy hiểm",17,"Sản xuất, trực tiếp chỉ đạo sản xuất giống tôm, cá, nhuyễn thể và các thủy, hải sản khác.","Công việc nặng nhọc, làm việc ngoài trời, trong đầm, sông, hồ..."
1623,TT 11/2020/TT-BLĐTBXH,XXXIV,THỦY SẢN,Loại IV,"Nặng nhọc, độc hại, nguy hiểm",18,"Lấy mẫu và phân tích mẫu nước, mẫu sinh vật; xử lý mẫu tiêu bản","Thường xuyên tiếp xúc với H2SO4, HCl..."
1624,TT 11/2020/TT-BLĐTBXH,XXXIV,THỦY SẢN,Loại IV,"Nặng nhọc, độc hại, nguy hiểm",19,Vận hành máy dệt lưới,"Công việc nặng nhọc, chịu tác động của ồn."
1625,TT 11/2020/TT-BLĐTBXH,XXXIV,THỦY SẢN,Loại IV,"Nặng nhọc, độc hại, nguy hiểm",20,"Sấy, pha chế, kiểm mẫu viên dầu cá","Thường xuyên tiếp xúc với nóng, cồn và Axeton."
1626,TT 11/2020/TT-BLĐTBXH,XXXIV,THỦY SẢN,Loại IV,"Nặng nhọc, độc hại, nguy hiểm",21,"Vệ sinh công nghiệp nhà máy chế biến thủy, hải sản","Công việc thủ công, nặng nhọc, tư thế lao động gò bó, thường xuyên tiếp xúc với các vi sinh vật gây bệnh."
1627,TT 11/2020/TT-BLĐTBXH,XXXIV,THỦY SẢN,Loại IV,"Nặng nhọc, độc hại, nguy hiểm",22,Nuôi tôm hùm lồng,Thường xuyên lặn sâu 5 - 8 mét
1628,TT 11/2020/TT-BLĐTBXH,XXXV,DẦU KHÍ,Loại VI,"Đặc biệt nặng nhọc, độc hại, nguy hiểm",1,Khoan dầu khí trên các giàn khoan ngoài biển,"Làm việc ngoài trời, công việc rất nặng nhọc, nguy hiểm, chịu tác động của ồn, rung, hóa chất độc, sóng, gió."
1629,TT 11/2020/TT-BLĐTBXH,XXXV,DẦU KHÍ,Loại VI,"Đặc biệt nặng nhọc, độc hại, nguy hiểm",2,Sửa chữa giếng khoan dầu khí trên các giàn khoan ngoài biển,"Làm việc ngoài trời, công việc nặng nhọc, rất nguy hiểm, chịu tác động của ồn, rung, hóa chất độc."
1630,TT 11/2020/TT-BLĐTBXH,XXXV,DẦU KHÍ,Loại VI,"Đặc biệt nặng nhọc, độc hại, nguy hiểm",3,Chống ăn mòn các công trình dầu khí ngoài biển,"Công việc nặng nhọc, nguy hiểm chịu tác động của bụi, hóa chất độc, ồn, rung, sóng và gió."
1631,TT 11/2020/TT-BLĐTBXH,XXXV,DẦU KHÍ,Loại VI,"Đặc biệt nặng nhọc, độc hại, nguy hiểm",4,"Vận hành, sửa chữa, bảo dưỡng máy tàu chứa dầu","Công việc rất nặng nhọc, nguy hiểm, nơi làm việc chật hẹp, tư thế lao động gò bó, chịu tác động của rung và ồn cao."
1632,TT 11/2020/TT-BLĐTBXH,XXXV,DẦU KHÍ,Loại VI,"Đặc biệt nặng nhọc, độc hại, nguy hiểm",5,Thợ lặn dầu khí,"Công việc rất nặng nhọc, rất nguy hiểm, chịu tác động của áp suất cao."
1633,TT 11/2020/TT-BLĐTBXH,XXXV,DẦU KHÍ,Loại VI,"Đặc biệt nặng nhọc, độc hại, nguy hiểm",6,"Địa vật lý (Karota, định lượng xạ) giếng khoan dầu khí trên các giàn khoan ngoài biển","Công việc nguy hiểm, chịu tác động của chất phóng xạ, ồn, rung."
1634,TT 11/2020/TT-BLĐTBXH,XXXV,DẦU KHÍ,Loại VI,"Đặc biệt nặng nhọc, độc hại, nguy hiểm",7,Vận hành hệ thống thiết bị khoan dầu khí trên sa mạc.,"Làm việc ngoài trời, trên sa mạc, công việc rất nặng nhọc, nguy hiểm, chịu tác động của ồn, rung, hóa chất."
1635,TT 11/2020/TT-BLĐTBXH,XXXV,DẦU KHÍ,Loại VI,"Đặc biệt nặng nhọc, độc hại, nguy hiểm",8,Vận hành hệ thống thiết bị khoan dầu khí trên đầm lầy.,"Làm việc ngoài trời, trên đầm lầy, công việc rất nặng nhọc, nguy hiểm, chịu tác động của ồn, rung, hóa chất."
1636,TT 11/2020/TT-BLĐTBXH,XXXV,DẦU KHÍ,Loại VI,"Đặc biệt nặng nhọc, độc hại, nguy hiểm",9,"Vận hành hệ thống thiết bị khoan dầu khí trên giàn tự nâng, giàn nửa nổi nửa chìm, tàu khoan.","Làm việc ngoài trời, trên biển, chịu tác động của ồn, rung, hóa chất."
1637,TT 11/2020/TT-BLĐTBXH,XXXV,DẦU KHÍ,Loại VI,"Đặc biệt nặng nhọc, độc hại, nguy hiểm",10,Địa vật lý giếng khoan dầu khí trên sa mạc.,"Làm việc ngoài trời, trên sa mạc, công việc rất nặng nhọc, nguy hiểm, chịu tác động của chất phóng xạ, ồn, rung."
1638,TT 11/2020/TT-BLĐTBXH,XXXV,DẦU KHÍ,Loại VI,"Đặc biệt nặng nhọc, độc hại, nguy hiểm",11,Địa vật lý giếng khoan dầu khí trên đầm lầy.,"Làm việc ngoài trời, trên đầm lầy, công việc rất nặng nhọc, nguy hiểm, chịu tác động của chất phóng xạ, ồn, rung."
1639,TT 11/2020/TT-BLĐTBXH,XXXV,DẦU KHÍ,Loại VI,"Đặc biệt nặng nhọc, độc hại, nguy hiểm",12,"Địa vật lý giếng khoan dầu khí trên giàn tự nâng, giàn nửa nổi nửa chìm, giàn nhẹ, tàu khoan.","Làm việc ngoài trời, trên biển, công việc rất nặng nhọc, nguy hiểm, chịu tác động của chất phóng xạ, ồn, rung."
1640,TT 11/2020/TT-BLĐTBXH,XXXV,DẦU KHÍ,Loại VI,"Đặc biệt nặng nhọc, độc hại, nguy hiểm",13,Sửa chữa giếng khoan dầu khí trên các giàn khoan ở sa mạc.,"Làm việc ngoài trời, trên sa mạc, công việc nặng nhọc, rất nguy hiểm, chịu tác động của ồn, rung, hóa chất độc."
1641,TT 11/2020/TT-BLĐTBXH,XXXV,DẦU KHÍ,Loại VI,"Đặc biệt nặng nhọc, độc hại, nguy hiểm",14,Sửa chữa giếng khoan dầu khí trên các giàn khoan ở đầm lầy.,"Làm việc ngoài trời, trên đầm lầy, công việc nặng nhọc, rất nguy hiểm, chịu tác động của ồn, rung, hóa chất độc."
1642,TT 11/2020/TT-BLĐTBXH,XXXV,DẦU KHÍ,Loại VI,"Đặc biệt nặng nhọc, độc hại, nguy hiểm",15,"Sửa chữa giếng khoan dầu khí trên các giàn tự nâng, giàn nửa nổi nửa chìm, tàu khoan.","Làm việc ngoài trời, trên biển, công việc nặng nhọc, rất nguy hiểm, chịu tác động của ồn, rung, hóa chất độc."
1643,TT 11/2020/TT-BLĐTBXH,XXXV,DẦU KHÍ,Loại VI,"Đặc biệt nặng nhọc, độc hại, nguy hiểm",16,"Vận hành, sửa chữa, bảo dưỡng máy tàu khoan.","Công việc rất nặng nhọc, nguy hiểm, nơi làm việc chật hẹp, tư thế lao động gò bó, chịu tác động của rung, ồn, hơi khí độc."
1644,TT 11/2020/TT-BLĐTBXH,XXXV,DẦU KHÍ,Loại VI,"Đặc biệt nặng nhọc, độc hại, nguy hiểm",17,Chống ăn mòn công trình dầu khí trên vùng sa mạc.,"Làm việc ngoài trời, trên sa mạc, công việc nặng nhọc, nguy hiểm, chịu tác động của bụi, ồn, hóa chất độc."
1645,TT 11/2020/TT-BLĐTBXH,XXXV,DẦU KHÍ,Loại VI,"Đặc biệt nặng nhọc, độc hại, nguy hiểm",18,Chống ăn mòn công trình dầu khí vùng đầm lầy.,"Làm việc ngoài trời, trên đầm lầy, công việc nặng nhọc, nguy hiểm, chịu tác động của bụi, ồn, hóa chất độc."
1646,TT 11/2020/TT-BLĐTBXH,XXXV,DẦU KHÍ,Loại V,"Đặc biệt nặng nhọc, độc hại, nguy hiểm",1,"Bơm trám xi măng, dung dịch khoan dầu khí trên các giàn khoan ngoài biển","Công việc nặng nhọc, nguy hiểm, chịu tác động của hóa chất độc, ồn, rung."
1647,TT 11/2020/TT-BLĐTBXH,XXXV,DẦU KHÍ,Loại V,"Đặc biệt nặng nhọc, độc hại, nguy hiểm",2,Bốc mẫu giếng khoan dầu khí trên các giàn khoan ngoài biển,"Công việc rất nặng nhọc, nguy hiểm, chịu tác động của hóa chất độc, ồn, rung."
1648,TT 11/2020/TT-BLĐTBXH,XXXV,DẦU KHÍ,Loại V,"Đặc biệt nặng nhọc, độc hại, nguy hiểm",3,Xử lý vùng đáy giếng khoan dầu khí trên các giàn khoan ngoài biển,"Công việc nặng nhọc, nguy hiểm, chịu tác động của các loại hóa chất độc, ồn, rung."
1649,TT 11/2020/TT-BLĐTBXH,XXXV,DẦU KHÍ,Loại V,"Đặc biệt nặng nhọc, độc hại, nguy hiểm",4,Gọi dòng dầu khí trên các giàn khoan dầu khí ngoài biển,"Công việc nặng nhọc, nguy hiểm, chịu tác động của hóa chất độc, ồn, rung."
1650,TT 11/2020/TT-BLĐTBXH,XXXV,DẦU KHÍ,Loại V,"Đặc biệt nặng nhọc, độc hại, nguy hiểm",5,"Khảo sát, thử vỉa giếng khoan dầu khí trên các giàn khoan ngoài biển","Công việc rất nặng nhọc, nguy hiểm, chịu tác động của hóa chất độc, ồn, rung."
1651,TT 11/2020/TT-BLĐTBXH,XXXV,DẦU KHÍ,Loại V,"Đặc biệt nặng nhọc, độc hại, nguy hiểm",6,Karota khí trên các giàn khoan dầu khí ngoài biển,"Công việc nặng nhọc, nguy hiểm, chịu tác động của hóa chất độc, ồn, rung."
1652,TT 11/2020/TT-BLĐTBXH,XXXV,DẦU KHÍ,Loại V,"Đặc biệt nặng nhọc, độc hại, nguy hiểm",7,Bắn nổ mìn giếng khoan dầu khí trên các giàn khoan dầu khí ngoài biển,"Công việc nặng nhọc, rất nguy hiểm, chịu tác động của hơi khí độc."
1653,TT 11/2020/TT-BLĐTBXH,XXXV,DẦU KHÍ,Loại V,"Đặc biệt nặng nhọc, độc hại, nguy hiểm",8,"Vận hành, sửa chữa, bảo dưỡng các thiết bị khai thác, xử lý dầu khí trên các giàn khoan, khai thác dầu khí ngoài biển.","Nơi làm việc nguy hiểm, chịu tác động của ồn, rung và hóa chất độc."
1654,TT 11/2020/TT-BLĐTBXH,XXXV,DẦU KHÍ,Loại V,"Đặc biệt nặng nhọc, độc hại, nguy hiểm",9,"Vận hành, sửa chữa các thiết bị, máy trên tàu chứa dầu và trên các công trình dầu khí ngoài biển","Công việc nặng nhọc, tư thế lao động gò bó, chịu tác động của ồn, rung, thường xuyên tiếp xúc với dầu, mỡ"
1655,TT 11/2020/TT-BLĐTBXH,XXXV,DẦU KHÍ,Loại V,"Đặc biệt nặng nhọc, độc hại, nguy hiểm",10,"Phòng ngừa và xử lý sự cố dầu khí trên các giàn khoan, khai thác dầu khí ngoài biển","Công việc nguy hiểm, căng thẳng thần kinh tâm lý, chịu tác động của ồn, rung."
1656,TT 11/2020/TT-BLĐTBXH,XXXV,DẦU KHÍ,Loại V,"Đặc biệt nặng nhọc, độc hại, nguy hiểm",11,Móc cáp treo hàng trên các công trình dầu khí ngoài biển,"Công việc nặng nhọc, rất nguy hiểm, chịu tác động của sóng, gió, ồn và rung."
1657,TT 11/2020/TT-BLĐTBXH,XXXV,DẦU KHÍ,Loại V,"Đặc biệt nặng nhọc, độc hại, nguy hiểm",12,"Vận hành máy Xray, máy quang phổ Auger",Thường xuyên chịu tác động của các tia xạ.
1658,TT 11/2020/TT-BLĐTBXH,XXXV,DẦU KHÍ,Loại V,"Đặc biệt nặng nhọc, độc hại, nguy hiểm",13,"Lắp ráp, sửa chữa các công trình dầu khí","Công việc nặng nhọc, tư thế lao động gò bó, chịu tác động của ồn, bụi nồng độ rất cao."
1659,TT 11/2020/TT-BLĐTBXH,XXXV,DẦU KHÍ,Loại V,"Đặc biệt nặng nhọc, độc hại, nguy hiểm",14,Khảo sát thực địa biển,"Công việc nặng nhọc, nguy hiểm, chịu tác động của điện từ trường, ồn, rung và sóng gió."
1660,TT 11/2020/TT-BLĐTBXH,XXXV,DẦU KHÍ,Loại V,"Đặc biệt nặng nhọc, độc hại, nguy hiểm",15,Vận hành cẩu nổi từ 600 tấn trở lên,"Công việc nguy hiểm, chịu tác động của sóng gió, ồn và rung."
1661,TT 11/2020/TT-BLĐTBXH,XXXV,DẦU KHÍ,Loại V,"Đặc biệt nặng nhọc, độc hại, nguy hiểm",16,Bác sỹ sinh lý lặn,"Công việc nặng nhọc, nguy hiểm, chịu tác động của áp suất cao."
1662,TT 11/2020/TT-BLĐTBXH,XXXV,DẦU KHÍ,Loại V,"Đặc biệt nặng nhọc, độc hại, nguy hiểm",17,"Phân tích các chỉ tiêu đặc biệt (P, V, T) của lưu thể và dầu thô","Thường xuyên tiếp xúc với thủy ngân, và các dung môi hữu cơ."
1663,TT 11/2020/TT-BLĐTBXH,XXXV,DẦU KHÍ,Loại V,"Đặc biệt nặng nhọc, độc hại, nguy hiểm",18,"Khảo sát, thử vỉa, lắp đặt thiết bị lòng giếng khoan dầu khí trên công trình dầu khí vùng sa mạc.","Làm việc ngoài trời, trên sa mạc, công việc nặng nhọc, nguy hiểm, chịu tác động của ồn, rung, hóa chất độc."
1664,TT 11/2020/TT-BLĐTBXH,XXXV,DẦU KHÍ,Loại V,"Đặc biệt nặng nhọc, độc hại, nguy hiểm",19,"Khảo sát, thử vỉa, lắp đặt thiết bị lòng giếng khoan dầu khí trên công trình dầu khí vùng đầm lầy.","Làm việc ngoài trời, trên đầm lầy, công việc nặng nhọc, nguy hiểm, chịu tác động của ồn, rung, hóa chất độc."
1665,TT 11/2020/TT-BLĐTBXH,XXXV,DẦU KHÍ,Loại V,"Đặc biệt nặng nhọc, độc hại, nguy hiểm",20,"Khảo sát, thử vỉa, lắp đặt thiết bị lòng giếng khoan dầu khí trên giàn tự nâng, giàn nửa nổi nửa chìm, tàu khoan.","Làm việc ngoài trời, trên biển, công việc nặng nhọc, nguy hiểm, chịu tác động của ồn, rung, hóa chất độc."
1666,TT 11/2020/TT-BLĐTBXH,XXXV,DẦU KHÍ,Loại V,"Đặc biệt nặng nhọc, độc hại, nguy hiểm",21,"Vận hành thiết bị cân bằng giàn khoan trên giàn tự nâng, tàu khoan, giàn nửa nổi nửa chìm, tàu khoan.","Làm việc ngoài trời, trên biển, công việc nặng nhọc, chịu tác động của ồn, rung và hóa chất độc."
1667,TT 11/2020/TT-BLĐTBXH,XXXV,DẦU KHÍ,Loại V,"Đặc biệt nặng nhọc, độc hại, nguy hiểm",22,"Pha chế, xử lý dung dịch khoan trên công trình dầu khí vùng sa mạc.","Làm việc ngoài trời, trên sa mạc, công việc nặng nhọc, chịu tác động của ồn, rung, hóa chất độc."
1668,TT 11/2020/TT-BLĐTBXH,XXXV,DẦU KHÍ,Loại V,"Đặc biệt nặng nhọc, độc hại, nguy hiểm",23,"Pha chế, xử lý dung dịch khoan trên công trình dầu khí vùng đầm lầy.","Làm việc ngoài trời, trên đầm lầy, công việc nặng nhọc, chịu tác động của ồn, rung, hóa chất độc."
1669,TT 11/2020/TT-BLĐTBXH,XXXV,DẦU KHÍ,Loại V,"Đặc biệt nặng nhọc, độc hại, nguy hiểm",24,"Pha chế, xử lý dung dịch khoan trên giàn tự nâng, giàn nửa nổi nửa chìm, tàu khoan.","Làm việc ngoài trời, trên biển, công việc nặng nhọc, chịu tác động của ồn, rung, hóa chất độc."
1670,TT 11/2020/TT-BLĐTBXH,XXXV,DẦU KHÍ,Loại V,"Đặc biệt nặng nhọc, độc hại, nguy hiểm",25,"Bơm trám xi măng, dung dịch khoan trên công trình dầu khí vùng sa mạc.","Làm việc ngoài trời, trên sa mạc, công việc nặng nhọc, nguy hiểm, chịu tác động của ồn, rung, hóa chất độc."
1671,TT 11/2020/TT-BLĐTBXH,XXXV,DẦU KHÍ,Loại V,"Đặc biệt nặng nhọc, độc hại, nguy hiểm",26,"Bơm trám xi măng, dung dịch khoan trên công trình dầu khí vùng đầm lầy.","Làm việc ngoài trời, trên đầm lầy, công việc nặng nhọc, nguy hiểm, chịu tác động của ồn, rung, hóa chất độc."
1672,TT 11/2020/TT-BLĐTBXH,XXXV,DẦU KHÍ,Loại V,"Đặc biệt nặng nhọc, độc hại, nguy hiểm",27,"Bơm trám xi măng, dung dịch khoan trên giàn tự nâng, giàn nửa nổi nửa chìm, tàu khoan.","Làm việc ngoài trời, trên biển, công việc nặng nhọc, nguy hiểm, chịu tác động của ồn, rung, hóa chất độc."
1673,TT 11/2020/TT-BLĐTBXH,XXXV,DẦU KHÍ,Loại V,"Đặc biệt nặng nhọc, độc hại, nguy hiểm",28,"Vận hành hệ thống, thiết bị theo dõi dữ liệu khoan và dữ liệu địa chất trên công trình dầu khí vùng sa mạc.","Làm việc ngoài trời, trên sa mạc, công việc nguy hiểm, chịu tác động của ồn, rung, hóa chất độc."
1674,TT 11/2020/TT-BLĐTBXH,XXXV,DẦU KHÍ,Loại V,"Đặc biệt nặng nhọc, độc hại, nguy hiểm",29,"Vận hành hệ thống, thiết bị theo dõi dữ liệu khoan và dữ liệu địa chất trên công trình dầu khí vùng đầm lầy.","Làm việc ngoài trời, trên đầm lầy, công việc nguy hiểm, chịu tác động của ồn, rung, hóa chất độc."
1675,TT 11/2020/TT-BLĐTBXH,XXXV,DẦU KHÍ,Loại V,"Đặc biệt nặng nhọc, độc hại, nguy hiểm",30,"Vận hành hệ thống, thiết bị theo dõi dữ liệu khoan và dữ liệu địa chất trên giàn tự nâng, giàn nửa nổi nửa chìm, tàu khoan.","Làm việc ngoài trời, trên biển, trong trạm máy, công việc nguy hiểm, chịu tác động của ồn, rung, hóa chất độc."
1676,TT 11/2020/TT-BLĐTBXH,XXXV,DẦU KHÍ,Loại V,"Đặc biệt nặng nhọc, độc hại, nguy hiểm",31,"Bắn nổ mìn giếng (khoan thăm dò, khai thác) trên công trình dầu khí vùng sa mạc.","Làm việc ngoài trời, trên sa mạc, công việc nặng nhọc, rất nguy hiểm, chịu tác động của ồn, rung, hóa chất độc."
1677,TT 11/2020/TT-BLĐTBXH,XXXV,DẦU KHÍ,Loại V,"Đặc biệt nặng nhọc, độc hại, nguy hiểm",32,"Bắn nổ mìn giếng (khoan thăm dò, khai thác) trên công trình dầu khí vùng đầm lầy.","Làm việc ngoài trời, trên đầm lầy, công việc nặng nhọc, rất nguy hiểm, chịu tác động của ồn, rung, hóa chất độc."
1678,TT 11/2020/TT-BLĐTBXH,XXXV,DẦU KHÍ,Loại V,"Đặc biệt nặng nhọc, độc hại, nguy hiểm",33,"Bắn nổ mìn giếng (khoan thăm dò, khai thác) trên giàn tự nâng, giàn nửa nổi nửa chìm, tàu khoan.","Làm việc ngoài trời, trên biển, công việc nặng nhọc, rất nguy hiểm, chịu tác động của ồn, rung, hóa chất độc."
1679,TT 11/2020/TT-BLĐTBXH,XXXV,DẦU KHÍ,Loại V,"Đặc biệt nặng nhọc, độc hại, nguy hiểm",34,Bốc mẫu giếng khoan trên công trình dầu khí vùng sa mạc.,"Làm việc ngoài trời, trên sa mạc, công việc rất nặng nhọc, nguy hiểm, chịu tác động của ồn, rung, hóa chất độc."
1680,TT 11/2020/TT-BLĐTBXH,XXXV,DẦU KHÍ,Loại V,"Đặc biệt nặng nhọc, độc hại, nguy hiểm",35,Bốc mẫu giếng khoan trên công trình dầu khí vùng đầm lầy.,"Làm việc ngoài trời, trên đầm lầy, công việc rất nặng nhọc, nguy hiểm, chịu tác động của ồn, rung, hóa chất độc."
1681,TT 11/2020/TT-BLĐTBXH,XXXV,DẦU KHÍ,Loại V,"Đặc biệt nặng nhọc, độc hại, nguy hiểm",36,"Bốc mẫu giếng khoan trên giàn tự nâng, giàn nửa nổi nửa chìm, tàu khoan.","Làm việc ngoài trời, trên biển, công việc nặng nhọc, rất nguy hiểm, chịu tác động của ồn, rung, hóa chất độc."
1682,TT 11/2020/TT-BLĐTBXH,XXXV,DẦU KHÍ,Loại V,"Đặc biệt nặng nhọc, độc hại, nguy hiểm",37,Vận hành thiết bị kiểm soát giếng khoan trên công trình dầu khí vùng sa mạc.,"Làm việc ngoài trời, trên sa mạc, nơi làm việc nguy hiểm, chịu tác động của ồn, hóa chất độc."
1683,TT 11/2020/TT-BLĐTBXH,XXXV,DẦU KHÍ,Loại V,"Đặc biệt nặng nhọc, độc hại, nguy hiểm",38,Vận hành thiết bị kiểm soát giếng khoan trên công trình dầu khí vùng đầm lầy.,"Làm việc ngoài trời, trên đầm lầy, nơi làm việc nguy hiểm, chịu tác động của ồn, hóa chất độc."
1684,TT 11/2020/TT-BLĐTBXH,XXXV,DẦU KHÍ,Loại V,"Đặc biệt nặng nhọc, độc hại, nguy hiểm",39,"Vận hành thiết bị kiểm soát giếng khoan trên giàn tự nâng, giàn khoan nửa nổi nửa chìm, tàu khoan.","Làm việc ngoài trời, trên biển, nơi làm việc nguy hiểm, chịu tác động của ồn, rung, hóa chất độc."
1685,TT 11/2020/TT-BLĐTBXH,XXXV,DẦU KHÍ,Loại V,"Đặc biệt nặng nhọc, độc hại, nguy hiểm",40,Gọi dòng dầu khí trên công trình dầu khí vùng sa mạc.,"Làm việc ngoài trời, trên sa mạc, công việc nặng nhọc, nguy hiểm, chịu tác động của ồn, rung, hóa chất độc."
1686,TT 11/2020/TT-BLĐTBXH,XXXV,DẦU KHÍ,Loại V,"Đặc biệt nặng nhọc, độc hại, nguy hiểm",41,Gọi dòng dầu khí trên công trình khai thác dầu khí vùng đầm lầy.,"Làm việc ngoài trời, trên đầm lầy, công việc nặng nhọc, nguy hiểm, chịu tác động của ồn, rung, hóa chất độc."
1687,TT 11/2020/TT-BLĐTBXH,XXXV,DẦU KHÍ,Loại V,"Đặc biệt nặng nhọc, độc hại, nguy hiểm",42,"Gọi dòng dầu khí trên giàn tự nâng, giàn nửa nổi nửa chìm, tàu khoan.","Làm việc ngoài trời, trên biển, công việc nặng nhọc, nguy hiểm, chịu tác động của ồn, rung, hóa chất độc."
1688,TT 11/2020/TT-BLĐTBXH,XXXV,DẦU KHÍ,Loại V,"Đặc biệt nặng nhọc, độc hại, nguy hiểm",43,"Vận hành, sửa chữa, bảo dưỡng hệ thống thiết bị khai thác, xử lý dầu khí trên công trình dầu khí vùng sa mạc.","Làm việc ngoài trời, trên sa mạc, nơi làm việc nguy hiểm, chịu tác động của ồn, rung, hóa chất độc."
1689,TT 11/2020/TT-BLĐTBXH,XXXV,DẦU KHÍ,Loại V,"Đặc biệt nặng nhọc, độc hại, nguy hiểm",44,"Vận hành, sửa chữa, bảo dưỡng hệ thống thiết bị khai thác, xử lý dầu khí trên công trình dầu khí vùng đầm lầy.","Làm việc ngoài trời, trên đầm lầy, nơi làm việc nguy hiểm, chịu tác động của ồn, rung, hóa chất độc."
1690,TT 11/2020/TT-BLĐTBXH,XXXV,DẦU KHÍ,Loại V,"Đặc biệt nặng nhọc, độc hại, nguy hiểm",45,"Vận hành, sửa chữa, bảo dưỡng hệ thống thiết bị khai thác, xử lý dầu khí trên giàn tự nâng, giàn nửa nổi nửa chìm, tàu khoan.","Làm việc ngoài trời, trên biển, nơi làm việc nguy hiểm, chịu tác động của ồn, rung, hóa chất độc."
1691,TT 11/2020/TT-BLĐTBXH,XXXV,DẦU KHÍ,Loại V,"Đặc biệt nặng nhọc, độc hại, nguy hiểm",46,Vận hành hệ thống bơm nước ép vỉa trên công trình dầu khí vùng sa mạc.,"Làm việc ngoài trời, trên sa mạc, nơi làm việc nguy hiểm, chịu tác động của ồn, rung, hóa chất độc."
1692,TT 11/2020/TT-BLĐTBXH,XXXV,DẦU KHÍ,Loại V,"Đặc biệt nặng nhọc, độc hại, nguy hiểm",47,Vận hành hệ thống bơm nước ép vỉa trên công trình dầu khí vùng đầm lầy.,"Làm việc ngoài trời, trên đầm lầy, nơi làm việc nguy hiểm, chịu tác động của ồn, rung, hóa chất độc."
1693,TT 11/2020/TT-BLĐTBXH,XXXV,DẦU KHÍ,Loại V,"Đặc biệt nặng nhọc, độc hại, nguy hiểm",48,"Vận hành hệ thống bơm nước ép vỉa trên giàn khoan cố định, giàn ép vỉa.","Làm việc ngoài trời, trên biển, chịu tác động của ồn, rung, hóa chất độc."
1694,TT 11/2020/TT-BLĐTBXH,XXXV,DẦU KHÍ,Loại V,"Đặc biệt nặng nhọc, độc hại, nguy hiểm",49,Xử lý giếng khoan dầu khí trên công trình dầu khí vùng sa mạc.,"Làm việc ngoài trời, trên sa mạc, công việc nặng nhọc, nguy hiểm, chịu tác động của ồn, rung, hóa chất độc."
1695,TT 11/2020/TT-BLĐTBXH,XXXV,DẦU KHÍ,Loại V,"Đặc biệt nặng nhọc, độc hại, nguy hiểm",50,Xử lý giếng khoan dầu khí trên công trình dầu khí vùng đầm lầy.,"Làm việc ngoài trời, trên đầm lầy, công việc nặng nhọc, nguy hiểm, chịu tác động của ồn, rung, hóa chất độc."
1696,TT 11/2020/TT-BLĐTBXH,XXXV,DẦU KHÍ,Loại V,"Đặc biệt nặng nhọc, độc hại, nguy hiểm",51,Vận hành hệ thống khai thác dầu khí bằng phương pháp khí nén (gaslift) trên công trình dầu khí vùng sa mạc.,"Làm việc ngoài trời, trên sa mạc, chịu tác động của ồn, rung, hóa chất độc."
1697,TT 11/2020/TT-BLĐTBXH,XXXV,DẦU KHÍ,Loại V,"Đặc biệt nặng nhọc, độc hại, nguy hiểm",52,Vận hành hệ thống khai thác dầu khí bằng phương pháp khí nén (gaslift) trên công trình dầu khí vùng đầm lầy.,"Làm việc ngoài trời, trên đầm lầy, chịu tác động của ồn, rung, hóa chất độc."
1698,TT 11/2020/TT-BLĐTBXH,XXXV,DẦU KHÍ,Loại V,"Đặc biệt nặng nhọc, độc hại, nguy hiểm",53,"Vận hành hệ thống khai thác dầu khí bằng phương pháp khí nén (gaslift) trên giàn tự nâng, giàn nửa nổi nửa chìm, tàu khoan.","Làm việc ngoài trời, trên biển, chịu tác động của ồn, rung, hóa chất độc."
1699,TT 11/2020/TT-BLĐTBXH,XXXV,DẦU KHÍ,Loại V,"Đặc biệt nặng nhọc, độc hại, nguy hiểm",54,Móc cáp treo hàng trên công trình dầu khí vùng sa mạc.,"Làm việc ngoài trời, trên sa mạc, công việc nặng nhọc, nguy hiểm, chịu tác động của ồn, rung."
1700,TT 11/2020/TT-BLĐTBXH,XXXV,DẦU KHÍ,Loại V,"Đặc biệt nặng nhọc, độc hại, nguy hiểm",55,Móc cáp treo hàng trên công trình dầu khí vùng đầm lầy.,"Làm việc ngoài trời, trên đầm lầy, công việc nặng nhọc, nguy hiểm, chịu tác động của ồn, rung."
1701,TT 11/2020/TT-BLĐTBXH,XXXV,DẦU KHÍ,Loại V,"Đặc biệt nặng nhọc, độc hại, nguy hiểm",56,"Móc cáp treo hàng trên giàn tự nâng, giàn nửa nổi nửa chìm, tàu khoan.","Làm việc ngoài trời, trên biển, công việc nặng nhọc, nguy hiểm, chịu tác động của ồn."
1702,TT 11/2020/TT-BLĐTBXH,XXXV,DẦU KHÍ,Loại V,"Đặc biệt nặng nhọc, độc hại, nguy hiểm",57,"Giao nhận, bảo quản vật tư, hóa chất, vật liệu nổ, trên công trình dầu khí vùng sa mạc.","Nơi làm việc chịu tác động của môi trường khắc nghiệt, công việc nặng nhọc, nguy hiểm, chịu tác động của hóa chất độc."
1703,TT 11/2020/TT-BLĐTBXH,XXXV,DẦU KHÍ,Loại V,"Đặc biệt nặng nhọc, độc hại, nguy hiểm",58,"Giao nhận, bảo quản vật tư, hóa chất, vật liệu nổ, trên công trình dầu khí vùng đầm lầy.","Nơi làm việc chịu tác động của môi trường khắc nghiệt, công việc nặng nhọc, nguy hiểm, chịu tác động của hóa chất độc."
1704,TT 11/2020/TT-BLĐTBXH,XXXV,DẦU KHÍ,Loại V,"Đặc biệt nặng nhọc, độc hại, nguy hiểm",59,"Thủ kho, chủ nhiệm kho, nhân viên xuất nhập hóa chất trên các công trình dầu khí trên biển.","Làm việc trên biển, công việc nặng nhọc, nguy hiểm, chịu tác động của hóa chất độc."
1705,TT 11/2020/TT-BLĐTBXH,XXXV,DẦU KHÍ,Loại V,"Đặc biệt nặng nhọc, độc hại, nguy hiểm",60,"Vận hành tuốc bin, máy phát điện diezen trên các công trình dầu khí trên biển, trên phao rót dầu.","Công việc nặng nhọc, tư thế lao động gò bó, chịu tác động của ồn, rung, hóa chất."
1706,TT 11/2020/TT-BLĐTBXH,XXXV,DẦU KHÍ,Loại IV,"Nặng nhọc, độc hại, nguy hiểm",1,"Trực tiếp chỉ đạo kỹ thuật trên các giàn khoan, khai thác dầu khí","Công việc nguy hiểm, căng thẳng thần kinh tâm lý, chịu tác động của ồn, rung."
1707,TT 11/2020/TT-BLĐTBXH,XXXV,DẦU KHÍ,Loại IV,"Nặng nhọc, độc hại, nguy hiểm",2,Nấu ăn và phục vụ trên các công trình dầu khí ngoài biển.,"Công việc nặng nhọc, chịu tác động của nóng, ồn và rung."
1708,TT 11/2020/TT-BLĐTBXH,XXXV,DẦU KHÍ,Loại IV,"Nặng nhọc, độc hại, nguy hiểm",3,Thu gom dầu tràn.,"Công việc nguy hiểm, căng thẳng thần kinh tâm lý, chịu tác động của ồn, rung."
1709,TT 11/2020/TT-BLĐTBXH,XXXV,DẦU KHÍ,Loại IV,"Nặng nhọc, độc hại, nguy hiểm",4,Giám thị lặn,"Thường xuyên chịu tác động của ồn, rung, sóng, gió."
1710,TT 11/2020/TT-BLĐTBXH,XXXV,DẦU KHÍ,Loại IV,"Nặng nhọc, độc hại, nguy hiểm",5,"Vận hành, sửa chữa, bảo dưỡng thiết bị vận hành khí và đường ống dẫn khí","Công việc nguy hiểm, căng thẳng thần kinh tâm lý, chịu tác động của ồn, rung và hóa chất độc."
1711,TT 11/2020/TT-BLĐTBXH,XXXV,DẦU KHÍ,Loại IV,"Nặng nhọc, độc hại, nguy hiểm",6,"Trực và xử lý sự cố cháy, nổ các trạm bơm khí và đường ống dẫn khí.","Công việc nguy hiểm, căng thẳng thần kinh tâm lý, chịu tác động của ồn."
1712,TT 11/2020/TT-BLĐTBXH,XXXV,DẦU KHÍ,Loại IV,"Nặng nhọc, độc hại, nguy hiểm",7,"Sửa chữa thiết bị khoan, khai thác dầu khí","Công việc nặng nhọc, tư thế lao động gò bó, thường xuyên tiếp xúc với xăng, dầu và ồn."
1713,TT 11/2020/TT-BLĐTBXH,XXXV,DẦU KHÍ,Loại IV,"Nặng nhọc, độc hại, nguy hiểm",8,Sửa chữa thiết bị địa vật lý giếng khoan dầu khí,"Công việc nặng nhọc, tư thế lao động gò bó, chịu tác động của chất phóng xạ."
1714,TT 11/2020/TT-BLĐTBXH,XXXV,DẦU KHÍ,Loại IV,"Nặng nhọc, độc hại, nguy hiểm",9,"Trực tiếp chỉ đạo sản xuất, lắp đặt, sửa chữa các công trình dầu khí.","Công việc nguy hiểm, căng thẳng thần kinh tâm lý, chịu tác động của ồn, bụi."
1715,TT 11/2020/TT-BLĐTBXH,XXXV,DẦU KHÍ,Loại IV,"Nặng nhọc, độc hại, nguy hiểm",10,Sản xuất hóa phẩm dầu khí,"Công việc nặng nhọc, thường xuyên tiếp xúc với ồn, rung, bụi và các hóa chất độc như: axít đậm đặc, xút..."
1716,TT 11/2020/TT-BLĐTBXH,XXXV,DẦU KHÍ,Loại IV,"Nặng nhọc, độc hại, nguy hiểm",11,Nấu mỡ từ sản phẩm dầu mỏ,"Công việc nặng nhọc, thường xuyên tiếp xúc với nóng, dầu, mỡ và các hóa chất phụ gia."
1717,TT 11/2020/TT-BLĐTBXH,XXXV,DẦU KHÍ,Loại IV,"Nặng nhọc, độc hại, nguy hiểm",12,"Sản xuất, pha chế dầu nhờn.","Công việc nặng nhọc, thường xuyên tiếp xúc với ồn, dầu, mỡ và các hóa chất phụ gia."
1718,TT 11/2020/TT-BLĐTBXH,XXXV,DẦU KHÍ,Loại IV,"Nặng nhọc, độc hại, nguy hiểm",13,"Vệ sinh công nghiệp các phân xưởng pha chế dầu nhờn, nấu mỡ, sản xuất hóa phẩm dầu khí","Công việc thủ công, nặng nhọc, thường xuyên tiếp xúc với xăng, dầu, bụi, ồn và các hóa chất độc."
1719,TT 11/2020/TT-BLĐTBXH,XXXV,DẦU KHÍ,Loại IV,"Nặng nhọc, độc hại, nguy hiểm",14,"Bơm thử áp lực cần, ống khoan dầu khí","Công việc nặng nhọc, nguy hiểm, chịu tác động của tiếng ồn cao."
1720,TT 11/2020/TT-BLĐTBXH,XXXV,DẦU KHÍ,Loại IV,"Nặng nhọc, độc hại, nguy hiểm",15,"Sửa chữa, bảo dưỡng các thiết bị nấu mỡ, pha chế dầu nhờn, sản xuất các hóa phẩm dầu khí.","Công việc nặng nhọc, tư thế lao động gò bó, thường xuyên tiếp xúc với xăng, dầu, bụi, ồn và các hóa chất độc."
1721,TT 11/2020/TT-BLĐTBXH,XXXV,DẦU KHÍ,Loại IV,"Nặng nhọc, độc hại, nguy hiểm",16,Gia công mẫu lõi,"Chịu tác động của bụi, ồn và các hóa chất độc."
1722,TT 11/2020/TT-BLĐTBXH,XXXV,DẦU KHÍ,Loại IV,"Nặng nhọc, độc hại, nguy hiểm",17,"Tách lọc, phân tích địa - hóa, cơ - lý dung dịch khoan, dầu thô và các sản phẩm dầu khí","Thường xuyên tiếp xúc với các hóa chất, xăng và dầu."
1723,TT 11/2020/TT-BLĐTBXH,XXXV,DẦU KHÍ,Loại IV,"Nặng nhọc, độc hại, nguy hiểm",18,Chụp ảnh dưới ánh sáng tia cực tím.,Thường xuyên chịu tác động của tia cực tím.
1724,TT 11/2020/TT-BLĐTBXH,XXXV,DẦU KHÍ,Loại IV,"Nặng nhọc, độc hại, nguy hiểm",19,"Phân tích mẫu vi cổ sinh, thạch học và nước vỉa ô nhiễm.","Thường xuyên tiếp xúc với dung môi hữu cơ, axít HF, HCl, HNO3, CH2COOH"
1725,TT 11/2020/TT-BLĐTBXH,XXXV,DẦU KHÍ,Loại IV,"Nặng nhọc, độc hại, nguy hiểm",20,Tinh chế dung môi hữu cơ và các chất phụ gia.,"Thường xuyên tiếp xúc với nóng và các hóa chất độc như: Clorofooc, izopropanol..."
1726,TT 11/2020/TT-BLĐTBXH,XXXV,DẦU KHÍ,Loại IV,"Nặng nhọc, độc hại, nguy hiểm",21,"Bác sỹ, quản trị, phiên dịch, tạp vụ, phục vụ sinh hoạt trên công trình dầu khí vùng sa mạc.",Nơi làm việc chịu tác động của môi trường khắc nghiệt.
1727,TT 11/2020/TT-BLĐTBXH,XXXV,DẦU KHÍ,Loại IV,"Nặng nhọc, độc hại, nguy hiểm",22,"Bác sỹ, quản trị, phiên dịch, tạp vụ, phục vụ sinh hoạt trên trên công trình dầu khí vùng đầm lầy.",Nơi làm việc chịu tác động của môi trường khắc nghiệt.
1728,TT 11/2020/TT-BLĐTBXH,XXXV,DẦU KHÍ,Loại IV,"Nặng nhọc, độc hại, nguy hiểm",23,"Bác sỹ, quản trị, phiên dịch, tạp vụ, phục vụ sinh hoạt trên trên giàn khoan cố định, giàn tự nâng, giàn nửa nổi nửa chìm, tàu khoan, tàu chứa dầu trên biển.","Công việc căng thẳng thần kinh tâm lý, chịu tác động của ồn, rung."
1729,TT 11/2020/TT-BLĐTBXH,XXXV,DẦU KHÍ,Loại IV,"Nặng nhọc, độc hại, nguy hiểm",24,"Vận hành hệ thống kho chứa khí dầu mỏ hóa lỏng (LPG), khí tự nhiên hóa lỏng (LNG).","Công việc nguy hiểm, nguy cơ cháy nổ, ngộ độc, ngạt hóa chất và bỏng lạnh."
1730,TT 11/2020/TT-BLĐTBXH,XXXV,DẦU KHÍ,Loại IV,"Nặng nhọc, độc hại, nguy hiểm",25,"Vận hành tuốc bin, máy phát điện diezen trên các công trình dầu khí trên bờ.","Công việc nặng nhọc, tư thế lao động gò bó, chịu tác động của ồn, hóa chất."
1731,TT 11/2020/TT-BLĐTBXH,XXXV,DẦU KHÍ,Loại IV,"Nặng nhọc, độc hại, nguy hiểm",26,Vận hành hệ thống thiết bị xuất nhập khí tại cầu cảng.,"Công việc nguy hiểm, tiếp xúc với hóa chất."
1732,TT 11/2020/TT-BLĐTBXH,XXXV,DẦU KHÍ,Loại IV,"Nặng nhọc, độc hại, nguy hiểm",27,"Vận hành hệ thống thiết bị phân phối khí tại các nhà máy chế biến khí, kho cảng chứa khí, trạm phân phối, trung tâm phân phối khí.","Công việc nguy hiểm, chịu ảnh hưởng của hóa chất độc, nguy cơ cháy nổ."
1733,TT 11/2020/TT-BLĐTBXH,XXXV,DẦU KHÍ,Loại IV,"Nặng nhọc, độc hại, nguy hiểm",28,Vận hành hệ thống cracking dầu mỏ bằng công nghệ xúc tác tầng sôi (RFCC) và xử lý xăng naphtha từ RFCC.,"Làm việc ngoài trời, công việc nặng nhọc, nguy hiểm, chịu tác động của ồn, bụi, nhiệt độ cao."
1734,TT 11/2020/TT-BLĐTBXH,XXXV,DẦU KHÍ,Loại IV,"Nặng nhọc, độc hại, nguy hiểm",29,Vận hành hệ thống chế biến hạt nhựa poly-propylene từ dòng propylene của quá trình lọc dầu.,"Làm việc ngoài trời, công việc nặng nhọc, nguy hiểm, chịu tác động của bụi, ồn, hóa chất, tia phóng xạ."
1735,TT 11/2020/TT-BLĐTBXH,XXXV,DẦU KHÍ,Loại IV,"Nặng nhọc, độc hại, nguy hiểm",30,Vận hành hệ thống chưng cất dầu thô và xử lý dầu hỏa (kerosene).,"Làm việc ngoài trời, công việc nặng nhọc, nguy hiểm, chịu tác động của bụi, ồn, hóa chất, tia phóng xạ."
1736,TT 11/2020/TT-BLĐTBXH,XXXV,DẦU KHÍ,Loại IV,"Nặng nhọc, độc hại, nguy hiểm",31,Vận hành hệ thống xử lý xăng naphtha bằng hydro và hệ thống chuyển hóa (reforming) xúc tác tăng chỉ số oc-tan của xăng.,"Làm việc ngoài trời, công việc nặng nhọc, nguy hiểm, chịu tác động của bụi, ồn, hóa chất."
1737,TT 11/2020/TT-BLĐTBXH,XXXV,DẦU KHÍ,Loại IV,"Nặng nhọc, độc hại, nguy hiểm",32,Vận hành hệ thống đồng phân hóa xăng naphtha.,"Làm việc ngoài trời, công việc nặng nhọc, nguy hiểm, chịu tác động của bụi, ồn, hơi hóa chất."
1738,TT 11/2020/TT-BLĐTBXH,XXXV,DẦU KHÍ,Loại IV,"Nặng nhọc, độc hại, nguy hiểm",33,"Vận hành hệ thống xử lý và thu hồi propylen, khí hóa lỏng.","Làm việc ngoài trời, công việc nặng nhọc, nguy hiểm, chịu tác động của bụi, ồn, hơi hóa chất."
1739,TT 11/2020/TT-BLĐTBXH,XXXV,DẦU KHÍ,Loại IV,"Nặng nhọc, độc hại, nguy hiểm",34,Vận hành hệ thống xử lý dầu dầu nhẹ trộn diezen (LCO) bằng khí hydro.,"Làm việc ngoài trời, công việc nặng nhọc, nguy hiểm, chịu tác động của bụi, ồn, hơi hóa chất."
1740,TT 11/2020/TT-BLĐTBXH,XXXV,DẦU KHÍ,Loại IV,"Nặng nhọc, độc hại, nguy hiểm",35,Vận hành hệ thống cung cấp kiềm NaOH.,"Làm việc ngoài trời, công việc nặng nhọc, chịu tác động của ồn, hóa chất độc."
1741,TT 11/2020/TT-BLĐTBXH,XXXV,DẦU KHÍ,Loại IV,"Nặng nhọc, độc hại, nguy hiểm",36,"Vận hành hệ thống máy, thiết bị sản xuất xăng sinh học (Ethanol).","Làm việc ngoài trời, công việc nặng nhọc, chịu tác động của ồn, hóa chất độc và tia phóng xạ."
1742,TT 11/2020/TT-BLĐTBXH,XXXV,DẦU KHÍ,Loại IV,"Nặng nhọc, độc hại, nguy hiểm",37,"Vận hành hệ thống bồn chứa Amoniắc, đuốc đốt.","Làm việc ngoài trời, công việc nặng nhọc, chịu tác động của ồn, hóa chất độc."
1743,TT 11/2020/TT-BLĐTBXH,XXXV,DẦU KHÍ,Loại IV,"Nặng nhọc, độc hại, nguy hiểm",38,"Sửa chữa, bảo dưỡng và kiểm tra các thiết bị chế biến dầu khí và sản phẩm - hóa phẩm dầu khí.","Làm việc ngoài trời, công việc nặng nhọc, nguy hiểm, chịu tác động của hóa chất độc, ồn, rung, bụi, chất phóng xạ, nguy cơ cháy nổ cao."
1744,TT 11/2020/TT-BLĐTBXH,XXXV,DẦU KHÍ,Loại IV,"Nặng nhọc, độc hại, nguy hiểm",39,Vận hành thiết bị phòng chống cháy nổ và ứng cứu khẩn cấp trong công nghiệp chế biến dầu khí và sản phẩm dầu khí.,"Công việc nặng nhọc, căng thẳng thần kinh tâm lý, nguy cơ cháy nổ cao."
1745,TT 11/2020/TT-BLĐTBXH,XXXV,DẦU KHÍ,Loại IV,"Nặng nhọc, độc hại, nguy hiểm",40,"Vận hành, sửa chữa nhỏ hệ thống thiết bị điện, điện lạnh, thông tin liên lạc, nồi hơi trên giàn khoan cố định, giàn tự nâng, giàn nửa nổi nửa chìm, tàu khoan, tàu chứa dầu, phao rót dầu trên biển.","Công việc nặng nhọc, làm việc trên biển, chịu tác động của ồn, rung, hơi khí độc."
1746,TT 11/2020/TT-BLĐTBXH,XXXV,DẦU KHÍ,Loại IV,"Nặng nhọc, độc hại, nguy hiểm",41,"Ứng cứu sự cố (cháy, nổ, phun trào, tràn dầu) trên giàn khoan cố định, giàn tự nâng, giàn nửa nổi nửa chìm, tàu khoan, tàu chứa dầu, phao rót dầu trên biển.","Công việc nguy hiểm, căng thẳng thần kinh tâm lý, chịu tác động của ồn, rung lắc."
1747,TT 11/2020/TT-BLĐTBXH,XXXVI,CHẾ BIẾN THỰC PHẨM,Loại IV,"Nặng nhọc, độc hại, nguy hiểm",1,Chế biến dịch sữa,"Công việc nặng nhọc; tư thế lao động gò bó; làm việc trong môi trường nhiệt độ cao, ẩm ướt, tiếng ồn lớn, bụi nhiều."
1748,TT 11/2020/TT-BLĐTBXH,XXXVI,CHẾ BIẾN THỰC PHẨM,Loại IV,"Nặng nhọc, độc hại, nguy hiểm",2,"Vận hành hệ thống tháp sấy bột sữa, bột dinh dưỡng, tháp cô đặc sữa tươi.","Làm việc trong môi trường nhiệt độ cao, tiếng ồn lớn, bụi nhiều, tập trung chú ý cao."
1749,TT 11/2020/TT-BLĐTBXH,XXXVI,CHẾ BIẾN THỰC PHẨM,Loại IV,"Nặng nhọc, độc hại, nguy hiểm",3,Vận hành thiết bị rót và đóng gói sản phẩm.,"Làm việc trong phòng kín, kém thông thoáng, độ ẩm thấp, tiếng ồn lớn; nhịp điệu lao động khẩn chương, đơn điệu, tư thế lao động gò bó, độ tập trung quan sát cao"
1750,TT 11/2020/TT-BLĐTBXH,XXXVI,CHẾ BIẾN THỰC PHẨM,Loại IV,"Nặng nhọc, độc hại, nguy hiểm",4,"Sản xuất hộp thiếc đựng các sản phẩm từ sữa, trái cây","Công việc nặng nhọc, đơn điệu, thường xuyên chịu tác động của tiếng ồn."
1751,TT 11/2020/TT-BLĐTBXH,XXXVI,CHẾ BIẾN THỰC PHẨM,Loại IV,"Nặng nhọc, độc hại, nguy hiểm",5,Bảo quản các sản phẩm trong nhà lạnh.,"Nhiệt độ thay đổi đột ngột, thường xuyên phải làm việc trong môi trường -300C. Công việc thủ công, nặng nhọc, đơn điệu."
1752,TT 11/2020/TT-BLĐTBXH,XXXVI,CHẾ BIẾN THỰC PHẨM,Loại IV,"Nặng nhọc, độc hại, nguy hiểm",6,Trộn nguyên liệu (bột mì) trong sản xuất mì ăn liền,"Công việc bán thủ công, nặng nhọc; chịu tác động của bụi, nhiệt độ cao, ồn và rung."
1753,TT 11/2020/TT-BLĐTBXH,XXXVI,CHẾ BIẾN THỰC PHẨM,Loại IV,"Nặng nhọc, độc hại, nguy hiểm",7,"Cán, hấp, bỏ mì vào khuôn trước khi chiên","Làm việc trong môi trường nóng, ẩm; công việc bán thủ công, đơn điệu, nguy hiểm (khâu cán)"
1754,TT 11/2020/TT-BLĐTBXH,XXXVI,CHẾ BIẾN THỰC PHẨM,Loại IV,"Nặng nhọc, độc hại, nguy hiểm",8,"Vận hành lò dầu, lò chiên (mì, đậu phộng)","Công việc nặng nhọc, nguy hiểm; thường xuyên tiếp xúc với nhiệt độ cao, dầu trơn dễ gây tai nạn."
1755,TT 11/2020/TT-BLĐTBXH,XXXVI,CHẾ BIẾN THỰC PHẨM,Loại IV,"Nặng nhọc, độc hại, nguy hiểm",9,"Vận hành máy tráng, hấp các loại thực phẩm bằng gạo","Môi trường lao động nóng, ẩm; công việc bán thủ công, đơn điệu; đi lại, đứng quan sát suốt ca làm việc."
1756,TT 11/2020/TT-BLĐTBXH,XXXVI,CHẾ BIẾN THỰC PHẨM,Loại IV,"Nặng nhọc, độc hại, nguy hiểm",10,Thu hồi sản phẩm sau sấy,"Môi trường lao động nóng; công việc bán thủ công, nặng nhọc, tư thế lao động gò bó."
1757,TT 11/2020/TT-BLĐTBXH,XXXVI,CHẾ BIẾN THỰC PHẨM,Loại IV,"Nặng nhọc, độc hại, nguy hiểm",11,Nghiền phôi cháo,"Công việc bán thủ công, nặng nhọc; ảnh hưởng của tiếng ồn, bụi."
1758,TT 11/2020/TT-BLĐTBXH,XXXVI,CHẾ BIẾN THỰC PHẨM,Loại IV,"Nặng nhọc, độc hại, nguy hiểm",12,"Chế biến nguyên liệu, pha trộn, đóng gói bột canh, bột gia vị","Công việc bán thủ công, nặng nhọc; thường xuyên tiếp xúc với nhiệt độ cao và nhiều loại nguyên liệu gây kích thích niêm mạc, mắt mũi, da."
1759,TT 11/2020/TT-BLĐTBXH,XXXVI,CHẾ BIẾN THỰC PHẨM,Loại IV,"Nặng nhọc, độc hại, nguy hiểm",13,"Snack mì (xay, sàng, tái chế mì vụn)",Công việc thủ công; tiếp xúc với nhiệt độ cao và bụi.
1760,TT 11/2020/TT-BLĐTBXH,XXXVI,CHẾ BIẾN THỰC PHẨM,Loại IV,"Nặng nhọc, độc hại, nguy hiểm",14,Chế biến tương ớt,"Công việc thủ công; môi trường lao động nóng, ẩm ướt; tiếp xúc với ớt (khi xay, nấu, nghiền) gây kích thích da, niêm mạc."
1761,TT 11/2020/TT-BLĐTBXH,XXXVII,GIÁO DỤC - ĐÀO TẠO,Loại V,"Đặc biệt nặng nhọc, độc hại, nguy hiểm",1,Thí nghiệm vật lý hạt nhân,Tiếp xúc thường xuyên với nguồn phóng xạ
1762,TT 11/2020/TT-BLĐTBXH,XXXVII,GIÁO DỤC - ĐÀO TẠO,Loại V,"Đặc biệt nặng nhọc, độc hại, nguy hiểm",2,Thí nghiệm hóa phóng xạ,"Tiếp xúc thường xuyên với nguồn phóng xạ, hóa chất độc hại"
1763,TT 11/2020/TT-BLĐTBXH,XXXVII,GIÁO DỤC - ĐÀO TẠO,Loại IV,"Nặng nhọc, độc hại, nguy hiểm",1,"Thí nghiệm hóa, sinh, điện cao áp.","Làm việc trong phòng kín, ảnh hưởng của điện từ trường cao, tiếp xúc với hóa chất độc, điện áp cao và các vi sinh vật gây bệnh."
1764,TT 11/2020/TT-BLĐTBXH,XXXVII,GIÁO DỤC - ĐÀO TẠO,Loại IV,"Nặng nhọc, độc hại, nguy hiểm",2,Thủ kho hóa chất,"Làm việc trong môi trường kín, chật hẹp; tiếp xúc với hóa chất độc hại."
1765,TT 11/2020/TT-BLĐTBXH,XXXVIII,HẢI QUAN,Loại IV,"Nặng nhọc, độc hại, nguy hiểm",1,"Vận hành máy soi, chiếu hành lý, hàng hóa.","Chịu ảnh hưởng của phóng xạ, điện từ trường."
1766,TT 11/2020/TT-BLĐTBXH,XXXVIII,HẢI QUAN,Loại IV,"Nặng nhọc, độc hại, nguy hiểm",2,"Vận hành máy soi, chiếu container hàng hóa xuất khẩu, nhập khẩu.","Chịu ảnh hưởng của phóng xạ, điện từ trường."
1767,TT 11/2020/TT-BLĐTBXH,XXXVIII,HẢI QUAN,Loại IV,"Nặng nhọc, độc hại, nguy hiểm",3,Giám sát tàu biển.,"Làm việc ngoài trời chịu tác động của tiếng ồn, điện từ trường."
1768,TT 11/2020/TT-BLĐTBXH,XXXVIII,HẢI QUAN,Loại IV,"Nặng nhọc, độc hại, nguy hiểm",4,"Giám sát bãi container chứa hàng hóa xuất khẩu, nhập khẩu.","Làm việc ngoài trời chịu tác động của tiếng ồn, điện từ trường."
1769,TT 11/2020/TT-BLĐTBXH,XXXVIII,HẢI QUAN,Loại IV,"Nặng nhọc, độc hại, nguy hiểm",5,Giám sát sân đỗ máy bay tại các sân bay quốc tế.,"Làm việc ngoài trời chịu tác động của tiếng ồn, điện từ trường."
1770,TT 11/2020/TT-BLĐTBXH,XXXVIII,HẢI QUAN,Loại IV,"Nặng nhọc, độc hại, nguy hiểm",6,"Sử dụng tàu cao tốc kiểm soát Hải quan tuần tra chống buôn lậu trên biển và tàu dầu phục vụ chống buôn lậu trên biển (Thuyền trưởng, thuyền phó, máy trưởng; Thủy thủ phục vụ trên tàu).","Chịu tác động của sóng, gió, tiếng ồn, rung, nóng tư thế lao động gò bó, thường xuyên tiếp xúc với xăng dầu."
1771,TT 11/2020/TT-BLĐTBXH,XXXVIII,HẢI QUAN,Loại IV,"Nặng nhọc, độc hại, nguy hiểm",7,"Huấn luyện và sử dụng chó nghiệp vụ phát hiện ma túy, vũ khí, chất nổ và phòng, chống buôn lậu, vận chuyển trái phép hàng hóa qua biên giới.","Thường xuyên tiếp xúc với nguồn bệnh từ chó nghiệp vụ, phân rác và các vi khuẩn gây bệnh."
1772,TT 11/2020/TT-BLĐTBXH,XXXVIII,HẢI QUAN,Loại IV,"Nặng nhọc, độc hại, nguy hiểm",8,"Phân tích, phân loại hàng hóa xuất khẩu, nhập khẩu (làm việc trong phòng thí nghiệm có tiếp xúc và sử dụng các loại hóa chất).","Thường xuyên tiếp xúc với hóa chất độc, ồn và bụi hóa chất."
1773,TT 11/2020/TT-BLĐTBXH,XXXVIII,HẢI QUAN,Loại IV,"Nặng nhọc, độc hại, nguy hiểm",9,"Thủ kho và bảo quản hóa chất phục vụ việc phân tích, phân loại hàng hóa xuất khẩu, nhập khẩu.","Công việc nặng nhọc, ảnh hưởng của hóa chất độc, bụi hóa chất."
1774,TT 11/2020/TT-BLĐTBXH,XXXIX,SẢN XUẤT Ô TÔ XE MÁY,Loại V,"Đặc biệt nặng nhọc, độc hại, nguy hiểm",1,Nấu rót kim loại.,"Môi trường bụi, nóng ồn, hơi khí độc, cường độ lao động cao."
1775,TT 11/2020/TT-BLĐTBXH,XXXIX,SẢN XUẤT Ô TÔ XE MÁY,Loại IV,"Nặng nhọc, độc hại, nguy hiểm",1,"Hàn điện, hàn hơi trong dây chuyền sản xuất xe máy.","Nhịp điệu cử động cao, tư thế làm việc gò bó, mang cầm vật nặng trong suốt ca làm việc, chịu tác động của hơi khí độc."
1776,TT 11/2020/TT-BLĐTBXH,XXXIX,SẢN XUẤT Ô TÔ XE MÁY,Loại IV,"Nặng nhọc, độc hại, nguy hiểm",2,"Bê khung, động cơ xe trong dây chuyền sản xuất xe máy.","Nhịp điệu cử động cao, công việc nặng nhọc, tư thế gò bó, cúi vặn mình nhiều lần."
1777,TT 11/2020/TT-BLĐTBXH,XXXIX,SẢN XUẤT Ô TÔ XE MÁY,Loại IV,"Nặng nhọc, độc hại, nguy hiểm",3,Chạy thử xe máy ngoài trời.,"Làm việc ngoài trời, chịu tác động của tiếng ồn, bụi, hơi khí độc, căng thẳng thần kinh, tâm lý."
1778,TT 11/2020/TT-BLĐTBXH,XXXIX,SẢN XUẤT Ô TÔ XE MÁY,Loại IV,"Nặng nhọc, độc hại, nguy hiểm",4,"Xử lý, vét cặn sơn thải.","Tiếp xúc thường xuyên với dung môi hữu cơ, tư thế làm việc gò bó, vận chuyển vật nặng trong suốt ca."
1779,TT 11/2020/TT-BLĐTBXH,XXXIX,SẢN XUẤT Ô TÔ XE MÁY,Loại IV,"Nặng nhọc, độc hại, nguy hiểm",5,Kiểm tra nắn sửa khung xe trong dây chuyền sản xuất xe máy.,"Nhịp điệu cử động cao, tư thế gò bó, cúi vặn thân mình nhiều lần."
1780,TT 11/2020/TT-BLĐTBXH,XXXIX,SẢN XUẤT Ô TÔ XE MÁY,Loại IV,"Nặng nhọc, độc hại, nguy hiểm",6,"Vận hành máy đánh bóng bề mặt chi tiết (shot blash) sản xuất ô tô, xe máy.","Chịu tác động hơi khí độc, rung cục bộ, tư thế làm việc gò bó, cúi khom, mang cầm vật nặng."
1781,TT 11/2020/TT-BLĐTBXH,XXXIX,SẢN XUẤT Ô TÔ XE MÁY,Loại IV,"Nặng nhọc, độc hại, nguy hiểm",7,Vận hành máy cắt gọt kim loại (máy cắt gate).,"Chịu tác động bụi, nóng, ồn, hơi khí độc, rung cục bộ, tư thế làm việc gò bó, cúi khom, mang cầm vật nặng."
1782,TT 11/2020/TT-BLĐTBXH,XXXIX,SẢN XUẤT Ô TÔ XE MÁY,Loại IV,"Nặng nhọc, độc hại, nguy hiểm",8,Vận hành máy sơn phủ bề mặt khuôn đúc.,"Chịu tác động bụi, nóng, ồn dung môi hữu cơ, tư thế lao động gò bó, cúi khom."
1783,TT 11/2020/TT-BLĐTBXH,XXXIX,SẢN XUẤT Ô TÔ XE MÁY,Loại IV,"Nặng nhọc, độc hại, nguy hiểm",9,"Sơn phun trong dây chuyền sản xuất ô tô, xe máy.","Công việc độc hại, thường xuyên tiếp xúc với dung môi hữu cơ"
1784,TT 11/2020/TT-BLĐTBXH,XXXIX,SẢN XUẤT Ô TÔ XE MÁY,Loại IV,"Nặng nhọc, độc hại, nguy hiểm",10,Vận hành máy đột dập kim loại.,"Công việc đơn điệu căng thẳng thị giác, chịu tác động bởi tiếng ồn lớn, rung."
1785,TT 11/2020/TT-BLĐTBXH,XXXIX,SẢN XUẤT Ô TÔ XE MÁY,Loại IV,"Nặng nhọc, độc hại, nguy hiểm",11,"Pha trộn sơn trong sản xuất ô tô, xe máy.","Tiếp xúc thường xuyên với dung môi hữu cơ, thao tác liên tục, mang vác vận chuyển vật nặng trong suốt ca."
1786,TT 11/2020/TT-BLĐTBXH,XXXIX,SẢN XUẤT Ô TÔ XE MÁY,Loại IV,"Nặng nhọc, độc hại, nguy hiểm",12,Phân loại và xử lý rác thải.,"Công việc thủ công, chịu tác động nhiệt độ cao, tiếp xúc thường xuyên với chất độc hại."
1787,TT 11/2020/TT-BLĐTBXH,XXXIX,SẢN XUẤT Ô TÔ XE MÁY,Loại IV,"Nặng nhọc, độc hại, nguy hiểm",13,Cấp phát nhiên liệu và vận hành hệ thống xăng tái chế.,"Công việc nặng nhọc, tiếp xúc thường xuyên với xăng dầu vượt tiêu chuẩn, tư thế làm việc gò bó."
1788,TT 11/2020/TT-BLĐTBXH,XXXIX,SẢN XUẤT Ô TÔ XE MÁY,Loại IV,"Nặng nhọc, độc hại, nguy hiểm",14,Pha trộn cát làm khuôn đúc.,"Công việc nặng nhọc, chịu tác động nóng, hơi khí độc, bụi, ồn, rung cục bộ, tư thế làm việc gò bó, cúi khom."
1789,TT 11/2020/TT-BLĐTBXH,XXXIX,SẢN XUẤT Ô TÔ XE MÁY,Loại IV,"Nặng nhọc, độc hại, nguy hiểm",15,Phá khuôn đúc bằng chầy hơi.,"Công việc nặng nhọc, nóng, bụi, rung, tư thế lao động gò bó"
1790,TT 11/2020/TT-BLĐTBXH,XXXIX,SẢN XUẤT Ô TÔ XE MÁY,Loại IV,"Nặng nhọc, độc hại, nguy hiểm",16,"Đúc áp lực kim loại đồng, nhôm.","Chịu tác động nóng, bụi, rung, hơi khí độc, ồn, tư thế làm việc gò bó, cúi khom, mang cầm vật nặng."
1791,TT 11/2020/TT-BLĐTBXH,XXXIX,SẢN XUẤT Ô TÔ XE MÁY,Loại IV,"Nặng nhọc, độc hại, nguy hiểm",17,"Mài khô, làm sạch vật đúc.","Tiếp xúc với bụi, rung và ồn, tư thế làm việc gò bó, cúi khom."
1792,TT 11/2020/TT-BLĐTBXH,XXXIX,SẢN XUẤT Ô TÔ XE MÁY,Loại IV,"Nặng nhọc, độc hại, nguy hiểm",18,Vận hành lò sấy nước sơn dầu.,"Môi trường làm việc nóng, nguy cơ cháy nổ cao, chịu tác động bức xạ nhiệt, tiếp xúc thường xuyên dung môi."
1793,TT 11/2020/TT-BLĐTBXH,XXXIX,SẢN XUẤT Ô TÔ XE MÁY,Loại IV,"Nặng nhọc, độc hại, nguy hiểm",19,Vận hành lò sấy sơn chống rỉ.,"Môi trường làm việc nóng, nguy cơ cháy nổ cao, chịu tác động bức xạ nhiệt, tiếp xúc thường xuyên dung môi."
1794,TT 11/2020/TT-BLĐTBXH,XXXIX,SẢN XUẤT Ô TÔ XE MÁY,Loại IV,"Nặng nhọc, độc hại, nguy hiểm",20,Vận hành buồng phun sơn bóng.,"Tiếp xúc thường xuyên với dung môi hữu cơ, tư thế lao động gò bó, mang cầm vật nặng suốt ca làm việc."
1795,TT 11/2020/TT-BLĐTBXH,XXXIX,SẢN XUẤT Ô TÔ XE MÁY,Loại IV,"Nặng nhọc, độc hại, nguy hiểm",21,Lái cầu trục và sửa khuôn đúc,"Môi trường làm việc nóng, chịu tác động hơi khí độc, bụi, ồn, cường độ lao động cao, tư thế lao động gò bó, cúi khom."
1796,TT 11/2020/TT-BLĐTBXH,XXXIX,SẢN XUẤT Ô TÔ XE MÁY,Loại IV,"Nặng nhọc, độc hại, nguy hiểm",22,Vận hành và bảo dưỡng thiết bị hàn trong dây chuyền sản xuất xe máy.,"Chịu tác động của ồn cao, hơi khí độc, căng thẳng thần kinh tâm lý, tư thế lao động gò bó."
1797,TT 11/2020/TT-BLĐTBXH,XXXX,LƯU TRỮ,Loại IV,"Nặng nhọc, độc hại, nguy hiểm",1,"Trực tiếp làm hoạt động lưu trữ tại kho, phòng kho lưu trữ, xưởng kỹ thuật bảo quản.","Chịu tác động của bụi, hóa chất, nấm mốc, vi sinh vật có hại."
1798,TT 11/2020/TT-BLĐTBXH,XXXXI,TÀI NGUYÊN MÔI TRƯỜNG,Loại VI,"Đặc biệt nặng nhọc, độc hại, nguy hiểm",1,"Khảo sát, đo đạc thành lập bản đồ tài nguyên môi trường biển và hải đảo.","Công việc nặng nhọc, nguy hiểm, thường xuyên làm việc trên biển, chịu tác động của sóng, gió, ồn cao, rung mạnh."
1799,TT 11/2020/TT-BLĐTBXH,XXXXI,TÀI NGUYÊN MÔI TRƯỜNG,Loại VI,"Đặc biệt nặng nhọc, độc hại, nguy hiểm",2,"Lặn lấy mẫu nghiên cứu, thu thập số liệu điều kiện tự nhiên, môi trường đáy biển.","Công việc nặng nhọc, nguy hiểm, tư thế lao động gò bó, chịu tác động của áp suất cao."
1800,TT 11/2020/TT-BLĐTBXH,XXXXI,TÀI NGUYÊN MÔI TRƯỜNG,Loại V,"Đặc biệt nặng nhọc, độc hại, nguy hiểm",1,"Vận hành tàu điều tra, khảo sát tài nguyên và môi trường biển, hải đảo","Công việc nặng nhọc, nguy hiểm, thường xuyên làm việc trên biển, chịu tác động của sóng, gió, ồn, căng thẳng thần kinh tâm lý."
1801,TT 11/2020/TT-BLĐTBXH,XXXXI,TÀI NGUYÊN MÔI TRƯỜNG,Loại V,"Đặc biệt nặng nhọc, độc hại, nguy hiểm",2,"Khoan đáy biển (trên giàn tự nâng, phao bè, tàu, thuyền)","Làm việc ngoài trời, căng thẳng thần kinh tâm lý, chịu tác động của ồn, rung lắc."
1802,TT 11/2020/TT-BLĐTBXH,XXXXI,TÀI NGUYÊN MÔI TRƯỜNG,Loại V,"Đặc biệt nặng nhọc, độc hại, nguy hiểm",3,"Quan trắc các điều kiện tự nhiên, động lực, môi trường, sinh thái biển.","Làm việc ngoài trời, căng thẳng thần kinh tâm lý, chịu tác động của ồn, rung lắc."
1803,TT 11/2020/TT-BLĐTBXH,XXXXI,TÀI NGUYÊN MÔI TRƯỜNG,Loại V,"Đặc biệt nặng nhọc, độc hại, nguy hiểm",4,Đo phổ gamma theo tàu.,"Làm việc ngoài trời, căng thẳng thần kinh tâm lý, chịu tác động của ồn, rung lắc."
1804,TT 11/2020/TT-BLĐTBXH,XXXXI,TÀI NGUYÊN MÔI TRƯỜNG,Loại V,"Đặc biệt nặng nhọc, độc hại, nguy hiểm",5,"Khảo sát địa vật lý biển theo tàu (địa chấn, từ biển, trọng lực biển, sonar, điện từ).","Làm việc ngoài trời, căng thẳng thần kinh, tâm lý, chịu tác động của ồn, rung lắc."
1805,TT 11/2020/TT-BLĐTBXH,XXXXI,TÀI NGUYÊN MÔI TRƯỜNG,Loại V,"Đặc biệt nặng nhọc, độc hại, nguy hiểm",6,Khảo sát đo địa vật lý vùng phóng xạ ngành tài nguyên nước.,"Làm việc ngoài trời ở vùng núi cao, đi lại nhiều, chịu tác động của phóng xạ."
1806,TT 11/2020/TT-BLĐTBXH,XXXXI,TÀI NGUYÊN MÔI TRƯỜNG,Loại V,"Đặc biệt nặng nhọc, độc hại, nguy hiểm",7,Đo carôta lỗ khoan ngành tài nguyên nước,"Công việc rất nguy hiểm, tiếp xúc với nguồn phóng xạ hở cường độ rất lớn."
1807,TT 11/2020/TT-BLĐTBXH,XXXXI,TÀI NGUYÊN MÔI TRƯỜNG,Loại V,"Đặc biệt nặng nhọc, độc hại, nguy hiểm",8,"Điều tra tài nguyên nước ở vùng núi, rừng sâu, hải đảo, biên giới và trên biển.","Làm việc ngoài trời ở các địa hình khó khăn, nơi làm việc lầy lội, công việc nặng nhọc, chịu tác động sóng, gió, ồn, rung."
1808,TT 11/2020/TT-BLĐTBXH,XXXXI,TÀI NGUYÊN MÔI TRƯỜNG,Loại V,"Đặc biệt nặng nhọc, độc hại, nguy hiểm",9,"Lộ trình lập biểu đồ tài nguyên nước, quan trắc tài nguyên nước, tìm kiếm nguồn nước vùng sâu, vùng xa hoặc núi cao, biên giới, hải đảo.","Làm việc ngoài trời, công việc nặng nhọc, nguy hiểm, phải đi lại nhiều ở vùng núi cao nhiều dốc."
1809,TT 11/2020/TT-BLĐTBXH,XXXXI,TÀI NGUYÊN MÔI TRƯỜNG,Loại V,"Đặc biệt nặng nhọc, độc hại, nguy hiểm",10,"Quan trắc lấy mẫu môi trường phóng xạ, trầm tích, chất dioxin/furan, các độc chất khác.","Làm việc ngoài trời, nơi làm việc địa hình hiểm trở, công việc thủ công, đi lại nhiều, tiếp xúc với hóa chất độc."
1810,TT 11/2020/TT-BLĐTBXH,XXXXI,TÀI NGUYÊN MÔI TRƯỜNG,Loại V,"Đặc biệt nặng nhọc, độc hại, nguy hiểm",11,"Phân tích các thông số môi trường đất, nước, khí, phóng xạ, trầm tích, bùn thải, chất thải nguy hại, chất dioxin/furan, các độc chất khác.","Tiếp xúc trực tiếp với hóa chất, làm việc ở môi trường có phóng xạ, tia bức xạ, ồn."
1811,TT 11/2020/TT-BLĐTBXH,XXXXI,TÀI NGUYÊN MÔI TRƯỜNG,Loại V,"Đặc biệt nặng nhọc, độc hại, nguy hiểm",12,"Quan trắc tài nguyên nước vùng sâu, vùng xa hoặc núi cao, biên giới, hải đảo.","Làm việc ngoài trời, công việc nặng nhọc, đi lại nhiều, căng thẳng thần kinh tâm lý."
1812,TT 11/2020/TT-BLĐTBXH,XXXXI,TÀI NGUYÊN MÔI TRƯỜNG,Loại IV,"Nặng nhọc, độc hại, nguy hiểm",1,"Quan trắc tại các khu vực ven biển (đo biến thiên từ ngày đêm, quan trắc nước triều, đo điểm tựa trọng lực, đo câu nối các điểm trắc địa cơ sở phục vụ các dự án điều tra biển).","Làm việc ngoài trời, căng thẳng thần kinh tâm lý, chịu tác động của ồn, rung lắc."
1813,TT 11/2020/TT-BLĐTBXH,XXXXI,TÀI NGUYÊN MÔI TRƯỜNG,Loại IV,"Nặng nhọc, độc hại, nguy hiểm",2,Vận hành máy khoan tài nguyên nước.,"Làm việc ngoài trời, công việc nặng nhọc, nơi làm việc lầy lội, tư thế lao động gò bó, tiếp xúc với các hóa chất trong ben-tô-nít."
1814,TT 11/2020/TT-BLĐTBXH,XXXXI,TÀI NGUYÊN MÔI TRƯỜNG,Loại IV,"Nặng nhọc, độc hại, nguy hiểm",3,"Lái xe khoan, xe tải từ 7,5 tấn trở lên ngành tài nguyên nước.","Công việc nguy hiểm, chịu tác động của ồn, rung."
1815,TT 11/2020/TT-BLĐTBXH,XXXXI,TÀI NGUYÊN MÔI TRƯỜNG,Loại IV,"Nặng nhọc, độc hại, nguy hiểm",4,"Phân tích thí nghiệm mẫu cơ lý đất, đá, cơ lý vật liệu, hóa lý nước.","Thường xuyên tiếp xúc với bụi, các loại hóa chất độc hại."
1816,TT 11/2020/TT-BLĐTBXH,XXXXI,TÀI NGUYÊN MÔI TRƯỜNG,Loại IV,"Nặng nhọc, độc hại, nguy hiểm",5,"Quan trắc tài nguyên nước ở các trạm quan trắc vùng đồng bằng, trung du.","Làm việc ngoài trời, công việc nặng nhọc, đi lại nhiều."
1817,TT 11/2020/TT-BLĐTBXH,XXXXI,TÀI NGUYÊN MÔI TRƯỜNG,Loại IV,"Nặng nhọc, độc hại, nguy hiểm",6,"Lựa chọn, phân loại, bảo quản, tu sửa, phục chế tài liệu ở kho lưu trữ Trung tâm quy hoạch và điều tra tài nguyên nước quốc gia.","Thường xuyên tiếp xúc với khí CO, phooc-môn."
1818,TT 11/2020/TT-BLĐTBXH,XXXXI,TÀI NGUYÊN MÔI TRƯỜNG,Loại IV,"Nặng nhọc, độc hại, nguy hiểm",7,"Múc, đổ nước thí nghiệm trong công tác nghiên cứu tài nguyên nước.","Làm việc ngoài trời, công việc thủ công, nặng nhọc."
1819,TT 11/2020/TT-BLĐTBXH,XXXXI,TÀI NGUYÊN MÔI TRƯỜNG,Loại IV,"Nặng nhọc, độc hại, nguy hiểm",8,"Bơm, hút nước thí nghiệm lỗ khoan tài nguyên nước.","Làm việc ngoài trời, công việc thủ công, nặng nhọc."
1820,TT 11/2020/TT-BLĐTBXH,XXXXI,TÀI NGUYÊN MÔI TRƯỜNG,Loại IV,"Nặng nhọc, độc hại, nguy hiểm",9,"Hướng dẫn và kiểm tra kỹ thuật quan trắc tại các trạm, các điểm đo ở miền núi và hải đảo.","Công việc nặng nhọc, thường xuyên đi lưu động."
1821,TT 11/2020/TT-BLĐTBXH,XXXXI,TÀI NGUYÊN MÔI TRƯỜNG,Loại IV,"Nặng nhọc, độc hại, nguy hiểm",10,Quan trắc lưu lượng nước và các yếu tố thủy văn ở các trạm quan trắc tài nguyên nước miền núi.,"Công việc nặng nhọc, nguy hiểm."
1822,TT 11/2020/TT-BLĐTBXH,XXXXII,CAO SU,Loại V,"Đặc biệt nặng nhọc, độc hại, nguy hiểm",1,Phun thuốc bảo vệ thực vật vườn cây cao su,"Làm việc ngoài trời, công việc nặng nhọc, độc hại và tiếp xúc với hóa chất bảo vệ thực vật vượt tiêu chuẩn cho phép nhiều lần"
1823,TT 11/2020/TT-BLĐTBXH,XXXXII,CAO SU,Loại V,"Đặc biệt nặng nhọc, độc hại, nguy hiểm",2,Khai thác mủ cao su,"Làm việc ngoài trời, công việc nặng nhọc, nguy hiểm, ảnh hưởng của hóa chất bảo vệ thực vật"
1824,TT 11/2020/TT-BLĐTBXH,XXXXII,CAO SU,Loại V,"Đặc biệt nặng nhọc, độc hại, nguy hiểm",3,Chế biến mủ cao su,"Nơi làm việc ẩm ướt, công việc thủ công, rất nặng nhọc, chịu sự tác động của tiếng ồn lớn và các hóa chất độc như NH3, acid axetic, acid focmic"
1825,TT 11/2020/TT-BLĐTBXH,XXXXII,CAO SU,Loại V,"Đặc biệt nặng nhọc, độc hại, nguy hiểm",4,Ngâm tẩm gỗ cao su bằng hóa chất chống mối mọt,"Công việc thủ công, nặng nhọc, chịu tác động của các hóa chất độc mạnh như Borax, Boric, f-Clean..."
1826,TT 11/2020/TT-BLĐTBXH,XXXXII,CAO SU,Loại IV,"Nặng nhọc, độc hại, nguy hiểm",1,Lưu hóa các sản phẩm cao su,"Tiếp xúc với nhiệt độ cao và hóa chất, mùi hôi trong thời gian dài, có nguy cơ bị bỏng nhiệt"
1827,TT 11/2020/TT-BLĐTBXH,XXXXII,CAO SU,Loại IV,"Nặng nhọc, độc hại, nguy hiểm",2,Trồng và chăm sóc cây cao su,"Làm việc ngoài trời, công việc thủ công, nặng nhọc, tư thế lao động gò bó, chịu tác động của bụi và các vi sinh vật gây bệnh."
1828,TT 11/2020/TT-BLĐTBXH,XXXXII,CAO SU,Loại IV,"Nặng nhọc, độc hại, nguy hiểm",3,Lái xe vận chuyển mủ cao su,"Nặng nhọc, căng thẳng thần kinh tâm lý, ồn, rung, nguy hiểm. Vệ sinh bồn chứa mủ hàng ngày: tư thế gò bó tiếp xúc mủ cao su, hóa chất độc hại (axít). Trong quá trình vận chuyển tiếp xúc với mủ cao su"
1829,TT 11/2020/TT-BLĐTBXH,XXXXII,CAO SU,Loại IV,"Nặng nhọc, độc hại, nguy hiểm",4,Bảo vệ lô cao su,"Thường xuyên đi tuần tra trong lô, tiếp xúc các điều kiện lao động xấu hoặc nguy cơ bị trộm mủ tấn công."
1830,TT 11/2020/TT-BLĐTBXH,XXXXII,CAO SU,Loại IV,"Nặng nhọc, độc hại, nguy hiểm",5,Quản lý (Tổ trưởng) khai thác mủ cao su,Tiếp xúc chung với môi trường lao động như công nhân nhưng không trực tiếp sản xuất nên ít nặng nhọc hơn công nhân
1831,TT 11/2020/TT-BLĐTBXH,XXXXII,CAO SU,Loại IV,"Nặng nhọc, độc hại, nguy hiểm",6,Bốc vác mủ trên vườn cây cao su,"Nơi làm việc ẩm ướt, công việc thủ công, bới chọn, bốc vác mủ cao su rất nặng nhọc, chịu tác động của các hóa chất độc như NH3, axít focmic..."
1832,TT 11/2020/TT-BLĐTBXH,XXXXII,CAO SU,Loại IV,"Nặng nhọc, độc hại, nguy hiểm",7,"Sửa chữa, bảo trì cơ điện trong nhà máy chế biến mủ cao su","Làm việc trong môi trường hóa chất như axit, bazo, dầu nhớt thải và mùi hôi từ mủ cao su, tư thế lao động gò bó."
1833,TT 11/2020/TT-BLĐTBXH,XXXXII,CAO SU,Loại IV,"Nặng nhọc, độc hại, nguy hiểm",8,Lái xe nâng trong nhà máy chế biến mủ cao su,"Thường xuyên tiếp xúc với hóa chất, mùi hôi của mủ cao su"
1834,TT 11/2020/TT-BLĐTBXH,XXXXII,CAO SU,Loại IV,"Nặng nhọc, độc hại, nguy hiểm",9,Bảo vệ nhà máy chế biến mủ cao su,Hàng ngày tiếp xúc với mùi hôi từ mủ cao su và làm việc chung trong môi trường với công nhân chế biến mủ cao su.
1835,TT 11/2020/TT-BLĐTBXH,XXXXII,CAO SU,Loại IV,"Nặng nhọc, độc hại, nguy hiểm",10,Kiểm tra chất lượng sản phẩm mủ cao su (KCS),"Thường xuyên tiếp xúc với hóa chất, mủ cao su"
1836,TT 11/2020/TT-BLĐTBXH,XXXXII,CAO SU,Loại IV,"Nặng nhọc, độc hại, nguy hiểm",11,"Cưa cắt gỗ cao su ngoài lô bằng máy cơ giới, máy cưa cầm tay","Làm việc ngoài trời trong các lô cao su thanh lý, công việc nặng nhọc: rung, tiếng ồn lớn, môi trường nóng ẩm, ánh sáng hạn chế, nguy hiểm, tiếp xúc vi sinh vật có hại trong môi trường ẩm thấp."
1837,TT 11/2020/TT-BLĐTBXH,XXXXII,CAO SU,Loại IV,"Nặng nhọc, độc hại, nguy hiểm",12,"Cưa xẻ gỗ cao su trong xưởng bằng máy cơ giới (cưa máy, cưa đĩa)","Môi trường lao động tiếng ồn lớn, rung, bụi từ mùn cưa. Tiềm ẩn rủi ro lưỡi cưa gãy."
1838,TT 11/2020/TT-BLĐTBXH,XXXXII,CAO SU,Loại IV,"Nặng nhọc, độc hại, nguy hiểm",13,Vận hành nồi hơi sấy gỗ cao su,"Nồi nơi nằm trong danh mục thiết bị có yêu cầu nghiêm ngặt kiểm định theo định kỳ. Nhiệt độ cao, nguy hiểm khi gặp sự cố, hóa chất độc hại."
1839,TT 11/2020/TT-BLĐTBXH,XXXXII,CAO SU,Loại IV,"Nặng nhọc, độc hại, nguy hiểm",14,Cán luyện mủ cao su để sản xuất sản phẩm cao su,"Công việc nặng nhọc, độc hại, tiếp xúc nhiệt độ cao, bụi, SO2, H2S vượt quá tiêu chuẩn cho phép."
1840,TT 11/2020/TT-BLĐTBXH,XXXXII,CAO SU,Loại IV,"Nặng nhọc, độc hại, nguy hiểm",15,Xử lý nước thải tại nhà máy chế biến mủ cao su,"Làm việc ngoài trời, tiếp xúc với hóa chất độc hại. Làm việc ở khu vực có nhiều hồ, hố sâu nguy hiểm. Thường xuyên tiếp xúc với các hóa chất độc hại để xử lý nước thải, làm việc trực đêm để pha hóa chất xử lý nước thải theo hoạt động của nhà máy chế biến mủ."
1841,TT 19/2023/TT-BLĐTBXH,I,XÂY DỰNG (XÂY LẮP),Loại V,"Đặc biệt nặng nhọc, độc hại, nguy hiểm",1,"Gia công, lắp dựng cốt thép trong hầm, ngầm","Nơi làm việc thiếu ánh sáng, thiếu dưỡng khí, công việc thủ công, nặng nhọc, nguy hiểm."
1842,TT 19/2023/TT-BLĐTBXH,I,XÂY DỰNG (XÂY LẮP),Loại V,"Đặc biệt nặng nhọc, độc hại, nguy hiểm",2,"Lắp dựng, tháo dỡ ván khuôn, hệ ván khuôn hoặc hệ khung đỡ ván khuôn công trình hầm, ngầm","Nơi làm việc thiếu ánh sáng, thiếu dưỡng khí, công việc thủ công, nặng nhọc, nguy hiểm."
1843,TT 19/2023/TT-BLĐTBXH,I,XÂY DỰNG (XÂY LẮP),Loại V,"Đặc biệt nặng nhọc, độc hại, nguy hiểm",3,"Lắp đặt và tháo dỡ các máy, thiết bị nâng chuyển (cần trục tháp, cần trục, vận thăng, sàn treo) phục vụ thi công xây dựng công trình","Công việc nguy hiểm, chịu tác động của ồn, rung lắc."
1844,TT 19/2023/TT-BLĐTBXH,I,XÂY DỰNG (XÂY LẮP),Loại V,"Đặc biệt nặng nhọc, độc hại, nguy hiểm",4,"Lắp đặt, sửa chữa hệ thống điện trong công trình hầm, ngầm","Công việc có nguy cơ điện giật cao, môi trường thiếu ánh sáng, thiếu dưỡng khí."
1845,TT 19/2023/TT-BLĐTBXH,I,XÂY DỰNG (XÂY LẮP),Loại V,"Đặc biệt nặng nhọc, độc hại, nguy hiểm",5,"Thi công đổ bê tông công trình hầm, ngầm","Công việc nặng nhọc, nguy hiểm, chịu ảnh hưởng bởi ồn, môi trường thiếu dưỡng khí."
1846,TT 19/2023/TT-BLĐTBXH,I,XÂY DỰNG (XÂY LẮP),Loại V,"Đặc biệt nặng nhọc, độc hại, nguy hiểm",6,"Xây gạch, đá, trát, ốp, lát trong công trình hầm, ngầm","Công việc có tư thế lao động gò bó, chịu tác động của bụi, môi trường thiếu dưỡng khí"
1847,TT 19/2023/TT-BLĐTBXH,I,XÂY DỰNG (XÂY LẮP),Loại V,"Đặc biệt nặng nhọc, độc hại, nguy hiểm",7,"Gia công, lắp dựng lưới thép, vì thép, gia cố hầm, ngầm","Công việc nặng nhọc, nguy hiểm, chịu ảnh hưởng bởi ồn, bụi, tư thế lao động gò bó, môi trường thiếu dưỡng khí."
1848,TT 19/2023/TT-BLĐTBXH,I,XÂY DỰNG (XÂY LẮP),Loại V,"Đặc biệt nặng nhọc, độc hại, nguy hiểm",8,"Lắp dựng: thiết bị, cấu kiện, kết cấu thép, bê tông đúc sẵn, hệ thống đường ống công trình hầm, ngầm","Công việc nặng nhọc, nguy hiểm, tư thế lao động gò bó, môi trường thiếu dưỡng khí."
1849,TT 19/2023/TT-BLĐTBXH,I,XÂY DỰNG (XÂY LẮP),Loại V,"Đặc biệt nặng nhọc, độc hại, nguy hiểm",9,"Khoan tạo lỗ neo, lắp đặt thanh neo thép, lắp dựng lưới thép, gia cố hầm, ngầm","Công việc nặng nhọc, nguy hiểm, chịu tác động của ồn, rung và bụi, môi trường thiếu dưỡng khí."
1850,TT 19/2023/TT-BLĐTBXH,I,XÂY DỰNG (XÂY LẮP),Loại V,"Đặc biệt nặng nhọc, độc hại, nguy hiểm",10,"Khoan phun vữa xi măng gia cố nền đập và tạo màng chống thấm công trình hoặc khoan phun vữa xi măng trong hầm, ngầm","Công việc nặng nhọc, nguy hiểm, chịu tác động của ồn, rung và bụi bẩn."
1851,TT 19/2023/TT-BLĐTBXH,I,XÂY DỰNG (XÂY LẮP),Loại V,"Đặc biệt nặng nhọc, độc hại, nguy hiểm",11,Phun vẩy vữa bê tông gia cố hầm hoặc phun vẩy vữa bê tông gia cố mái taluy,"Công việc nặng nhọc, nguy hiểm, chịu tác động của ồn, rung và bụi."
1852,TT 19/2023/TT-BLĐTBXH,I,XÂY DỰNG (XÂY LẮP),Loại V,"Đặc biệt nặng nhọc, độc hại, nguy hiểm",12,Lái máy xúc dung tích gầu từ 4m3 trở lên trong lĩnh vực xây dựng,"Công việc nặng nhọc, ảnh hưởng của bụi, ồn cao."
1853,TT 19/2023/TT-BLĐTBXH,I,XÂY DỰNG (XÂY LẮP),Loại V,"Đặc biệt nặng nhọc, độc hại, nguy hiểm",13,"Vận hành cần trục bánh lốp, bánh xích trong lĩnh vực xây dựng","Chịu tác động của rung, ồn, bụi, căng thẳng thần kinh tâm lý."
1854,TT 19/2023/TT-BLĐTBXH,I,XÂY DỰNG (XÂY LẮP),Loại V,"Đặc biệt nặng nhọc, độc hại, nguy hiểm",14,"Lái xe vận tải, có trọng tải 20 tấn trở lên trong lĩnh vực xây dựng","Công việc nặng nhọc, nguy hiểm, ảnh hưởng của bụi, rung và ồn cao"
1855,TT 19/2023/TT-BLĐTBXH,I,XÂY DỰNG (XÂY LẮP),Loại IV,"Nặng nhọc, độc hại, nguy hiểm",1,"Lắp dựng, tháo dỡ ván khuôn, hệ ván khuôn hoặc giàn giáo công trình","Thường xuyên làm việc ngoài trời, công việc thủ công, nặng nhọc, nguy hiểm"
1856,TT 19/2023/TT-BLĐTBXH,I,XÂY DỰNG (XÂY LẮP),Loại IV,"Nặng nhọc, độc hại, nguy hiểm",2,"Lắp dựng: thiết bị, cấu kiện, kết cấu thép, bê tông đúc sẵn, tấm tường, tấm sàn, tấm mái công trình","Thường xuyên làm việc ngoài trời, công việc nặng nhọc, nguy hiểm"
1857,TT 19/2023/TT-BLĐTBXH,I,XÂY DỰNG (XÂY LẮP),Loại IV,"Nặng nhọc, độc hại, nguy hiểm",3,"Gia công, lắp dựng cốt thép công trình","Thường xuyên làm việc ngoài trời, công việc thủ công, nặng nhọc, nguy hiểm"
1858,TT 19/2023/TT-BLĐTBXH,I,XÂY DỰNG (XÂY LẮP),Loại IV,"Nặng nhọc, độc hại, nguy hiểm",4,Đổ bê tông công trình,"Thường xuyên làm việc ngoài trời, làm ca đêm, công việc nguy hiểm"
1859,TT 19/2023/TT-BLĐTBXH,I,XÂY DỰNG (XÂY LẮP),Loại IV,"Nặng nhọc, độc hại, nguy hiểm",5,Vận hành cần trục tháp hoặc vận thăng hoặc sàn treo,"Thường xuyên làm việc ngoài trời, công việc nguy hiểm, căng thẳng thần kinh tâm lý"
1860,TT 19/2023/TT-BLĐTBXH,I,XÂY DỰNG (XÂY LẮP),Loại IV,"Nặng nhọc, độc hại, nguy hiểm",6,"Thi công đào, xúc: đất, đá, cát công trình hầm, ngầm","Nơi làm việc thiếu ánh sáng, thiếu dưỡng khí; công việc nguy hiểm, chịu tác động của ồn, rung, hơi khí độc."
1861,TT 19/2023/TT-BLĐTBXH,I,XÂY DỰNG (XÂY LẮP),Loại IV,"Nặng nhọc, độc hại, nguy hiểm",7,"Xây gạch, đá, trát, ốp, lát tường công trình cao trên 6m","Công việc thủ công, nặng nhọc, nguy cơ ngã cao"
1862,TT 19/2023/TT-BLĐTBXH,I,XÂY DỰNG (XÂY LẮP),Loại IV,"Nặng nhọc, độc hại, nguy hiểm",8,"Thi công sơn, bả, chống thấm bề mặt công trình cao trên 6m","Công việc thủ công, nặng nhọc, nguy hiểm, nguy cơ ngã cao"
1863,TT 19/2023/TT-BLĐTBXH,I,XÂY DỰNG (XÂY LẮP),Loại IV,"Nặng nhọc, độc hại, nguy hiểm",9,Thi công lắp dựng kính công trình cao trên 2m,"Công việc thủ công, nặng nhọc, nguy hiểm, nguy cơ ngã cao"
1864,TT 19/2023/TT-BLĐTBXH,I,XÂY DỰNG (XÂY LẮP),Loại IV,"Nặng nhọc, độc hại, nguy hiểm",10,"Lắp đặt, sửa chữa các thiết bị điện, hệ thống cơ điện tại công trình","Công việc thủ công, nặng nhọc, nguy hiểm, nguy cơ tai nạn điện giật."
1865,TT 19/2023/TT-BLĐTBXH,I,XÂY DỰNG (XÂY LẮP),Loại IV,"Nặng nhọc, độc hại, nguy hiểm",11,"Sử dụng máy, dụng cụ cầm tay để khoan, cắt, phá, đục tẩy kết cấu bê tông, bề mặt bê tông","Công việc nặng nhọc, nguy hiểm, nguy cơ ngã cao, tai nạn điện giật"
1866,TT 19/2023/TT-BLĐTBXH,I,XÂY DỰNG (XÂY LẮP),Loại IV,"Nặng nhọc, độc hại, nguy hiểm",12,"Bốc xếp, vận chuyển vật liệu, thiết bị, cấu kiện tại công trường thi công xây dựng","Công việc thủ công, nặng nhọc"
1867,TT 19/2023/TT-BLĐTBXH,I,XÂY DỰNG (XÂY LẮP),Loại IV,"Nặng nhọc, độc hại, nguy hiểm",13,"Thi công đào, xúc đất, đá, cát công trình hở","Công việc nặng nhọc. Tiếp xúc với bụi, ồn."
1868,TT 19/2023/TT-BLĐTBXH,I,XÂY DỰNG (XÂY LẮP),Loại IV,"Nặng nhọc, độc hại, nguy hiểm",14,"Thi công, hoàn thiện trên mái đứng, mái nghiêng công trình","Công việc thủ công, nặng nhọc, nguy hiểm, nguy cơ ngã cao."
1869,TT 19/2023/TT-BLĐTBXH,I,XÂY DỰNG (XÂY LẮP),Loại IV,"Nặng nhọc, độc hại, nguy hiểm",15,"Khoan tạo lỗ neo, lắp đặt thanh neo thép, lắp dựng lưới thép, gia cố mái taluy công trình hoặc mái ta luy đường","Công việc nặng nhọc, nguy hiểm, tư thế lao động gò bó, chịu tác động của ồn, rung và bụi."
1870,TT 19/2023/TT-BLĐTBXH,I,XÂY DỰNG (XÂY LẮP),Loại IV,"Nặng nhọc, độc hại, nguy hiểm",16,Vận hành máy khoan hoặc máy ép cọc hoặc máy đóng cọc trong thi công xây dựng,"Công việc nguy hiểm, chịu tác động của ồn, rung."
1871,TT 19/2023/TT-BLĐTBXH,I,XÂY DỰNG (XÂY LẮP),Loại IV,"Nặng nhọc, độc hại, nguy hiểm",17,"Vận hành, sửa chữa hệ thống dây chuyền nghiền, sàng đá, nghiền cát nhân tạo","Công việc nặng nhọc, chịu tác động của ồn, rung, bụi, tiếp xúc với dầu mỡ công nghiệp."
1872,TT 19/2023/TT-BLĐTBXH,I,XÂY DỰNG (XÂY LẮP),Loại IV,"Nặng nhọc, độc hại, nguy hiểm",18,"Ép, nhổ cừ Larsen bằng búa máy hoặc máy ép thủy lực","Công việc nguy hiểm, chịu tác động của ồn, rung."
1873,TT 19/2023/TT-BLĐTBXH,I,XÂY DỰNG (XÂY LẮP),Loại IV,"Nặng nhọc, độc hại, nguy hiểm",19,Vận hành trạm trộn bê tông,"Công việc chịu tác động của rung, ồn và bụi"
1874,TT 19/2023/TT-BLĐTBXH,I,XÂY DỰNG (XÂY LẮP),Loại IV,"Nặng nhọc, độc hại, nguy hiểm",20,Xây dựng thủ công các công trình xây dựng,"Công việc thủ công, nặng nhọc, ảnh hưởng của ồn và bụi."
1875,TT 19/2023/TT-BLĐTBXH,I,XÂY DỰNG (XÂY LẮP),Loại IV,"Nặng nhọc, độc hại, nguy hiểm",21,"Điều khiển máy đầm bê tông, cấu kiện bê tông trong lĩnh vực xây dựng","Công việc nặng nhọc, chịu ảnh hưởng của tiếng ồn, rung và bụi."
1876,TT 19/2023/TT-BLĐTBXH,I,XÂY DỰNG (XÂY LẮP),Loại IV,"Nặng nhọc, độc hại, nguy hiểm",22,"Khoan, phun bê tông bằng máy nén khí cầm tay trong lĩnh vực xây dựng","Công việc nặng nhọc, bẩn, chịu tác động của bụi, ồn và rung vượt tiêu chuẩn cho phép nhiều lần"
1877,TT 19/2023/TT-BLĐTBXH,I,XÂY DỰNG (XÂY LẮP),Loại IV,"Nặng nhọc, độc hại, nguy hiểm",23,"Hàn điện, hàn hơi trong lĩnh vực xây dựng",Tiếp xúc với nóng và hơi khí độc.
1878,TT 19/2023/TT-BLĐTBXH,I,XÂY DỰNG (XÂY LẮP),Loại IV,"Nặng nhọc, độc hại, nguy hiểm",24,"Phụ cẩu, móc cáp trong lĩnh vực xây dựng","Làm việc ngoài trời, công việc nặng nhọc, nguy hiểm."
1879,TT 19/2023/TT-BLĐTBXH,I,XÂY DỰNG (XÂY LẮP),Loại IV,"Nặng nhọc, độc hại, nguy hiểm",25,Lái máy ủi trong lĩnh vực xây dựng,"Công việc nặng nhọc, ảnh hưởng của ồn, rung và bụi"
1880,TT 19/2023/TT-BLĐTBXH,I,XÂY DỰNG (XÂY LẮP),Loại IV,"Nặng nhọc, độc hại, nguy hiểm",26,Lái máy xúc dung tích gầu dưới 4m3 trong lĩnh vực xây dựng,"Chịu tác động của nóng, bụi, ồn và rung."
1881,TT 19/2023/TT-BLĐTBXH,I,XÂY DỰNG (XÂY LẮP),Loại IV,"Nặng nhọc, độc hại, nguy hiểm",27,Lái xe cần trục từ 20 tấn trở lên trong lĩnh vực xây dựng,"Công việc nặng nhọc, nguy hiểm, nóng"
1882,TT 19/2023/TT-BLĐTBXH,I,XÂY DỰNG (XÂY LẮP),Loại IV,"Nặng nhọc, độc hại, nguy hiểm",28,"Sửa chữa xe, máy thi công ở các công trình xây dựng","Làm việc ngoài trời, công việc nặng nhọc, tư thế lao động gò bó, tiếp xúc với dầu mỡ."
1883,TT 19/2023/TT-BLĐTBXH,I,XÂY DỰNG (XÂY LẮP),Loại IV,"Nặng nhọc, độc hại, nguy hiểm",29,Lái xe vận tải từ 7 tấn đến dưới 20 tấn trong lĩnh vực xây dựng,"Nặng nhọc, căng thẳng thần kinh tâm lý, ồn, rung, nguy hiểm."
1884,TT 19/2023/TT-BLĐTBXH,II,VẬN TẢI,Loại IV,"Nặng nhọc, độc hại, nguy hiểm",1,Giao nhận hàng hóa đầu cần ở các bến cảng,"Công việc thủ công, tư thế làm việc kém thoải mái, đứng, di chuyển nhiều; chịu tác động của thời tiết, ồn, bụi"
1885,TT 19/2023/TT-BLĐTBXH,II,VẬN TẢI,Loại IV,"Nặng nhọc, độc hại, nguy hiểm",2,"Lái xe chở tổng đoạn tàu thủy, có trọng tải từ 50 tấn trở lên","Công việc cần sự tập trung quan sát, xử lý tình huống chính xác; chịu tác động của nóng, ồn, bụi, rung"
1886,TT 19/2023/TT-BLĐTBXH,II,VẬN TẢI,Loại IV,"Nặng nhọc, độc hại, nguy hiểm",3,Sửa chữa điện trong Nhà máy đóng tàu,"Tư thế lao động gò bó, làm việc trong môi trường luôn tiềm ẩn nguy hiểm, cháy nổ; chịu tác động của nóng, ồn"
1887,TT 19/2023/TT-BLĐTBXH,II,VẬN TẢI,Loại IV,"Nặng nhọc, độc hại, nguy hiểm",4,Vận hành máy cắt CNC trong Nhà máy đóng tàu,"Làm việc trong môi trường nguy hiểm; chịu tác động của nóng, ổn, bụi"
1888,TT 19/2023/TT-BLĐTBXH,III,THƯƠNG BINH VÀ XÃ HỘI,Loại VI,"Đặc biệt nặng nhọc, độc hại, nguy hiểm",1,"Trực tiếp rà phá bom, mìn, vật liệu nổ; xử lý bom, mìn sau rà phá","Rất nguy hiểm, độc hại, căng thẳng thần kinh tâm lý"
1889,TT 19/2023/TT-BLĐTBXH,III,THƯƠNG BINH VÀ XÃ HỘI,Loại IV,"Nặng nhọc, độc hại, nguy hiểm",1,Nhân viên tư vấn Tổng đài điện thoại quốc gia bảo vệ trẻ em 111,"Làm việc trong điều kiện tiếp xúc tiếng ồn thường xuyên, liên tục, môi trường làm việc khép kín, ảnh hưởng bởi sóng điện thoại, căng thẳng thần kinh tâm lý"
1890,TT 19/2023/TT-BLĐTBXH,III,THƯƠNG BINH VÀ XÃ HỘI,Loại IV,"Nặng nhọc, độc hại, nguy hiểm",2,"Giáo viên trực tiếp can thiệp, dạy văn hóa, dạy nghề, tư vấn việc làm, phục hồi chức năng, trợ giúp pháp lý, huấn luyện viên, bác sĩ khám phân loại thương tật thể thao, hỗ trợ đối với người khuyết tật nặng, đặc biệt nặng",Công việc căng thẳng thần kinh tâm lý
1891,TT 19/2023/TT-BLĐTBXH,III,THƯƠNG BINH VÀ XÃ HỘI,Loại IV,"Nặng nhọc, độc hại, nguy hiểm",3,"Sản xuất, lắp ráp dụng cụ chỉnh hình","Công việc nặng nhọc, chịu tác động của bụi, ồn"
1892,TT 19/2023/TT-BLĐTBXH,III,THƯƠNG BINH VÀ XÃ HỘI,Loại IV,"Nặng nhọc, độc hại, nguy hiểm",4,"Trực tiếp giải quyết chế độ chính sách đối với thương binh, bệnh binh và hỗ trợ trực tiếp người có công về điều dưỡng tại đơn vị","Công việc nặng nhọc, căng thẳng thần kinh tâm lý"
1893,TT 28/2025/TT-BNV,I,PHÒNG KHÔNG - KHÔNG QUÂN - TÊN LỬA - TÁC CHIẾN ĐIỆN TỬ - TÁC CHIẾN KHÔNG GIAN MẠNG,Loại VI,"Đặc biệt nặng nhọc, độc hại, nguy hiểm",1,"Sửa chữa anten ra đa, ra đa tên lửa.","Ảnh hưởng điện từ trường siêu cao tần vượt tiêu chuẩn cho phép nhiều lần, công việc nặng nhọc, nguy hiểm căng thẳng thần kinh tâm lý."
1894,TT 28/2025/TT-BNV,I,PHÒNG KHÔNG - KHÔNG QUÂN - TÊN LỬA - TÁC CHIẾN ĐIỆN TỬ - TÁC CHIẾN KHÔNG GIAN MẠNG,Loại VI,"Đặc biệt nặng nhọc, độc hại, nguy hiểm",2,"Lái máy bay chiến đấu siêu âm, giáo viên huấn luyện bay; phi công bay thử.","Nặng nhọc, nguy hiểm, hệ số quá tải lớn, thiếu dưỡng khí, ảnh hưởng điện từ trường siêu cao tần, ồn, căng thẳng thần kinh tâm lý."
1895,TT 28/2025/TT-BNV,I,PHÒNG KHÔNG - KHÔNG QUÂN - TÊN LỬA - TÁC CHIẾN ĐIỆN TỬ - TÁC CHIẾN KHÔNG GIAN MẠNG,Loại VI,"Đặc biệt nặng nhọc, độc hại, nguy hiểm",3,"Tổ lái máy bay vận tải quân sự, trực thăng vũ trang, máy bay trinh sát.","Nặng nhọc, nguy hiểm, ảnh hưởng điện từ trường siêu cao tần, ồn, căng thẳng thẳng kinh tâm lý."
1896,TT 28/2025/TT-BNV,I,PHÒNG KHÔNG - KHÔNG QUÂN - TÊN LỬA - TÁC CHIẾN ĐIỆN TỬ - TÁC CHIẾN KHÔNG GIAN MẠNG,Loại VI,"Đặc biệt nặng nhọc, độc hại, nguy hiểm",4,"Sản xuất, khôi phục chất O, chất G (phục vụ chiến đấu của tên lửa).","Thường xuyên tiếp xúc với các chất độc hại, chất O, chất G, rất nguy hiểm."
1897,TT 28/2025/TT-BNV,I,PHÒNG KHÔNG - KHÔNG QUÂN - TÊN LỬA - TÁC CHIẾN ĐIỆN TỬ - TÁC CHIẾN KHÔNG GIAN MẠNG,Loại VI,"Đặc biệt nặng nhọc, độc hại, nguy hiểm",5,Trinh sát không gian mạng.,"Làm việc trong phòng kín, chịu tác động của bức xạ màn hình và điện từ trường cao tần ở mức độ cao liên tục; tư thế làm việc gò bó, căng thẳng thần kinh tâm lý, thị giác."
1898,TT 28/2025/TT-BNV,I,PHÒNG KHÔNG - KHÔNG QUÂN - TÊN LỬA - TÁC CHIẾN ĐIỆN TỬ - TÁC CHIẾN KHÔNG GIAN MẠNG,Loại VI,"Đặc biệt nặng nhọc, độc hại, nguy hiểm",6,"Phòng thủ mạng, ứng cứu sự cố an toàn thông tin.","Làm việc trong nhiều điều kiện môi trường khác nhau, chịu tác động của bức xạ màn hình và điện từ trường cao tần ở mức độ cao, liên tục; tư thế làm việc gò bó, căng thẳng thần kinh tâm lý, thị giác."
1899,TT 28/2025/TT-BNV,I,PHÒNG KHÔNG - KHÔNG QUÂN - TÊN LỬA - TÁC CHIẾN ĐIỆN TỬ - TÁC CHIẾN KHÔNG GIAN MẠNG,Loại VI,"Đặc biệt nặng nhọc, độc hại, nguy hiểm",7,Tấn công mạng.,"Làm việc trong phòng kín, chịu bức xạ màn hình và điện từ trường cao tần ở mức độ cao; tư thế làm việc gò bó, cường độ cao, áp lực lớn, căng thẳng thị giác, thần kinh tâm lý."
1900,TT 28/2025/TT-BNV,I,PHÒNG KHÔNG - KHÔNG QUÂN - TÊN LỬA - TÁC CHIẾN ĐIỆN TỬ - TÁC CHIẾN KHÔNG GIAN MẠNG,Loại VI,"Đặc biệt nặng nhọc, độc hại, nguy hiểm",8,Tác chiến thông tin.,"Làm việc trong phòng kín, chịu tác động bức xạ màn hình và điện từ trường cao tần; tư thế làm việc gò bó, lao động trí óc căng thẳng, áp lực lớn, căng thẳng thị giác, thần kinh tâm lý."
1901,TT 28/2025/TT-BNV,I,PHÒNG KHÔNG - KHÔNG QUÂN - TÊN LỬA - TÁC CHIẾN ĐIỆN TỬ - TÁC CHIẾN KHÔNG GIAN MẠNG,Loại V,"Đặc biệt nặng nhọc, độc hại, nguy hiểm",1,"Vận hành, bảo dưỡng, hiệu chỉnh, sửa chữa thiết bị xe, đài, điều khiển tên lửa, xe đài tác chiến điện tử.","Tư thế gò bó, ảnh hưởng điện từ trường siêu cao tần vượt tiêu chuẩn cho phép nhiều lần."
1902,TT 28/2025/TT-BNV,I,PHÒNG KHÔNG - KHÔNG QUÂN - TÊN LỬA - TÁC CHIẾN ĐIỆN TỬ - TÁC CHIẾN KHÔNG GIAN MẠNG,Loại V,"Đặc biệt nặng nhọc, độc hại, nguy hiểm",2,"Điều khiển (hệ phát lệnh, hệ thống nhiễu, hệ tọa độ, máy hỏi, quang truyền hình) tên lửa, ra đa tác chiến điện tử.","Thường xuyên tiếp xúc với điện từ trường siêu cao tần, nơi làm việc chật hẹp, nóng, căng thẳng thần kinh tâm lý."
1903,TT 28/2025/TT-BNV,I,PHÒNG KHÔNG - KHÔNG QUÂN - TÊN LỬA - TÁC CHIẾN ĐIỆN TỬ - TÁC CHIẾN KHÔNG GIAN MẠNG,Loại V,"Đặc biệt nặng nhọc, độc hại, nguy hiểm",3,"Lắp ráp, kiểm tra, hiệu chỉnh, sửa chữa đạn, tên lửa.","Công việc nguy hiểm, tiếp xúc hóa chất độc tập trung chú ý cao, căng thẳng thần kinh tâm lý."
1904,TT 28/2025/TT-BNV,I,PHÒNG KHÔNG - KHÔNG QUÂN - TÊN LỬA - TÁC CHIẾN ĐIỆN TỬ - TÁC CHIẾN KHÔNG GIAN MẠNG,Loại V,"Đặc biệt nặng nhọc, độc hại, nguy hiểm",4,"Vận hành máy nén khí nạp vào tên lửa, khí tài tác chiến điện tử.","Công việc nặng nhọc, nguy hiểm, ồn, bụi."
1905,TT 28/2025/TT-BNV,I,PHÒNG KHÔNG - KHÔNG QUÂN - TÊN LỬA - TÁC CHIẾN ĐIỆN TỬ - TÁC CHIẾN KHÔNG GIAN MẠNG,Loại V,"Đặc biệt nặng nhọc, độc hại, nguy hiểm",5,"Vận hành kiểm tra, sửa chữa hiệu chỉnh ra đa, ra đa tác chiến điện tử.","Ảnh hưởng điện từ trường siêu cao tần, tia ron ghen, hiệu ứng bề mặt, ồn."
1906,TT 28/2025/TT-BNV,I,PHÒNG KHÔNG - KHÔNG QUÂN - TÊN LỬA - TÁC CHIẾN ĐIỆN TỬ - TÁC CHIẾN KHÔNG GIAN MẠNG,Loại V,"Đặc biệt nặng nhọc, độc hại, nguy hiểm",6,Kíp điều khiển pháo phòng không tự hành (Zey 23...).,"Làm việc trong xe, nóng, chật hẹp, gò bó, ồn, rung, xóc, ảnh hưởng điện từ trường siêu cao tần."
1907,TT 28/2025/TT-BNV,I,PHÒNG KHÔNG - KHÔNG QUÂN - TÊN LỬA - TÁC CHIẾN ĐIỆN TỬ - TÁC CHIẾN KHÔNG GIAN MẠNG,Loại V,"Đặc biệt nặng nhọc, độc hại, nguy hiểm",7,Lái máy bay trinh sát cánh mềm.,"Nguy hiểm, ảnh hưởng điện từ trường, ồn, căng thẳng thần kinh tâm lý"
1908,TT 28/2025/TT-BNV,I,PHÒNG KHÔNG - KHÔNG QUÂN - TÊN LỬA - TÁC CHIẾN ĐIỆN TỬ - TÁC CHIẾN KHÔNG GIAN MẠNG,Loại V,"Đặc biệt nặng nhọc, độc hại, nguy hiểm",8,"Nhảy dù (làm nhiệm vụ chiến đấu, tìm kiếm, cấp cứu).","Công việc nặng nhọc, nguy hiểm, căng thẳng thần kinh tâm lý."
1909,TT 28/2025/TT-BNV,I,PHÒNG KHÔNG - KHÔNG QUÂN - TÊN LỬA - TÁC CHIẾN ĐIỆN TỬ - TÁC CHIẾN KHÔNG GIAN MẠNG,Loại V,"Đặc biệt nặng nhọc, độc hại, nguy hiểm",9,Kỹ thuật cơ vụ bảo đảm an toàn bay ở các sân bay quân sự.,"Làm việc ngoài trời, ảnh hưởng tiếng ồn lớn vượt tiêu chuẩn cho phép nhiều lần, điện từ trường."
1910,TT 28/2025/TT-BNV,I,PHÒNG KHÔNG - KHÔNG QUÂN - TÊN LỬA - TÁC CHIẾN ĐIỆN TỬ - TÁC CHIẾN KHÔNG GIAN MẠNG,Loại V,"Đặc biệt nặng nhọc, độc hại, nguy hiểm",10,"Sửa chữa máy bay phản lực tại các trạm, xưởng sửa chữa.","Công việc nặng nhọc, chịu tác động tiếng ồn lớn vượt tiêu chuẩn cho phép nhiều lần và hóa chất độc hại."
1911,TT 28/2025/TT-BNV,I,PHÒNG KHÔNG - KHÔNG QUÂN - TÊN LỬA - TÁC CHIẾN ĐIỆN TỬ - TÁC CHIẾN KHÔNG GIAN MẠNG,Loại V,"Đặc biệt nặng nhọc, độc hại, nguy hiểm",11,Dẫn đường bay ở các trạm ra đa sân bay.,"Ảnh hưởng tiếng ồn lớn, điện từ trường siêu cao tần, bức xạ màn hình ra đa, căng thẳng thần kinh tâm lý."
1912,TT 28/2025/TT-BNV,I,PHÒNG KHÔNG - KHÔNG QUÂN - TÊN LỬA - TÁC CHIẾN ĐIỆN TỬ - TÁC CHIẾN KHÔNG GIAN MẠNG,Loại V,"Đặc biệt nặng nhọc, độc hại, nguy hiểm",12,"Pháo thủ bệ đạn tên lửa, pháo thủ Pháo phòng không tầm trung.","Thường xuyên làm việc ngoài trời, lao động nặng nhọc, nóng, nắng."
1913,TT 28/2025/TT-BNV,I,PHÒNG KHÔNG - KHÔNG QUÂN - TÊN LỬA - TÁC CHIẾN ĐIỆN TỬ - TÁC CHIẾN KHÔNG GIAN MẠNG,Loại V,"Đặc biệt nặng nhọc, độc hại, nguy hiểm",13,"Làm việc (theo kíp) trên xe huấn luyện, chiến đấu tên lửa Phòng không; hệ lập lệnh trong xe điều khiển tên lửa.","Nơi làm việc chật hẹp, nóng, thiếu dưỡng khí, căng thẳng thần kinh tâm lý, ảnh hưởng của sóng siêu cao tần."
1914,TT 28/2025/TT-BNV,I,PHÒNG KHÔNG - KHÔNG QUÂN - TÊN LỬA - TÁC CHIẾN ĐIỆN TỬ - TÁC CHIẾN KHÔNG GIAN MẠNG,Loại V,"Đặc biệt nặng nhọc, độc hại, nguy hiểm",14,"Sản xuất, chế tạo keo (đặc thù quân sự) phục vụ sửa chữa, bảo quản kỹ thuật phòng không.","Thường xuyên tiếp xúc với hoá chất độc hại, chịu ảnh hưởng của tiếng ồn cao."
1915,TT 28/2025/TT-BNV,I,PHÒNG KHÔNG - KHÔNG QUÂN - TÊN LỬA - TÁC CHIẾN ĐIỆN TỬ - TÁC CHIẾN KHÔNG GIAN MẠNG,Loại V,"Đặc biệt nặng nhọc, độc hại, nguy hiểm",15,"Sửa chữa các tổ hợp điều khiển vũ khí hàng không (ra đa vô tuyến, hệ thống quang điện tử, ra đa ngắm bắn).","Ảnh hưởng sóng siêu cao tần, sóng điện tử, ồn, nóng, căng thẳng thần kinh tâm lý."
1916,TT 28/2025/TT-BNV,I,PHÒNG KHÔNG - KHÔNG QUÂN - TÊN LỬA - TÁC CHIẾN ĐIỆN TỬ - TÁC CHIẾN KHÔNG GIAN MẠNG,Loại V,"Đặc biệt nặng nhọc, độc hại, nguy hiểm",16,"Khai thác, sử dụng, sửa chữa (kíp làm việc) trong xe tên lửa phòng không tầm thấp.","Công việc nặng nhọc, tư thế làm việc gò bó, chật hẹp, nóng, tiếp xúc sóng siêu cao tần, căng thẳng thần kinh tâm lý."
1917,TT 28/2025/TT-BNV,I,PHÒNG KHÔNG - KHÔNG QUÂN - TÊN LỬA - TÁC CHIẾN ĐIỆN TỬ - TÁC CHIẾN KHÔNG GIAN MẠNG,Loại V,"Đặc biệt nặng nhọc, độc hại, nguy hiểm",17,"Nghiên cứu, hiệu chỉnh máy phát và đường truyền sóng của ra đa quân sự các loại.","Ảnh hưởng điện từ trường siêu cao tần, điện cao áp công suất lớn, công suất lọt của máy phát rất lớn."
1918,TT 28/2025/TT-BNV,I,PHÒNG KHÔNG - KHÔNG QUÂN - TÊN LỬA - TÁC CHIẾN ĐIỆN TỬ - TÁC CHIẾN KHÔNG GIAN MẠNG,Loại V,"Đặc biệt nặng nhọc, độc hại, nguy hiểm",18,"Vệ sinh, bảo vệ đường băng thu gấp dù phục vụ các chuyến bay.","Làm việc ngoài trời, nặng nhọc, tiếp xúc ồn, bụi đường băng."
1919,TT 28/2025/TT-BNV,I,PHÒNG KHÔNG - KHÔNG QUÂN - TÊN LỬA - TÁC CHIẾN ĐIỆN TỬ - TÁC CHIẾN KHÔNG GIAN MẠNG,Loại V,"Đặc biệt nặng nhọc, độc hại, nguy hiểm",19,"Dự báo quan trắc khí tượng trực tiếp ở sân bay và phục vụ bay; không ảnh kiểm tra khách quan, trinh sát điện tử, gây nhiễu.","Ảnh hưởng điện từ trường cao tần, ồn, bụi."
1920,TT 28/2025/TT-BNV,I,PHÒNG KHÔNG - KHÔNG QUÂN - TÊN LỬA - TÁC CHIẾN ĐIỆN TỬ - TÁC CHIẾN KHÔNG GIAN MẠNG,Loại V,"Đặc biệt nặng nhọc, độc hại, nguy hiểm",20,"Chế tạo, khai thác, vận hành buồng tập lái máy bay quân sự.","Nơi làm việc chật hẹp, tư thế gò bó, nóng, căng thẳng thần kinh, tiếp xúc điện từ trường."
1921,TT 28/2025/TT-BNV,I,PHÒNG KHÔNG - KHÔNG QUÂN - TÊN LỬA - TÁC CHIẾN ĐIỆN TỬ - TÁC CHIẾN KHÔNG GIAN MẠNG,Loại V,"Đặc biệt nặng nhọc, độc hại, nguy hiểm",21,Vận hành hệ thống tự động hoá chỉ huy tác chiến điện tử cơ động.,"Trực tiếp tiếp xúc sóng điện từ, vận hành cơ cấu xe chuyên dụng, môi trường làm việc chật hẹp, nóng bức, căng thẳng thần kinh, mệt mỏi, tiêu hao sức khoẻ lớn. Thường xuyên cơ động triển khai ngoài hiện trường, triển khai các thiết bị trên cao."
1922,TT 28/2025/TT-BNV,I,PHÒNG KHÔNG - KHÔNG QUÂN - TÊN LỬA - TÁC CHIẾN ĐIỆN TỬ - TÁC CHIẾN KHÔNG GIAN MẠNG,Loại V,"Đặc biệt nặng nhọc, độc hại, nguy hiểm",22,"Nghiên cứu, thử nghiệm các loại khí tài như: ra đa, sô na, thủy âm, quang điện tử, laser, tác chiến điện tử, vũ khí điện từ trường, ngụy trang, nghi trang.",Chịu ảnh hưởng của sóng siêu cao tần tạo ra từ các thiết bị chưa được chế tạo hoàn thành (đang trong giai đoạn thử nghiệm) căng thẳng thần kinh tâm lý ảnh hưởng tới sức khoẻ sinh học.
1923,TT 28/2025/TT-BNV,I,PHÒNG KHÔNG - KHÔNG QUÂN - TÊN LỬA - TÁC CHIẾN ĐIỆN TỬ - TÁC CHIẾN KHÔNG GIAN MẠNG,Loại V,"Đặc biệt nặng nhọc, độc hại, nguy hiểm",23,"Quản lý, điều hành sở chỉ huy tác chiến điện tử.","Tiếp xúc khí tài trinh sát, chịu ảnh hưởng của bức xạ điện từ, căng thẳng thần kinh tâm lý."
1924,TT 28/2025/TT-BNV,I,PHÒNG KHÔNG - KHÔNG QUÂN - TÊN LỬA - TÁC CHIẾN ĐIỆN TỬ - TÁC CHIẾN KHÔNG GIAN MẠNG,Loại V,"Đặc biệt nặng nhọc, độc hại, nguy hiểm",24,Kíp huấn luyện Pháo phòng không và Đài điều khiển trung tâm.,"Người lao động làm việc không theo giờ cố định. Công việc đặc biệt nguy hiểm, thường xuyên làm việc ngoài trời, lao động nặng nhọc, nóng, nắng, tiếng ồn, hơi thuốc súng yêu cầu tập trung chú ý cao, căng thẳng thần kinh tâm lý mức độ cao."
1925,TT 28/2025/TT-BNV,I,PHÒNG KHÔNG - KHÔNG QUÂN - TÊN LỬA - TÁC CHIẾN ĐIỆN TỬ - TÁC CHIẾN KHÔNG GIAN MẠNG,Loại V,"Đặc biệt nặng nhọc, độc hại, nguy hiểm",25,"Vận hành, quản trị hệ thống, nghiên cứu, phát triển ứng dụng, hướng dẫn viên làm việc trên các hệ thống mô phỏng không quân.","Tính chất công việc căng thẳng, cường độ làm việc lớn, có mức độ bức xạ nguy hại cao, phải tập trung cao độ, thường xuyên tiếp xúc trực tiếp với hệ thống máy móc, máy chiếu chuyên dụng chiếu thẳng vào đầu trong thời gian dài. Thường xuyên tiếp xúc với tiếng ồn lớn, sóng vô tuyến của hệ thống đài trạm, ra đa. Không gian làm việc chật hẹp, gò bó kéo dài trong các hệ thống mô phỏng."
1926,TT 28/2025/TT-BNV,I,PHÒNG KHÔNG - KHÔNG QUÂN - TÊN LỬA - TÁC CHIẾN ĐIỆN TỬ - TÁC CHIẾN KHÔNG GIAN MẠNG,Loại V,"Đặc biệt nặng nhọc, độc hại, nguy hiểm",26,"Nghiên cứu, chế thử, thử nghiệm vũ khí, trang bị tác chiến không gian mạng.","Làm việc trong phòng kín, thường xuyên liên tục thao tác trên máy tính, chịu bức xạ màn hình và điện từ trường cao tần, ánh sáng xanh, tư thế làm việc gò bó, căng thẳng thần kinh, tâm lý, thị giác."
1927,TT 28/2025/TT-BNV,I,PHÒNG KHÔNG - KHÔNG QUÂN - TÊN LỬA - TÁC CHIẾN ĐIỆN TỬ - TÁC CHIẾN KHÔNG GIAN MẠNG,Loại V,"Đặc biệt nặng nhọc, độc hại, nguy hiểm",27,"Trực tiếp khai thác, điều khiển máy bay không người lái.","Làm việc không theo khung giờ cố định, làm việc trong điều kiện tiếng ồn vượt ngưỡng cho phép; liên tục chịu ảnh hưởng trực tiếp của môi trường: nhiệt độ cao, nắng nóng...; không gian làm việc chật hẹp trong buồn điều khiển; chịu ảnh hưởng trực tiếp của bức xạ màn hình, sóng vô tuyến của hệ thống đài trạm, SATCOM, ra đa... ảnh hưởng đến thị lực, tinh thần căng thẳng."
1928,TT 28/2025/TT-BNV,I,PHÒNG KHÔNG - KHÔNG QUÂN - TÊN LỬA - TÁC CHIẾN ĐIỆN TỬ - TÁC CHIẾN KHÔNG GIAN MẠNG,Loại V,"Đặc biệt nặng nhọc, độc hại, nguy hiểm",28,"Trực tiếp bảo dưỡng, sửa chữa máy bay không người lái.","Thường xuyên làm việc trong điều kiện tiếng ồn vượt ngưỡng cho phép; liên tục chịu ảnh hưởng trực tiếp của môi trường: nhiệt độ cao, nắng nóng... thường xuyên tiếp xúc với hóa chất, vật liệu composite, xăng dầu, dầu nhớt đặc chủng trong quá trình bảo quản, bảo dưỡng, sửa chữa máy bay; liên tục chịu ảnh hưởng của sóng vô tuyến, sóng điện từ của hệ thống trạm thông tin liên lạc, ra đa, SATCOM..."
1929,TT 28/2025/TT-BNV,I,PHÒNG KHÔNG - KHÔNG QUÂN - TÊN LỬA - TÁC CHIẾN ĐIỆN TỬ - TÁC CHIẾN KHÔNG GIAN MẠNG,Loại IV,"Nặng nhọc, độc hại, nguy hiểm",1,Sử dụng tên lửa phòng không vác vai.,"Công việc nặng nhọc, độc hại, nguy hiểm."
1930,TT 28/2025/TT-BNV,I,PHÒNG KHÔNG - KHÔNG QUÂN - TÊN LỬA - TÁC CHIẾN ĐIỆN TỬ - TÁC CHIẾN KHÔNG GIAN MẠNG,Loại IV,"Nặng nhọc, độc hại, nguy hiểm",2,"Sữa chữa thiết bị xe kiểm tra đạn tên lửa, ra đa.","Ảnh hưởng điện từ trường cao tần, tư thế làm việc gò bó, chật hẹp, nóng."
1931,TT 28/2025/TT-BNV,I,PHÒNG KHÔNG - KHÔNG QUÂN - TÊN LỬA - TÁC CHIẾN ĐIỆN TỬ - TÁC CHIẾN KHÔNG GIAN MẠNG,Loại IV,"Nặng nhọc, độc hại, nguy hiểm",3,"Điều khiển moóc kéo, chở đạn tên lửa, moóc nạp khí cao áp.","Công việc nặng nhọc, ồn, bụi, tiếp xúc khí độc, nguy hiểm."
1932,TT 28/2025/TT-BNV,I,PHÒNG KHÔNG - KHÔNG QUÂN - TÊN LỬA - TÁC CHIẾN ĐIỆN TỬ - TÁC CHIẾN KHÔNG GIAN MẠNG,Loại IV,"Nặng nhọc, độc hại, nguy hiểm",4,Sử dụng khí tài quang học.,"Căng thẳng thần kinh, thị giác, chịu tác động hóa chất độc hại."
1933,TT 28/2025/TT-BNV,I,PHÒNG KHÔNG - KHÔNG QUÂN - TÊN LỬA - TÁC CHIẾN ĐIỆN TỬ - TÁC CHIẾN KHÔNG GIAN MẠNG,Loại IV,"Nặng nhọc, độc hại, nguy hiểm",5,"Sử dụng, sửa chữa máy đo cao tần, máy đo hiện sóng, đồng hồ và máy đo cao áp.","Ảnh hưởng điện từ trường siêu cao tần, tiếp xúc hơi khí độc."
1934,TT 28/2025/TT-BNV,I,PHÒNG KHÔNG - KHÔNG QUÂN - TÊN LỬA - TÁC CHIẾN ĐIỆN TỬ - TÁC CHIẾN KHÔNG GIAN MẠNG,Loại IV,"Nặng nhọc, độc hại, nguy hiểm",6,Bảo đảm khí tài quân giới trực tiếp ở sân bay.,"Làm việc ngoài trời, tiếp xúc hóa chất độc hại, căng thẳng thị giác."
1935,TT 28/2025/TT-BNV,I,PHÒNG KHÔNG - KHÔNG QUÂN - TÊN LỬA - TÁC CHIẾN ĐIỆN TỬ - TÁC CHIẾN KHÔNG GIAN MẠNG,Loại IV,"Nặng nhọc, độc hại, nguy hiểm",7,"Phục vụ trên máy bay (thả hàng, cẩu tời...).","Tiếng ồn lớn, nguy hiểm, căng thẳng thần kinh tâm lý."
1936,TT 28/2025/TT-BNV,I,PHÒNG KHÔNG - KHÔNG QUÂN - TÊN LỬA - TÁC CHIẾN ĐIỆN TỬ - TÁC CHIẾN KHÔNG GIAN MẠNG,Loại IV,"Nặng nhọc, độc hại, nguy hiểm",8,Làm việc trong xe thông tin sân bay; hàng y phục vụ chuyến bay; chỉ huy ban bay.,"Nơi làm việc chật hẹp, nóng, chịu tác động tiếng ồn lớn và điện từ trường."
1937,TT 28/2025/TT-BNV,I,PHÒNG KHÔNG - KHÔNG QUÂN - TÊN LỬA - TÁC CHIẾN ĐIỆN TỬ - TÁC CHIẾN KHÔNG GIAN MẠNG,Loại IV,"Nặng nhọc, độc hại, nguy hiểm",9,"Lái xe cứu hỏa, xe tra nạp xăng, dầu, khí, xe điện phục vụ bay ở sân bay.","Nóng, tiếp xúc hóa chất độc, ồn."
1938,TT 28/2025/TT-BNV,I,PHÒNG KHÔNG - KHÔNG QUÂN - TÊN LỬA - TÁC CHIẾN ĐIỆN TỬ - TÁC CHIẾN KHÔNG GIAN MẠNG,Loại IV,"Nặng nhọc, độc hại, nguy hiểm",10,"Sửa chữa máy bay cánh quạt tại các trạm, xưởng sửa chữa.","Công việc nặng nhọc, tiếp xúc xăng, dầu, hóa chất độc và tiếng ồn."
1939,TT 28/2025/TT-BNV,I,PHÒNG KHÔNG - KHÔNG QUÂN - TÊN LỬA - TÁC CHIẾN ĐIỆN TỬ - TÁC CHIẾN KHÔNG GIAN MẠNG,Loại IV,"Nặng nhọc, độc hại, nguy hiểm",11,"Nhân viên truyền số liệu (VQ-98-01) ở các sở chỉ huy, trạm ra đa.","Tiếp xúc sóng siêu cao tần, căng thẳng thần kinh tâm lý."
1940,TT 28/2025/TT-BNV,I,PHÒNG KHÔNG - KHÔNG QUÂN - TÊN LỬA - TÁC CHIẾN ĐIỆN TỬ - TÁC CHIẾN KHÔNG GIAN MẠNG,Loại IV,"Nặng nhọc, độc hại, nguy hiểm",12,Vận hành các loại xe đặc chủng tại sân đỗ máy bay quân sự.,"Làm việc ngoài trời, nóng, ồn, tiếp xúc với điện từ trường."
1941,TT 28/2025/TT-BNV,I,PHÒNG KHÔNG - KHÔNG QUÂN - TÊN LỬA - TÁC CHIẾN ĐIỆN TỬ - TÁC CHIẾN KHÔNG GIAN MẠNG,Loại IV,"Nặng nhọc, độc hại, nguy hiểm",13,"Sản xuất khí Ni tơ, ô xy (nạp vào xe khí để khởi động máy bay).","Tiếp xúc với chất độc, căng thẳng thần kinh tâm lý."
1942,TT 28/2025/TT-BNV,I,PHÒNG KHÔNG - KHÔNG QUÂN - TÊN LỬA - TÁC CHIẾN ĐIỆN TỬ - TÁC CHIẾN KHÔNG GIAN MẠNG,Loại IV,"Nặng nhọc, độc hại, nguy hiểm",14,"Sản xuất, chế tạo các loại đệm cao su, đệm phi kim loại phục vụ quân sự.","Nơi làm việc nóng, ồn, tiếp xúc với hoá chất độc."
1943,TT 28/2025/TT-BNV,I,PHÒNG KHÔNG - KHÔNG QUÂN - TÊN LỬA - TÁC CHIẾN ĐIỆN TỬ - TÁC CHIẾN KHÔNG GIAN MẠNG,Loại IV,"Nặng nhọc, độc hại, nguy hiểm",15,Sản xuất sơn đặc thù phục vụ cho sửa chữa máy bay quân sự.,Thường xuyên tiếp xúc với hoá chất độc.
1944,TT 28/2025/TT-BNV,I,PHÒNG KHÔNG - KHÔNG QUÂN - TÊN LỬA - TÁC CHIẾN ĐIỆN TỬ - TÁC CHIẾN KHÔNG GIAN MẠNG,Loại IV,"Nặng nhọc, độc hại, nguy hiểm",16,"Chế tạo, lắp ráp các loại mục tiêu bay phục vụ huấn luyện.",Tiếp xúc với hoá chất và các loại vật liệu độc hại.
1945,TT 28/2025/TT-BNV,I,PHÒNG KHÔNG - KHÔNG QUÂN - TÊN LỬA - TÁC CHIẾN ĐIỆN TỬ - TÁC CHIẾN KHÔNG GIAN MẠNG,Loại IV,"Nặng nhọc, độc hại, nguy hiểm",17,Vận hành máy nổ từ 8 KW trở lên ở đơn vị chiến đấu.,"Chịu tiếng ồn lớn, căng thẳng thần kinh tâm lý, tiếp xúc với dầu, mỡ."
1946,TT 28/2025/TT-BNV,I,PHÒNG KHÔNG - KHÔNG QUÂN - TÊN LỬA - TÁC CHIẾN ĐIỆN TỬ - TÁC CHIẾN KHÔNG GIAN MẠNG,Loại IV,"Nặng nhọc, độc hại, nguy hiểm",18,"Nhân viên thu, nghe tình báo trên không ở các sở chỉ huy (tiêu đồ 9x9, 5x5).","Nơi làm việc chật hẹp, tư thế gò bó, căng thẳng thần kinh tâm lý."
1947,TT 28/2025/TT-BNV,I,PHÒNG KHÔNG - KHÔNG QUÂN - TÊN LỬA - TÁC CHIẾN ĐIỆN TỬ - TÁC CHIẾN KHÔNG GIAN MẠNG,Loại IV,"Nặng nhọc, độc hại, nguy hiểm",19,"Khai thác, sử dụng, sửa chữa tên lửa Phòng không tầm thấp.","Công việc nặng nhọc, nguy hiểm, căng thẳng thần kinh tâm lý, tiếp xúc hoá chất độc."
1948,TT 28/2025/TT-BNV,I,PHÒNG KHÔNG - KHÔNG QUÂN - TÊN LỬA - TÁC CHIẾN ĐIỆN TỬ - TÁC CHIẾN KHÔNG GIAN MẠNG,Loại IV,"Nặng nhọc, độc hại, nguy hiểm",20,"Giảng viên huấn luyện thực hành tên lửa phòng không tầm trung, tầm cao, thực hành bệ đạn tên lửa.","Chịu ảnh hưởng điện từ trường siêu cao tần, làm việc ngoài trời."
1949,TT 28/2025/TT-BNV,I,PHÒNG KHÔNG - KHÔNG QUÂN - TÊN LỬA - TÁC CHIẾN ĐIỆN TỬ - TÁC CHIẾN KHÔNG GIAN MẠNG,Loại IV,"Nặng nhọc, độc hại, nguy hiểm",21,"Giảng viên huấn luyện thực hành pháo, pháo phòng không, ra đa, pháo thủ, pháo phòng không tầm thấp.","Căng thẳng thần kinh tâm lý, tiêu hao năng lượng lớn, làm việc ngoài trời."
1950,TT 28/2025/TT-BNV,I,PHÒNG KHÔNG - KHÔNG QUÂN - TÊN LỬA - TÁC CHIẾN ĐIỆN TỬ - TÁC CHIẾN KHÔNG GIAN MẠNG,Loại IV,"Nặng nhọc, độc hại, nguy hiểm",22,Làm công tác quản lý và trực tiếp điều hành tại trung tâm quản lý điều hành bay quốc gia và các sở chỉ huy không quân.,"Chịu tác động của bức xạ nhiệt, bức xạ điện từ, ồn, căng thẳng thần kinh tâm lý."
1951,TT 28/2025/TT-BNV,I,PHÒNG KHÔNG - KHÔNG QUÂN - TÊN LỬA - TÁC CHIẾN ĐIỆN TỬ - TÁC CHIẾN KHÔNG GIAN MẠNG,Loại IV,"Nặng nhọc, độc hại, nguy hiểm",23,Kíp trực quản lý hoạt động bay vùng trời quốc gia.,"Thường xuyên thao tác trên máy vi tính, chịu tác động của bức xạ điện từ, căng thẳng thần kinh, thị giác."
1952,TT 28/2025/TT-BNV,I,PHÒNG KHÔNG - KHÔNG QUÂN - TÊN LỬA - TÁC CHIẾN ĐIỆN TỬ - TÁC CHIẾN KHÔNG GIAN MẠNG,Loại IV,"Nặng nhọc, độc hại, nguy hiểm",24,Giảng viên huấn luyện thực hành tên lửa phòng không tầm thấp.,"Làm việc ngoài trời, công việc nặng nhọc, nguy hiểm."
1953,TT 28/2025/TT-BNV,I,PHÒNG KHÔNG - KHÔNG QUÂN - TÊN LỬA - TÁC CHIẾN ĐIỆN TỬ - TÁC CHIẾN KHÔNG GIAN MẠNG,Loại IV,"Nặng nhọc, độc hại, nguy hiểm",25,Kiểm định phần mềm và dữ liệu; hệ thống và thiết bị công nghệ thông tin.,"Làm việc trong môi trường thiếu ánh sáng, thiếu dưỡng khí, tác động của rung, lắc, tiếng ồn, căng thẳng thị giác, mệt mỏi thần kinh tâm lý."
1954,TT 28/2025/TT-BNV,I,PHÒNG KHÔNG - KHÔNG QUÂN - TÊN LỬA - TÁC CHIẾN ĐIỆN TỬ - TÁC CHIẾN KHÔNG GIAN MẠNG,Loại IV,"Nặng nhọc, độc hại, nguy hiểm",26,Tiêu chuẩn - Đo lường - Chất lượng hệ thống và thiết bị công nghệ thông tin.,"Chịu tác động, ảnh hưởng của bức xạ điện từ trường, tư thế làm việc gò bó, thiếu ánh sách, thiếu dưỡng khí, tác động rung, lắc, căng thẳng thị giác, thần kinh tâm lý."
1955,TT 28/2025/TT-BNV,I,PHÒNG KHÔNG - KHÔNG QUÂN - TÊN LỬA - TÁC CHIẾN ĐIỆN TỬ - TÁC CHIẾN KHÔNG GIAN MẠNG,Loại IV,"Nặng nhọc, độc hại, nguy hiểm",27,"Đảm bảo kỹ thuật công nghệ thông tin; sửa chữa, bảo dưỡng trang bị công nghệ thông tin.","Làm việc trong điều kiện môi trường khác nhau, chịu tác động của bức xạ màn hình, các thiết bị điện tử và điện từ trường cao tần, tư thế làm việc gò bó, căng thẳng thị giác, mệt mỏi thần kinh tâm lý."
1956,TT 28/2025/TT-BNV,I,PHÒNG KHÔNG - KHÔNG QUÂN - TÊN LỬA - TÁC CHIẾN ĐIỆN TỬ - TÁC CHIẾN KHÔNG GIAN MẠNG,Loại IV,"Nặng nhọc, độc hại, nguy hiểm",28,"Quản lý, khai thác vận hành trung tâm dữ liệu, trạm máy chủ công nghệ thông tin.","Công việc nặng nhọc, căng thẳng thị giác, thần kinh tâm lý; làm việc trong phòng kín, chịu ảnh hưởng bức xạ điện từ trường, thiếu ánh sáng, thiếu dưỡng khí."
1957,TT 28/2025/TT-BNV,II,HẢI QUÂN - CẢNH SÁT BIỂN,Loại VI,"Đặc biệt nặng nhọc, độc hại, nguy hiểm",1,"Sỹ quan, thuyền viên làm việc trong tàu ngầm quân sự.","Làm việc trong điều kiện chật hẹp, gò bó, thiếu dưỡng khí, áp suất cao, tiêu hao năng lượng lớn, mệt mỏi thần kinh tâm lý."
1958,TT 28/2025/TT-BNV,II,HẢI QUÂN - CẢNH SÁT BIỂN,Loại VI,"Đặc biệt nặng nhọc, độc hại, nguy hiểm",2,"Sỹ quan, thuyền viên làm việc trên tàu chiến.","Công việc ngoài trời, nặng nhọc, nguy hiểm, rung, ồn lớn, tư thế gò bó, mệt mỏi thần kinh tâm lý."
1959,TT 28/2025/TT-BNV,II,HẢI QUÂN - CẢNH SÁT BIỂN,Loại VI,"Đặc biệt nặng nhọc, độc hại, nguy hiểm",3,Thợ lặn.,"Công việc nặng nhọc, nguy hiểm, chịu áp suất cao, thiếu dưỡng khí."
1960,TT 28/2025/TT-BNV,II,HẢI QUÂN - CẢNH SÁT BIỂN,Loại VI,"Đặc biệt nặng nhọc, độc hại, nguy hiểm",4,Bộ đội phòng thủ ở Trường Sa và DKl.,"Công việc nặng nhọc, nguy hiểm, nơi làm việc ẩm ướt, chịu tác động của thời tiết, sóng gió dễ nhiễm khuẩn, nhiễm bệnh."
1961,TT 28/2025/TT-BNV,II,HẢI QUÂN - CẢNH SÁT BIỂN,Loại VI,"Đặc biệt nặng nhọc, độc hại, nguy hiểm",5,Thợ ụ (âu) đà sửa chữa tàu quân sự.,"Thường xuyên phải lặn, công việc nặng nhọc, nguy hiểm, tư thế lao động gò bó, nóng, ẩm ướt, thiếu dưỡng khí, thường xuyên tiếp xúc dầu mỡ."
1962,TT 28/2025/TT-BNV,II,HẢI QUÂN - CẢNH SÁT BIỂN,Loại VI,"Đặc biệt nặng nhọc, độc hại, nguy hiểm",6,"Sỹ quan, thuyền viên làm việc trên tàu quân sự ở biển xa và khảo sát đo đạc trên biển.","Chịu ảnh hưởng của sóng lớn, rung lắc, thời tiết khắc nghiệt, làm việc trong hầm bảo quản lạnh, môi trường ô nhiễm do hải sản phân huỷ."
1963,TT 28/2025/TT-BNV,II,HẢI QUÂN - CẢNH SÁT BIỂN,Loại VI,"Đặc biệt nặng nhọc, độc hại, nguy hiểm",7,"Bảo quản, sửa chữa chống ăn mòn các công trình nhà giàn ngoài biển.","Công việc nặng nhọc, nguy hiểm chịu tác động của bụi, hoá chất độc, ồn, rung, sóng và gió."
1964,TT 28/2025/TT-BNV,II,HẢI QUÂN - CẢNH SÁT BIỂN,Loại VI,"Đặc biệt nặng nhọc, độc hại, nguy hiểm",8,"Sỹ quan, thuyền viên làm việc trên tàu quân sự và khảo sát đo đạc trên biển.","Chịu ảnh hưởng của sóng lớn, rung lắc, thời tiết khắc nghiệt."
1965,TT 28/2025/TT-BNV,II,HẢI QUÂN - CẢNH SÁT BIỂN,Loại VI,"Đặc biệt nặng nhọc, độc hại, nguy hiểm",9,"Vận hành, khai thác sử dụng, bảo dưỡng trang thiết bị lặn, tàu lặn cứu nạn tàu ngầm.","Công việc đặc thù, rất nguy hiểm, làm việc ở độ sâu lớn, cường độ cao, trong môi trường kín, chật hẹp, thiếu ánh sáng, thiếu dưỡng khí, chịu áp lực lớn, dễ xảy ra mất an toàn; thường xuyên chịu tác động tiếng ồn, rung lắc, sóng điện từ, căng thẳng thần kinh, tâm lý."
1966,TT 28/2025/TT-BNV,II,HẢI QUÂN - CẢNH SÁT BIỂN,Loại VI,"Đặc biệt nặng nhọc, độc hại, nguy hiểm",10,"Huấn luyện thực hành lặn, lặn sửa chữa, lặn thoát hiểm, lặn cứu hộ tàu ngầm.","Công việc nặng nhọc, nguy hiểm (áp suất lớn), thiếu dưỡng khí, tiêu hao năng lượng lớn, điều kiện huấn luyện căng thẳng, tư thế hoạt động gò bó, chật hẹp; căng thẳng thần kinh tâm lý. Tiếp xúc trực tiếp với chất tái sinh không khí O3 hoặc Vôi Soda (có thể gây bỏng đường hô hấp khi bị nước tràn vào bình tái sinh)."
1967,TT 28/2025/TT-BNV,II,HẢI QUÂN - CẢNH SÁT BIỂN,Loại VI,"Đặc biệt nặng nhọc, độc hại, nguy hiểm",11,"Sửa chữa, bảo dưỡng tàu ngầm: điện; máy; cơ khí; van ống; thân vỏ - khoang két; vũ khí; khí tài - điện tử; trang trí; mạ chi tiết tàu ngầm.","Làm việc trong điều kiện khắc nghiệt, vi khí hậu nóng đặc biệt là làm việc trong khoang tầu ngầm kín, thông khí kém, tiếp xúc với tiếng ồn lớn từ hoạt động sửa chữa; rung do thiết bị sửa chữa cầm tay; nồng độ bụi chứa silic cao. Thường xuyên tiếp xúc với dầu, mỡ và các loại hóa chất độc hại để vệ sinh, bảo dưỡng, tiếp xúc với các loại sóng điện từ cao tần sử dụng trong thông tin liên lạc và tiếp xúc với các tia phóng xạ khi kiểm tra khuyết tật bằng từ tính CD1500, tư thế lao động gò bó, chật hẹp, có vị trí phải nằm, bò để sửa chữa."
1968,TT 28/2025/TT-BNV,II,HẢI QUÂN - CẢNH SÁT BIỂN,Loại V,"Đặc biệt nặng nhọc, độc hại, nguy hiểm",1,Bộ đội phòng thủ đảo xa.,"Công việc nguy hiểm, chịu tác động của thời tiết, sóng gió, ẩm ướt dễ nhiễm khuẩn, nhiễm bệnh."
1969,TT 28/2025/TT-BNV,II,HẢI QUÂN - CẢNH SÁT BIỂN,Loại V,"Đặc biệt nặng nhọc, độc hại, nguy hiểm",2,Bộ đội Hải quân đánh bộ.,"Vừa hoạt động dưới tàu biển, vừa bơi lội dưới nước và vận động trên bộ, công việc nặng nhọc, nguy hiểm."
1970,TT 28/2025/TT-BNV,II,HẢI QUÂN - CẢNH SÁT BIỂN,Loại V,"Đặc biệt nặng nhọc, độc hại, nguy hiểm",3,"Sửa chữa, lắp đặt máy tàu, thiết, bị vũ khí trong hầm tàu chiến.","Công việc nặng nhọc, độc hại, độ ồn lớn, nơi làm việc chật hẹp, tư thế làm việc gò bó."
1971,TT 28/2025/TT-BNV,II,HẢI QUÂN - CẢNH SÁT BIỂN,Loại V,"Đặc biệt nặng nhọc, độc hại, nguy hiểm",4,"Trực tiếp lắp ráp, kiểm tra, hiệu chỉnh, sửa chữa, bảo quản đạn ngư lôi, tên lửa, thuỷ lôi, bom phóng, bom chìm, đạn pháo tàu.","Công việc rất nguy hiểm, tiếp xúc với hoá chất độc, tư thế lao động gò bó, tập trung chú ý cao, căng thẳng thần kinh tâm lý."
1972,TT 28/2025/TT-BNV,II,HẢI QUÂN - CẢNH SÁT BIỂN,Loại V,"Đặc biệt nặng nhọc, độc hại, nguy hiểm",5,Vận hành máy nén khí nạp vào tên lửa tàu Hải quân.,"Công việc rất nguy hiểm, độc hại, ồn, nóng, độ bụi cao."
1973,TT 28/2025/TT-BNV,II,HẢI QUÂN - CẢNH SÁT BIỂN,Loại V,"Đặc biệt nặng nhọc, độc hại, nguy hiểm",6,"Gò, hàn, lắp ráp trong sửa chữa, đóng mới tàu quân sự.","Nơi làm việc chật hẹp ẩm ướt, bẩn và thiếu dưỡng khí, tư thế làm việc gò bó chịu tác động của khí CO, CO2, MnO2 và ồn."
1974,TT 28/2025/TT-BNV,II,HẢI QUÂN - CẢNH SÁT BIỂN,Loại V,"Đặc biệt nặng nhọc, độc hại, nguy hiểm",7,"Nấu, đúc, rèn, nhiệt luyện các chi tiết trong đóng mới, sửa chữa tàu quân sự.","Công việc rất nặng nhọc, rất nóng, ảnh hưởng của bức xạ nhiệt CO2, SO2."
1975,TT 28/2025/TT-BNV,II,HẢI QUÂN - CẢNH SÁT BIỂN,Loại V,"Đặc biệt nặng nhọc, độc hại, nguy hiểm",8,"Thử nghiệm, thử kín, lắp đặt, sửa chữa hệ thống điện, đường ống, ắc quy trong hầm tàu quân sự.","Nóng, ẩm ướt, tư thế làm việc gò bó, thường xuyên tiếp xúc với dầu mỡ, chất độc."
1976,TT 28/2025/TT-BNV,II,HẢI QUÂN - CẢNH SÁT BIỂN,Loại V,"Đặc biệt nặng nhọc, độc hại, nguy hiểm",9,"Sửa chữa, lắp đặt ra đa tàu quân sự.",Chịu ảnh hưởng của điện từ trường siêu cao tần. Tư thế làm việc gò bó.
1977,TT 28/2025/TT-BNV,II,HẢI QUÂN - CẢNH SÁT BIỂN,Loại V,"Đặc biệt nặng nhọc, độc hại, nguy hiểm",10,"Làm việc trên tàu ứng cứu, xử lý sự cố tràn dầu trên sông, biển.","Công việc khẩn cấp, nguy hiểm, tiếp xúc với khí độc."
1978,TT 28/2025/TT-BNV,II,HẢI QUÂN - CẢNH SÁT BIỂN,Loại V,"Đặc biệt nặng nhọc, độc hại, nguy hiểm",11,"Xây dựng, lắp đặt, sửa chữa các công trình ngoài hải đảo.","Làm việc ngoài trời, lao động thủ công, nặng nhọc, nguy hiểm, chịu tác động của sóng, gió, ẩm ướt."
1979,TT 28/2025/TT-BNV,II,HẢI QUÂN - CẢNH SÁT BIỂN,Loại V,"Đặc biệt nặng nhọc, độc hại, nguy hiểm",12,"Sửa chữa, lắp ráp, hiệu chỉnh các thiết bị quang điện tử, hỏi đáp thông tin, đo lường hàng hải trên các tàu quân sự.","Nơi làm việc chật hẹp, nóng, thiếu dưỡng khí, ồn chịu ảnh hưởng của sóng điện từ, căng thẳng thần kinh tâm lý."
1980,TT 28/2025/TT-BNV,II,HẢI QUÂN - CẢNH SÁT BIỂN,Loại V,"Đặc biệt nặng nhọc, độc hại, nguy hiểm",13,"Sỹ quan, thuyền viên tàu cá vũ trang.","Công việc nặng nhọc, nguy hiểm, chịu tác động sóng, gió, rung lắc, ồn, căng thẳng thần kinh tâm lý."
1981,TT 28/2025/TT-BNV,II,HẢI QUÂN - CẢNH SÁT BIỂN,Loại V,"Đặc biệt nặng nhọc, độc hại, nguy hiểm",14,Sửa chữa các hệ thống Sona trên tàu quân sự.,"Nơi làm việc chật hẹp, nóng, thiếu dưỡng khí, chịu ảnh hưởng của sóng điện từ trường, sóng siêu âm, căng thẳng thần kinh."
1982,TT 28/2025/TT-BNV,II,HẢI QUÂN - CẢNH SÁT BIỂN,Loại V,"Đặc biệt nặng nhọc, độc hại, nguy hiểm",15,"Khai thác, vận hành, sửa chữa ra đa quan sát hải quân.","Chịu ảnh hưởng tiếng ồn, điện từ trường, bức xạ màn hình ra đa."
1983,TT 28/2025/TT-BNV,II,HẢI QUÂN - CẢNH SÁT BIỂN,Loại V,"Đặc biệt nặng nhọc, độc hại, nguy hiểm",16,"Lắp đặt, sửa chữa khí tài, thiết bị điện tử, thiết bị thông tin trong đóng mới, sửa chữa tàu quân sự.","Người lao động làm việc không theo giờ cố định. Công việc nặng nhọc, độc hại, ẩm ướt, thường xuyên làm việc trong các khoang, hầm tàu chật hẹp, gò bó, sóng điện từ, sóng siêu cao tần, nóng bức, thiếu dưỡng khí."
1984,TT 28/2025/TT-BNV,II,HẢI QUÂN - CẢNH SÁT BIỂN,Loại V,"Đặc biệt nặng nhọc, độc hại, nguy hiểm",17,"Vận chuyển, bốc xếp thủ công vật tư, vũ khí, đạn dược, khí tài, trang thiết bị phục vụ đóng mới, sửa chữa tàu quân sự.","Người lao động làm việc không theo giờ cố định; công việc thủ công, làm việc ngoài trời, tiếp xúc với nắng, khói, bụi, tiếng ồn."
1985,TT 28/2025/TT-BNV,II,HẢI QUÂN - CẢNH SÁT BIỂN,Loại V,"Đặc biệt nặng nhọc, độc hại, nguy hiểm",18,"Vận hành, bảo dưỡng các hệ thống, trang thiết bị đảm bảo năng lượng cho tàu ngầm.","Công việc ngoài trời, trên cao, dưới hầm ẩm ướt trong thời gian dài 24/24; căng thẳng thần kinh, tâm lý; tiếp xúc trực tiếp với các khí làm lạnh độc hại (R-22), tiếng ồn lớn và nguy hiểm (áp lực khí cao áp đến 400kgf/cm2, điện áp cao 380V). Tiếp xúc trực tiếp với dung dịch axít khi nạp luyện Ắc quy mới, dung dịch bẩn do nước thải công nghiệp, hóa chất xử lý nước thải, tư thế làm việc gò bó, đơn điệu, chủ yếu là đứng làm việc trong thời gian dài."
1986,TT 28/2025/TT-BNV,II,HẢI QUÂN - CẢNH SÁT BIỂN,Loại V,"Đặc biệt nặng nhọc, độc hại, nguy hiểm",19,"Trực tiếp điều hành, khai thác, điều khiển, bảo dưỡng, sửa chữa rô bốt ngầm phục vụ cho cứu nạn tầu ngầm bị nạn.","Thường xuyên làm việc liên tục không theo khung giờ cố định, có cả thời gian ban đêm. Làm việc trong điều kiện tiếng ồn cao, rung lắc, chịu ảnh hưởng trực tiếp của bức xạ màn hình, sóng vô tuyến của hệ thống đài trạm. Không gian làm việc chật hẹp trong buồng điều khiển, tư thế ngồi lâu, cúi đầu."
1987,TT 28/2025/TT-BNV,II,HẢI QUÂN - CẢNH SÁT BIỂN,Loại V,"Đặc biệt nặng nhọc, độc hại, nguy hiểm",20,"Vận hành đà đốc và đốc nổi vận chuyển tàu ngầm; vận hành, bảo dưỡng hệ thống phục vụ sửa chữa tàu ngầm.","Làm việc trong điều kiện vi khí hậu nóng, ẩm; tiếp xúc với tiếng ồn lớn; nồng độ bụi mịn, bụi sơn, bụi mạt sắt; thường xuyên tiếp xúc với dầu, mỡ và các loại hóa chất độc hại như axít, hóa chất để vệ sinh, sơn…, tư thế lao động gò bó, chật hẹp, có vị trí phải nằm, bò để sửa chữa."
1988,TT 28/2025/TT-BNV,II,HẢI QUÂN - CẢNH SÁT BIỂN,Loại V,"Đặc biệt nặng nhọc, độc hại, nguy hiểm",21,"Kiểm tra, giám sát, hướng dẫn kỹ thuật, an toàn lao động, điều độ sản xuất và nghiệm thu sản phẩm trong sửa chữa tàu ngầm.","- Làm việc trong nhiều địa hình khác nhau từ trên boong tàu, phòng điều hành đến hầm máy tàu ngầm. Công việc đòi hỏi đi lại nhiều, trách nhiệm công việc cao dẫn đến căng thẳng thần kinh, tâm lý. Tiếp xúc với nhiều yếu tố tác hại nghề nghiệp khác nhau như vi khí hậu nóng, tiếng ồn, bụi, hơi khí độc, sóng điện từ trường...,tư thế làm việc, gò bó, chật hẹp."
1989,TT 28/2025/TT-BNV,II,HẢI QUÂN - CẢNH SÁT BIỂN,Loại V,"Đặc biệt nặng nhọc, độc hại, nguy hiểm",22,"Làm việc trên xuồng tuần tra, kiểm soát vùng nước quân sự.","Làm việc ngoài trời nắng nóng, bức xạ nhiệt cao, trong môi trường chật hẹp, ấm ướt, trơn trượt, đi lại không đúng tư thế, rung xóc, tiếng ồn, tiếp xúc các loại dầu mỡ (diezel,…) trong điều kiện sóng gió phức tạp. Làm việc cả ngày và đêm với sự tập trung cao, luôn trong tình trạng căng thẳng tâm thần kinh do vừa điều khiển xuồng, vừa quan sát vùng nước, vừa phải xử lý các tình huống, xua đuổi mục tiêu."
1990,TT 28/2025/TT-BNV,II,HẢI QUÂN - CẢNH SÁT BIỂN,Loại IV,"Nặng nhọc, độc hại, nguy hiểm",1,"Thợ cơ khí, vũ khí, sản xuất các chi tiết phụ tùng vũ khí dưới nước.","Công việc nặng nhọc, chịu tác động của nóng, ồn, bụi."
1991,TT 28/2025/TT-BNV,II,HẢI QUÂN - CẢNH SÁT BIỂN,Loại IV,"Nặng nhọc, độc hại, nguy hiểm",2,"Vệ sinh công nghiệp trong các nhà máy sửa chữa, đóng mới tàu, thuyền quân sự.","Công việc thủ công, nặng nhọc, thường xuyên tiếp xúc với bụi, hoá chất."
1992,TT 28/2025/TT-BNV,II,HẢI QUÂN - CẢNH SÁT BIỂN,Loại IV,"Nặng nhọc, độc hại, nguy hiểm",3,"Khai thác, sử dụng, sửa chữa các trang bị khí tài trên các tổ hợp tên lửa bờ.","Công việc nặng nhọc, nơi làm việc chật hẹp, nóng, thiếu dưỡng khí, ồn, chịu ảnh hưởng của sóng siêu cao tần, căng thẳng thần kinh tâm lý."
1993,TT 28/2025/TT-BNV,II,HẢI QUÂN - CẢNH SÁT BIỂN,Loại IV,"Nặng nhọc, độc hại, nguy hiểm",4,"Thủ kho, bảo quản, bốc xếp vật tư, trang bị khí tài trong kho khí tài điện tử.","Công việc nặng nhọc, thường xuyên tiếp xúc với dầu, mỡ, hoá chất độc hại."
1994,TT 28/2025/TT-BNV,II,HẢI QUÂN - CẢNH SÁT BIỂN,Loại IV,"Nặng nhọc, độc hại, nguy hiểm",5,Sơn xe ô tô quân sự bằng phương pháp thủ công và bằng máy phun sơn.,"Thường xuyên tiếp xúc với hoá chất độc hại, tư thế lao động gò bó."
1995,TT 28/2025/TT-BNV,II,HẢI QUÂN - CẢNH SÁT BIỂN,Loại IV,"Nặng nhọc, độc hại, nguy hiểm",6,"Vận hành các phương tiện nâng, hạ, vận chuyển ở cảng quân sự.","Làm việc trong điều kiện chật hẹp, tư thế lao động gò bó, nóng, nặng nhọc, ồn, rung, nguy hiểm, căng thẳng thần kinh."
1996,TT 28/2025/TT-BNV,II,HẢI QUÂN - CẢNH SÁT BIỂN,Loại IV,"Nặng nhọc, độc hại, nguy hiểm",7,"Làm việc trong buồng giảm áp, máy nén khí cung cấp cho buồng giảm áp gắn trên trang thiết bị quân sự.","Nơi làm việc chật hẹp, gò bó, nóng, áp suất cao, chịu tác động của tiếng ồn lớn, sóng gió, rung, lắc, căng thẳng thần kinh tâm lý."
1997,TT 28/2025/TT-BNV,II,HẢI QUÂN - CẢNH SÁT BIỂN,Loại IV,"Nặng nhọc, độc hại, nguy hiểm",8,"Khảo sát, điều tra, đánh giá số liệu, điều vẽ, biên tập và in ấn hải đồ.","Làm việc trong phòng kín, tiếp xúc với hoá chất độc hại, căng thẳng thị giác."
1998,TT 28/2025/TT-BNV,II,HẢI QUÂN - CẢNH SÁT BIỂN,Loại IV,"Nặng nhọc, độc hại, nguy hiểm",9,Giao nhận hàng hoá ở cảng quân sự.,"Công việc ngoài trời, ồn, bụi, căng thẳng thần kinh tâm lý."
1999,TT 28/2025/TT-BNV,II,HẢI QUÂN - CẢNH SÁT BIỂN,Loại IV,"Nặng nhọc, độc hại, nguy hiểm",10,"Tẩy, rửa làm sạch bề mặt vỏ tàu, sàn tàu, hầm tàu và các chi tiết máy móc trong đóng mới, sửa chữa tàu quân sự.","Người lao động làm việc không theo giờ cố định. Công việc nặng nhọc, độc hại, ẩm ướt, tư thế lao động gò bó, chịu tác động của hoá chất độc."
2000,TT 28/2025/TT-BNV,II,HẢI QUÂN - CẢNH SÁT BIỂN,Loại IV,"Nặng nhọc, độc hại, nguy hiểm",11,"Gia công, lắp đặt, sửa chữa vỏ tàu, nội thất tàu trong đóng mới, sửa chữa tàu, xuồng quân sự (bằng vật liệu Composite, bông thuỷ tinh).","Người lao động làm việc không theo giờ cố định. Môi trường làm việc gò bó, ồn, độc hại Axeton, nhựa, bụi thủy tinh."
2001,TT 28/2025/TT-BNV,II,HẢI QUÂN - CẢNH SÁT BIỂN,Loại IV,"Nặng nhọc, độc hại, nguy hiểm",12,"Nghiên cứu, thí nghiệm, sản xuất sơn; kiểm tra chất lượng nguyên vật liệu và sản phẩm sơn; giám sát, kiểm tra quá trình bắn hạt và sơn tàu trong đóng mới, sửa chữa tàu quân sự.","Người lao động làm việc không theo giờ cố định. Công việc nặng nhọc, độc hại thường xuyên tiếp xúc với hơi dung môi, bụi sơn, bụi hóa chất vô cơ."
2002,TT 28/2025/TT-BNV,II,HẢI QUÂN - CẢNH SÁT BIỂN,Loại IV,"Nặng nhọc, độc hại, nguy hiểm",13,"Vận hành, sửa chữa máy móc, thiết bị, phương tiện (xe tải, xe cẩu, xe nâng…) phục vụ đóng mới, sửa chữa tàu quân sự.","Người lao động làm việc không theo giờ cố định. Công việc nặng nhọc, độc hại thường xuyên ảnh hưởng rung lắc, tiếng ồn gây mệt mỏi, đau đầu, giảm thính lực, tư thế lao động gò bó, nóng bức. Tiếp xúc bụi silic, bụi hạt mài thép, bụi sơn."
2003,TT 28/2025/TT-BNV,II,HẢI QUÂN - CẢNH SÁT BIỂN,Loại IV,"Nặng nhọc, độc hại, nguy hiểm",14,"Đốc công, giám sát an toàn trực tiếp, giám sát tại hiện trường trong đóng mới, sửa chữa tàu quân sự.","Người lao động làm việc không theo giờ cố định. Công việc nặng nhọc, độc hại thường xuyên làm việc tại hiện trường; ngoài trời, hầm tàu, nóng, bụi, ồn."
2004,TT 28/2025/TT-BNV,II,HẢI QUÂN - CẢNH SÁT BIỂN,Loại IV,"Nặng nhọc, độc hại, nguy hiểm",15,"Vận hành, sửa chữa tàu kéo, tàu đẩy (lai dắt tàu) phục vụ đóng mới, sửa chữa tàu quân sự.","Người lao động làm việc không theo giờ cố định. Công việc nặng nhọc, độc hại thường xuyên chịu tác động của tiếng ồn, hơi nóng, sóng, gió."
2005,TT 28/2025/TT-BNV,II,HẢI QUÂN - CẢNH SÁT BIỂN,Loại IV,"Nặng nhọc, độc hại, nguy hiểm",16,"Đánh giá NDT trong sửa chữa, đóng mới tàu quân sự.","Người lao động làm việc không theo giờ cố định. Nơi làm việc chật hẹp, thiếu ánh sáng, công việc nguy hiểm tiếp xúc khí độc, tia bức xạ điện từ, hoá chất độc hại"
2006,TT 28/2025/TT-BNV,II,HẢI QUÂN - CẢNH SÁT BIỂN,Loại IV,"Nặng nhọc, độc hại, nguy hiểm",17,Sơ chế tôn trong thi công vỏ tàu quân sự.,"Người lao động làm việc không theo giờ cố định. Công việc nặng nhọc, chịu ảnh hưởng bụi, tiếng ồn và các chất độc hại."
2007,TT 28/2025/TT-BNV,II,HẢI QUÂN - CẢNH SÁT BIỂN,Loại IV,"Nặng nhọc, độc hại, nguy hiểm",18,"Trực tiếp khai thác, vận hành hệ thống buồng áp trong y học quân sự.","Công việc đặc thù, thường xuyên chịu tác động tiếng ồn, thay đổi áp suất; không gian gò bó trong buồng áp; công việc phức tạp, thường xuyên phải quan sát màn hình, mức độ trách nhiệm lớn trong cấp cứu điều trị cho nạn nhân dẫn đến căng thẳng thần kinh, tâm lý."
2008,TT 28/2025/TT-BNV,III,TĂNG - THIẾT GIÁP,Loại VI,"Đặc biệt nặng nhọc, độc hại, nguy hiểm",1,"Kíp xe tăng, thiết giáp bánh xích.","Công việc nặng nhọc, nơi làm việc nóng, chật hẹp, thiếu dưỡng khí, ánh sáng, ảnh hưởng khí CO2, ồn, rung và bụi vượt mức tiêu chuẩn cho phép nhiều lần."
2009,TT 28/2025/TT-BNV,III,TĂNG - THIẾT GIÁP,Loại VI,"Đặc biệt nặng nhọc, độc hại, nguy hiểm",2,"Huấn luyện thực hành kíp xe tăng, thiết giáp bánh xích, bánh lốp.","Công việc nặng nhọc, nguy hiểm, độc hại do tác động của khói thuốc súng và tiếng động lớn, nơi làm việc chật hẹp, nóng bức, tập trung cao độ, căng thẳng thần kinh tâm lý."
2010,TT 28/2025/TT-BNV,III,TĂNG - THIẾT GIÁP,Loại VI,"Đặc biệt nặng nhọc, độc hại, nguy hiểm",3,"Bảo quản, bảo dưỡng, sửa chữa các thiết bị vũ khí, khí tài trên xe tăng, thiết giáp trong hang ngầm quân sự.","Nơi làm việc chật hẹp, nóng, lạnh, thiếu dưỡng khí."
2011,TT 28/2025/TT-BNV,III,TĂNG - THIẾT GIÁP,Loại VI,"Đặc biệt nặng nhọc, độc hại, nguy hiểm",4,"Kiểm tra, chạy thử xe tăng, thiết bị bánh lốp.","Công việc nặng nhọc, nơi làm việc nóng, chật hẹp, thiếu dưỡng khí, rung và bụi vượt mức tiêu chuẩn cho phép."
2012,TT 28/2025/TT-BNV,III,TĂNG - THIẾT GIÁP,Loại VI,"Đặc biệt nặng nhọc, độc hại, nguy hiểm",5,"Huấn luyện thực hành lái và bắn trên xe tăng, thiết giáp bánh xích.","Công việc nặng nhọc, nguy hiểm, nơi làm việc nóng, chật hẹp, tập trung chú ý cao, căng thẳng thần kinh tâm lý."
2013,TT 28/2025/TT-BNV,III,TĂNG - THIẾT GIÁP,Loại V,"Đặc biệt nặng nhọc, độc hại, nguy hiểm",1,"Kiểm tra, chạy thử xe tăng thiết giáp bánh xích.","Công việc nặng nhọc, nơi làm việc nóng, chật hẹp, ồn, rung, bụi, căng thẳng thần kinh tâm lý."
2014,TT 28/2025/TT-BNV,III,TĂNG - THIẾT GIÁP,Loại V,"Đặc biệt nặng nhọc, độc hại, nguy hiểm",2,Lái các loại xe chở xe tăng; kíp xe thiết giáp bánh lốp.,"Công việc nặng nhọc, tư thế làm việc gò bó, ồn, rung vượt tiêu chuẩn cho phép nhiều lần."
2015,TT 28/2025/TT-BNV,III,TĂNG - THIẾT GIÁP,Loại V,"Đặc biệt nặng nhọc, độc hại, nguy hiểm",3,"Tẩy rửa xe tăng qua bể xút; sửa chữa bánh tỳ, ép gíp mặt máy, thử lực máy nổ tăng, thiết giáp.","Công việc thủ công rất nặng nhọc, độc hại, ồn lớn."
2016,TT 28/2025/TT-BNV,III,TĂNG - THIẾT GIÁP,Loại V,"Đặc biệt nặng nhọc, độc hại, nguy hiểm",4,"Sửa chữa các thiết bị vũ khí, khí tài trên xe tăng, thiết giáp.","Nơi làm việc chật hẹp, gò bó, nóng, chịu tác động của tiếng ồn lớn."
2017,TT 28/2025/TT-BNV,III,TĂNG - THIẾT GIÁP,Loại V,"Đặc biệt nặng nhọc, độc hại, nguy hiểm",5,"Lái xe công trình phục vụ sửa chữa các thiết bị vũ khí, khí tài trên xe tăng, thiết giáp trong hang ngầm quân sự.","Công việc nặng nhọc, nguy hiểm, nơi làm việc chật hẹp, nóng, lạnh, thiếu dưỡng khí."
2018,TT 28/2025/TT-BNV,III,TĂNG - THIẾT GIÁP,Loại V,"Đặc biệt nặng nhọc, độc hại, nguy hiểm",6,"Bảo quản, bảo dưỡng các thiết bị điện trong hang ngầm quân sự.","Nơi làm việc chật hẹp, nóng, lạnh, thiếu dưỡng khí."
2019,TT 28/2025/TT-BNV,III,TĂNG - THIẾT GIÁP,Loại V,"Đặc biệt nặng nhọc, độc hại, nguy hiểm",7,"Hàn các chi tiết trong sửa chữa các thiết bị vũ khí, khí tài trang bị trên xe tăng, thiết giáp.","Nơi làm việc chật hẹp, gò bó, nóng, nguy hiểm, thường xuyên tiếp xúc với hơi khí độc."
2020,TT 28/2025/TT-BNV,III,TĂNG - THIẾT GIÁP,Loại V,"Đặc biệt nặng nhọc, độc hại, nguy hiểm",8,"Tẩy rửa các thiết bị vũ khí, khí tài trang bị trên xe tăng, thiết giáp và đạn bằng hoá chất theo phương pháp thủ công.","Nơi làm việc nóng, thường xuyên tiếp xúc với hoá chất độc hại như axít, xút, ête."
2021,TT 28/2025/TT-BNV,III,TĂNG - THIẾT GIÁP,Loại V,"Đặc biệt nặng nhọc, độc hại, nguy hiểm",9,"Vận hành máy nén khí nạp vào bình chứa khí nén cho xe tăng, thiết giáp.","Công việc nặng nhọc, nguy hiểm, chịu tác động của tiếng ồn cao."
2022,TT 28/2025/TT-BNV,III,TĂNG - THIẾT GIÁP,Loại V,"Đặc biệt nặng nhọc, độc hại, nguy hiểm",10,"Thợ gia công cơ khí chi tiết sửa chữa các thiết bị vũ khí, khí tài trang bị trên xe tăng, thiết giáp.","Nơi làm việc nóng chịu tác động của bụi kim loại, chịu tác động của ồn, rung."
2023,TT 28/2025/TT-BNV,III,TĂNG - THIẾT GIÁP,Loại V,"Đặc biệt nặng nhọc, độc hại, nguy hiểm",11,"Sơn xe tăng, xe thiết giáp bằng phương pháp thủ công và bằng máy phun sơn.","Tư thế lao động gò bó, thường xuyên tiếp xúc với hoá chất độc."
2024,TT 28/2025/TT-BNV,III,TĂNG - THIẾT GIÁP,Loại V,"Đặc biệt nặng nhọc, độc hại, nguy hiểm",12,"Lái xe cẩu phục vụ sửa chữa các thiết bị vũ khí, khí tài trang bị trên xe tăng, thiết giáp.","Làm việc ngoài trời, chật hẹp, nóng, căng thẳng thị giác, chịu tác động của tiếng ồn, bụi."
2025,TT 28/2025/TT-BNV,III,TĂNG - THIẾT GIÁP,Loại V,"Đặc biệt nặng nhọc, độc hại, nguy hiểm",13,"Sửa chữa các thiết bị, vũ khí, khí tài trên xe tăng, thiết giáp.","Nơi làm việc chật hẹp, tư thế lao động gò bó, tiếp xúc xăng, dầu mỡ."
2026,TT 28/2025/TT-BNV,III,TĂNG - THIẾT GIÁP,Loại IV,"Nặng nhọc, độc hại, nguy hiểm",1,Làm nhiệm vụ trên xe chiến đấu bộ binh cơ giới.,"Tư thế lao động gò bó, chật hẹp, thiếu dưỡng khí, chịu tác động ồn, rung vượt tiêu chuẩn cho phép."
2027,TT 28/2025/TT-BNV,III,TĂNG - THIẾT GIÁP,Loại IV,"Nặng nhọc, độc hại, nguy hiểm",2,"Thủ kho, bảo quản, bốc xếp trang thiết bị khí tài trong kho trang bị khí tài xe tăng, thiết giáp.","Công việc nặng nhọc, thường xuyên tiếp xúc với dầu mỡ, hoá chất độc."
2028,TT 28/2025/TT-BNV,III,TĂNG - THIẾT GIÁP,Loại IV,"Nặng nhọc, độc hại, nguy hiểm",3,"Giáo viên dạy thực hành sửa chữa tăng, thiết giáp.","Tư thế làm việc gò bó, chật hẹp, nóng bức, thường xuyên tiếp xúc với xăng, dầu mỡ, tiếng ồn, căng thẳng thần kinh."
2029,TT 28/2025/TT-BNV,III,TĂNG - THIẾT GIÁP,Loại IV,"Nặng nhọc, độc hại, nguy hiểm",4,"Sửa chữa các thiết bị tăng, thiết giáp trên xe công trình.","Nơi làm việc chật hẹp, gò bó, chịu tác động của tiếng ồn lớn."
2030,TT 28/2025/TT-BNV,III,TĂNG - THIẾT GIÁP,Loại IV,"Nặng nhọc, độc hại, nguy hiểm",5,"Vận hành máy nén khí nạp vào bình chứa khí nén cho xe tăng, thiết giáp.","Công việc nặng nhọc, nguy hiểm, chịu tác động của tiếng ồn cao."
2031,TT 28/2025/TT-BNV,III,TĂNG - THIẾT GIÁP,Loại IV,"Nặng nhọc, độc hại, nguy hiểm",6,Bảo vệ hang ngầm quân sự ở vùng rừng núi.,"Làm việc ngoài trời, căng thẳng thần kinh."
2032,TT 28/2025/TT-BNV,III,TĂNG - THIẾT GIÁP,Loại IV,"Nặng nhọc, độc hại, nguy hiểm",7,"Vận hành trạm nạp ắc quy xe tăng, thiết giáp.","Công việc nặng nhọc, thường xuyên tiếp xúc với hoá chất độc hại."
2033,TT 28/2025/TT-BNV,III,TĂNG - THIẾT GIÁP,Loại IV,"Nặng nhọc, độc hại, nguy hiểm",8,"Thủ kho kim khí, hóa chất bảo quản, bảo dưỡng, sửa chữa vật tư kỹ thuật tên lửa, khí tài đặc chủng, đạn chống tăng.","Làm việc không theo giờ cố định. Công việc rất nguy hiểm, dễ cháy nổ, tiếp xúc với hoá chất độc, ảnh hưởng tới hệ thần kinh, tiêu hoá, miễn dịch."
2034,TT 28/2025/TT-BNV,III,TĂNG - THIẾT GIÁP,Loại IV,"Nặng nhọc, độc hại, nguy hiểm",9,"Kiểm định kỹ thuật xe tăng, thiết giáp.","Làm việc không theo giờ cố định. Công việc gò bó, chật hẹp, thiếu ánh sáng, tiếp xúc dầu mỡ, khí độc, hoá chất độc hại, căng thẳng thần kinh tâm lý."
2035,TT 28/2025/TT-BNV,IV,ĐẶC CÔNG - TÌNH BÁO - TRINH SÁT - ĐIỀU TRA - BẢO VỆ,Loại VI,"Đặc biệt nặng nhọc, độc hại, nguy hiểm",1,"Sử dụng phương tiện ngầm, tàu ngầm đặc công.","Công việc nặng nhọc, nguy hiểm, chịu áp suất cao thiếu dưỡng khí, căng thẳng thần kinh tâm lý."
2036,TT 28/2025/TT-BNV,IV,ĐẶC CÔNG - TÌNH BÁO - TRINH SÁT - ĐIỀU TRA - BẢO VỆ,Loại VI,"Đặc biệt nặng nhọc, độc hại, nguy hiểm",2,"Đặc công người nhái, đặc công nước.","Công việc nặng nhọc, nguy hiểm, thiếu dưỡng khí, tiếp xúc vi sinh vật có hại."
2037,TT 28/2025/TT-BNV,IV,ĐẶC CÔNG - TÌNH BÁO - TRINH SÁT - ĐIỀU TRA - BẢO VỆ,Loại VI,"Đặc biệt nặng nhọc, độc hại, nguy hiểm",3,Lực lượng đặc công chống khủng bố.,"Công việc căng thẳng thần kinh, rất nguy hiểm, phải tiếp xúc và sử dụng các loại vũ khí, trang bị đặc chủng (gồm cả các loại hóa chất độc)."
2038,TT 28/2025/TT-BNV,IV,ĐẶC CÔNG - TÌNH BÁO - TRINH SÁT - ĐIỀU TRA - BẢO VỆ,Loại VI,"Đặc biệt nặng nhọc, độc hại, nguy hiểm",4,Điệp báo hoạt động trong mục tiêu.,"Nhiệm vụ độc lập, nguy hiểm, căng thẳng thần kinh tâm lý."
2039,TT 28/2025/TT-BNV,IV,ĐẶC CÔNG - TÌNH BÁO - TRINH SÁT - ĐIỀU TRA - BẢO VỆ,Loại VI,"Đặc biệt nặng nhọc, độc hại, nguy hiểm",5,"Quản lý người bị tạm giữ, tạm giam và phạm nhân tại các cơ sở giam giữ trong quân đội.","Thường xuyên bám sát phạm nhân trong lao động cải tạo ngoài trời dưới điều kiện thời tiết khắc nhiệt; sẵn sàng nguy hiểm đến sức khỏe vì đối tượng phạm nhân chống đối, manh động; ở vùng sâu, vùng xa, căng thẳng thần kinh, tâm lý."
2040,TT 28/2025/TT-BNV,IV,ĐẶC CÔNG - TÌNH BÁO - TRINH SÁT - ĐIỀU TRA - BẢO VỆ,Loại V,"Đặc biệt nặng nhọc, độc hại, nguy hiểm",1,Đặc công biệt động.,"Công việc nặng nhọc, nguy hiểm, độc hại, căng thẳng thần kinh tâm lý."
2041,TT 28/2025/TT-BNV,IV,ĐẶC CÔNG - TÌNH BÁO - TRINH SÁT - ĐIỀU TRA - BẢO VỆ,Loại V,"Đặc biệt nặng nhọc, độc hại, nguy hiểm",2,Đặc công bộ.,"Làm việc ngoài trời, nặng nhọc, nguy hiểm, độc hại, căng thẳng thần kinh tâm lý."
2042,TT 28/2025/TT-BNV,IV,ĐẶC CÔNG - TÌNH BÁO - TRINH SÁT - ĐIỀU TRA - BẢO VỆ,Loại V,"Đặc biệt nặng nhọc, độc hại, nguy hiểm",3,Đội mẫu đặc công.,"Làm việc ngoài trời, công việc nặng nhọc, nguy hiểm, độc hại, căng thẳng thần kinh tâm lý."
2043,TT 28/2025/TT-BNV,IV,ĐẶC CÔNG - TÌNH BÁO - TRINH SÁT - ĐIỀU TRA - BẢO VỆ,Loại V,"Đặc biệt nặng nhọc, độc hại, nguy hiểm",4,Giáo viên chuyên nghiệp nghiên cứu và dạy võ đặc công.,"Làm việc ngoài trời, công việc nặng nhọc, nguy hiểm, căng thẳng thần kinh tâm lý."
2044,TT 28/2025/TT-BNV,IV,ĐẶC CÔNG - TÌNH BÁO - TRINH SÁT - ĐIỀU TRA - BẢO VỆ,Loại V,"Đặc biệt nặng nhọc, độc hại, nguy hiểm",5,"Giáo viên trinh sát biệt động, tình báo.","Trực tiếp tiếp xúc với môi trường độc hại, công việc nặng nhọc, nguy hiểm, căng thẳng thần kinh tâm lý."
2045,TT 28/2025/TT-BNV,IV,ĐẶC CÔNG - TÌNH BÁO - TRINH SÁT - ĐIỀU TRA - BẢO VỆ,Loại V,"Đặc biệt nặng nhọc, độc hại, nguy hiểm",6,"Trinh sát đặc nhiệm, trinh sát ngoại tuyến.","Nhiệm vụ độc lập, ngoài trời công việc nặng nhọc, nguy hiểm."
2046,TT 28/2025/TT-BNV,IV,ĐẶC CÔNG - TÌNH BÁO - TRINH SÁT - ĐIỀU TRA - BẢO VỆ,Loại V,"Đặc biệt nặng nhọc, độc hại, nguy hiểm",7,Trinh sát kỹ thuật.,"Làm công việc ngoài trời, công việc nặng nhọc, căng thẳng thần kinh tâm lý."
2047,TT 28/2025/TT-BNV,IV,ĐẶC CÔNG - TÌNH BÁO - TRINH SÁT - ĐIỀU TRA - BẢO VỆ,Loại V,"Đặc biệt nặng nhọc, độc hại, nguy hiểm",8,"Nghiên cứu, thử nghiệm, điều chế, sử dụng các loại hóa chất kỹ thuật tình báo.","Làm việc trong buồng kín, thiếu dưỡng khí, tiếp xúc hóa chất độc và bức xạ nguy hiểm."
2048,TT 28/2025/TT-BNV,IV,ĐẶC CÔNG - TÌNH BÁO - TRINH SÁT - ĐIỀU TRA - BẢO VỆ,Loại V,"Đặc biệt nặng nhọc, độc hại, nguy hiểm",9,Điệp báo hoạt động ngoài mục tiêu.,"Nhiệm vụ độc lập, chịu tác động nhiều thông tin phức tạp, căng thẳng thần kinh tâm lý."
2049,TT 28/2025/TT-BNV,IV,ĐẶC CÔNG - TÌNH BÁO - TRINH SÁT - ĐIỀU TRA - BẢO VỆ,Loại V,"Đặc biệt nặng nhọc, độc hại, nguy hiểm",10,Trinh sát mạng và trinh sát vũ trụ.,"Làm việc ngoài trời và trong phòng kín, tiếp nhận nhiều thông tin, căng thẳng thần kinh tâm lý."
2050,TT 28/2025/TT-BNV,IV,ĐẶC CÔNG - TÌNH BÁO - TRINH SÁT - ĐIỀU TRA - BẢO VỆ,Loại V,"Đặc biệt nặng nhọc, độc hại, nguy hiểm",11,"Tuần tra, canh gác vũ trang bảo vệ các mục tiêu trọng yếu.","Làm việc độc lập ngoài trời, trực tiếp giải quyết người, hàng hóa, phương tiện ra vào mục tiêu dưới thời tiết mưa gió, nắng, nóng bức mệt mỏi, căng thẳng thần kinh, tiêu hao sức khỏe lớn."
2051,TT 28/2025/TT-BNV,IV,ĐẶC CÔNG - TÌNH BÁO - TRINH SÁT - ĐIỀU TRA - BẢO VỆ,Loại V,"Đặc biệt nặng nhọc, độc hại, nguy hiểm",12,Trinh sát bộ đội.,"Công việc ngoài trời nặng nhọc, trực tiếp, độc lập, đòi hỏi tinh thần tập trung, linh hoạt, thể lực khỏe mạnh, kỹ năng vận động các động tác linh hoạt; làm việc trong điều kiện áp lực, căng thẳng thần kinh, tâm lý."
2052,TT 28/2025/TT-BNV,IV,ĐẶC CÔNG - TÌNH BÁO - TRINH SÁT - ĐIỀU TRA - BẢO VỆ,Loại IV,"Nặng nhọc, độc hại, nguy hiểm",1,"Nghiên cứu, thử nghiệm, chế tạo các loại máy kỹ thuật tình báo.","Chịu tác động bức xạ màn hình và điện từ trường cao tần, căng thẳng thị giác."
2053,TT 28/2025/TT-BNV,IV,ĐẶC CÔNG - TÌNH BÁO - TRINH SÁT - ĐIỀU TRA - BẢO VỆ,Loại IV,"Nặng nhọc, độc hại, nguy hiểm",2,"Nghiên cứu, sản xuất các loại giấy đặc biệt; in các loại tài liệu mật mã.","Làm việc trong buồng kín, tiếp xúc với hóa chất độc hại."
2054,TT 28/2025/TT-BNV,IV,ĐẶC CÔNG - TÌNH BÁO - TRINH SÁT - ĐIỀU TRA - BẢO VỆ,Loại IV,"Nặng nhọc, độc hại, nguy hiểm",3,Sử dụng khí tài quang học tình báo.,"Tiếp xúc hóa chất độc hại, căng thẳng thần kinh thị giác."
2055,TT 28/2025/TT-BNV,IV,ĐẶC CÔNG - TÌNH BÁO - TRINH SÁT - ĐIỀU TRA - BẢO VỆ,Loại IV,"Nặng nhọc, độc hại, nguy hiểm",4,Kỹ thuật nghe nhìn điệp báo.,"Làm việc trong buồng tối, kín, nóng, tiếp xúc chất độc hại, bức xạ sóng điện từ, căng thẳng thị giác."
2056,TT 28/2025/TT-BNV,IV,ĐẶC CÔNG - TÌNH BÁO - TRINH SÁT - ĐIỀU TRA - BẢO VỆ,Loại IV,"Nặng nhọc, độc hại, nguy hiểm",5,Mã thám.,"Làm việc trong buồng kín, thiếu dưỡng khí, chịu tác động bức xạ điện từ trường, màn hình."
2057,TT 28/2025/TT-BNV,IV,ĐẶC CÔNG - TÌNH BÁO - TRINH SÁT - ĐIỀU TRA - BẢO VỆ,Loại IV,"Nặng nhọc, độc hại, nguy hiểm",6,"Nghiên cứu, tổng hơp, phân tích đánh giá chiến lược các đối tượng địch.",Giải quyết nhiều công việc phức tạp căng thẳng thần kinh tâm lý.
2058,TT 28/2025/TT-BNV,IV,ĐẶC CÔNG - TÌNH BÁO - TRINH SÁT - ĐIỀU TRA - BẢO VỆ,Loại IV,"Nặng nhọc, độc hại, nguy hiểm",7,Điệp báo hoạt động địa bàn Biên giới và Hải đảo.,"Nhiệm vụ độc lập, nguy hiểm, căng thẳng thần kinh tâm lý."
2059,TT 28/2025/TT-BNV,IV,ĐẶC CÔNG - TÌNH BÁO - TRINH SÁT - ĐIỀU TRA - BẢO VỆ,Loại IV,"Nặng nhọc, độc hại, nguy hiểm",8,"Giáo viên điệp báo, kỹ thuật điệp báo.","Làm việc trong buồng kín, thiếu dưỡng khí, tiếp xúc với hoá chất; huấn luyện ngoài trời, căng thẳng thần kinh tâm lý."
2060,TT 28/2025/TT-BNV,IV,ĐẶC CÔNG - TÌNH BÁO - TRINH SÁT - ĐIỀU TRA - BẢO VỆ,Loại IV,"Nặng nhọc, độc hại, nguy hiểm",9,"Nghiên cứu, ứng dụng công nghệ hoá và vật liệu điệp báo.","Tiếp xúc với hoá chất độc hại, nguy hiểm."
2061,TT 28/2025/TT-BNV,IV,ĐẶC CÔNG - TÌNH BÁO - TRINH SÁT - ĐIỀU TRA - BẢO VỆ,Loại IV,"Nặng nhọc, độc hại, nguy hiểm",10,"Nghiên cứu, ứng dụng kỹ thuật tin học tình báo và tình báo khoa học công nghệ.","Chịu tác động bức xạ màn hình và điện từ trường cao tần, căng thẳng thị giác."
2062,TT 28/2025/TT-BNV,IV,ĐẶC CÔNG - TÌNH BÁO - TRINH SÁT - ĐIỀU TRA - BẢO VỆ,Loại IV,"Nặng nhọc, độc hại, nguy hiểm",11,"Nghiên cứu, khai thác, bảo quản kho tư liệu, tài liệu tình báo. Nhân viên thư viện quản lý tài liệu nghiệp vụ tình báo.","Làm việc trong buồng kín, thiếu dưỡng khí, tiếp xúc với hoá chất độc hại, căng thẳng thần kinh tâm lý."
2063,TT 28/2025/TT-BNV,IV,ĐẶC CÔNG - TÌNH BÁO - TRINH SÁT - ĐIỀU TRA - BẢO VỆ,Loại IV,"Nặng nhọc, độc hại, nguy hiểm",12,Nhân viên xưởng in tài liệu giáo trình tình báo.,"Thường xuyên làm việc trong phòng kín; tư thế lao động gò bó; tiếp xúc với hơi, bụi độc; căng thẳng thần kinh; tính bảo mật cao."
2064,TT 28/2025/TT-BNV,IV,ĐẶC CÔNG - TÌNH BÁO - TRINH SÁT - ĐIỀU TRA - BẢO VỆ,Loại IV,"Nặng nhọc, độc hại, nguy hiểm",13,Điều tra án hình sự.,"Công việc nguy hiểm, thường xuyên lưu động (xác minh lời khai, thu thập chứng cứ), căng thẳng thần kinh, tâm lý."
2065,TT 28/2025/TT-BNV,IV,ĐẶC CÔNG - TÌNH BÁO - TRINH SÁT - ĐIỀU TRA - BẢO VỆ,Loại IV,"Nặng nhọc, độc hại, nguy hiểm",14,Lực lượng kiểm soát quân sự chuyên nghiệp.,"Nhiệm vụ phức tạp, tính chất nhiệm vụ trọng yếu; địa điểm và mục tiêu bảo vệ luôn vận động, không cố định; các nhiệm vụ đều thực hiện ngoài doanh trại, tiếp xúc nhiều đối tượng, có nguy cơ cao đến an toàn tính mạng bản thân và VKTB khi thực hiện nhiệm vụ; làm việc trong điều kiện áp lực, căng thẳng thần kinh, tâm lý, thường xuyên tiếp xúc trực tiếp với điều kiện thời tiết như nóng, lạnh, mưa, bụi, căng thẳng thị giác và chịu tác động của ồn, rung."
2066,TT 28/2025/TT-BNV,IV,ĐẶC CÔNG - TÌNH BÁO - TRINH SÁT - ĐIỀU TRA - BẢO VỆ,Loại IV,"Nặng nhọc, độc hại, nguy hiểm",15,"Lái xe trinh sát; lái xe chở bộ đội tuần tra, canh gác vũ trang.","Làm việc trong điều kiện áp lực, căng thẳng thần kinh, tâm lý, tư thế gò bó, môi trường làm việc nặng nhọc, tiếp xúc trực tiếp với xăng, dầu độc hại. Công việc ngoài trời nặng nhọc, tiếp xúc trực tiếp với điều kiện thời tiết như nóng lạnh, mưa, bụi, căng thẳng thị giác và chịu tác động của ồn, rung."
2067,TT 28/2025/TT-BNV,IV,ĐẶC CÔNG - TÌNH BÁO - TRINH SÁT - ĐIỀU TRA - BẢO VỆ,Loại IV,"Nặng nhọc, độc hại, nguy hiểm",16,Giám định kỹ thuật hình sự.,"Làm việc trong phòng kín, kém thông thoáng, chịu ảnh hưởng chất độc, khí độc, căng thẳng thần kinh, tâm lý."
2068,TT 28/2025/TT-BNV,V,PHÁO BINH,Loại VI,"Đặc biệt nặng nhọc, độc hại, nguy hiểm",1,Điều khiển pháo mặt đất tự hành.,"Công việc rất nặng nhọc, môi trường lao động nóng, chật hẹp, gò bó, thiếu dưỡng khí, thiếu ánh sáng, ảnh hưởng khí CO2, ồn, rung, bụi vượt tiêu chuẩn cho phép."
2069,TT 28/2025/TT-BNV,V,PHÁO BINH,Loại VI,"Đặc biệt nặng nhọc, độc hại, nguy hiểm",2,Điều khiển ra đa mặt đất.,"Công việc nặng nhọc, nơi làm việc nóng, chật hẹp, gò bó, thiếu dưỡng khí, ánh sáng ồn, rung, bụi vượt tiêu chuẩn cho phép."
2070,TT 28/2025/TT-BNV,V,PHÁO BINH,Loại V,"Đặc biệt nặng nhọc, độc hại, nguy hiểm",1,Sử dụng pháo mang vác.,"Công việc nặng nhọc, nguy hiểm, ảnh hưởng đến thính giác, thị giác."
2071,TT 28/2025/TT-BNV,V,PHÁO BINH,Loại V,"Đặc biệt nặng nhọc, độc hại, nguy hiểm",2,"Kíp sử dụng pháo phản lực, pháo tự hành, pháo xe kéo.","Công việc nặng nhọc, nguy hiểm, ồn, rung, căng thẳng thị giác."
2072,TT 28/2025/TT-BNV,V,PHÁO BINH,Loại V,"Đặc biệt nặng nhọc, độc hại, nguy hiểm",3,"Chỉ huy đại đội phóng tên lửa, trung đội chỉ huy, đội phóng (gồm kíp bệ phóng, kíp điều khiển) làm nhiệm vụ điều khiển tên lửa mặt đất.","Công việc nặng nhọc, rất nguy hiểm, thần kinh căng thẳng, ảnh hưởng tiếng ồn, rung xóc, bụi và nồng độ hóa chất độc hại cao."
2073,TT 28/2025/TT-BNV,V,PHÁO BINH,Loại V,"Đặc biệt nặng nhọc, độc hại, nguy hiểm",4,Làm việc (theo kíp) trong xe huấn luyện tên lửa mặt đất.,"Làm việc trong xe đặc chủng rất nóng, chật hẹp, gò bó, thiếu dưỡng khí, thiếu ánh sáng, ảnh hưởng của sóng điện từ."
2074,TT 28/2025/TT-BNV,V,PHÁO BINH,Loại V,"Đặc biệt nặng nhọc, độc hại, nguy hiểm",5,Khai thác sử dụng các phương tiện thông tin liên lạc trong xe chỉ huy phóng tên lửa.,"Làm việc trong xe kín, nóng, thiếu dưỡng khí, ảnh hưởng điện từ trường cao tần, căng thẳng thần kinh, thị giác."
2075,TT 28/2025/TT-BNV,V,PHÁO BINH,Loại IV,"Nặng nhọc, độc hại, nguy hiểm",1,Sử dụng khí tài pháo binh.,"Căng thẳng thần kinh thị giác, ảnh hưởng bức xạ điện từ trường."
2076,TT 28/2025/TT-BNV,V,PHÁO BINH,Loại IV,"Nặng nhọc, độc hại, nguy hiểm",2,Bắn kẹp nòng và bắn sa bàn pháo binh.,"Ảnh hưởng khói thuốc súng, căng thẳng thính giác, thị giác)."
2077,TT 28/2025/TT-BNV,V,PHÁO BINH,Loại IV,"Nặng nhọc, độc hại, nguy hiểm",3,Sử dụng tên lửa mặt đất vác vai.,"Công việc nặng nhọc, độc hại, nguy hiểm."
2078,TT 28/2025/TT-BNV,V,PHÁO BINH,Loại IV,"Nặng nhọc, độc hại, nguy hiểm",4,Sử dụng khí tài đo xa Laze và quang điện tử.,"Công việc cơ động, nguy hiểm, thường xuyên chịu ảnh hưởng của điện từ trường."
2079,TT 28/2025/TT-BNV,V,PHÁO BINH,Loại IV,"Nặng nhọc, độc hại, nguy hiểm",5,Thợ khắc thước Pháo binh.,"Thường xuyên tiếp xúc với bụi polyme, xăng, dầu, căng thẳng thần kinh."
2080,TT 28/2025/TT-BNV,V,PHÁO BINH,Loại IV,"Nặng nhọc, độc hại, nguy hiểm",6,"Thợ sửa chữa, bảo dưỡng trạm nguồn điện tên lửa.","Thường xuyên tiếp xúc với xăng dầu hoá chất, mệt mỏi thần kinh."
2081,TT 28/2025/TT-BNV,V,PHÁO BINH,Loại IV,"Nặng nhọc, độc hại, nguy hiểm",7,"Thợ cơ khí tại các trạm, xưởng sửa chữa vũ khí.","Căng thẳng thị giác, mệt mỏi thần kinh."
2082,TT 28/2025/TT-BNV,VI,CÔNG BINH VÀ XÂY DỰNG CÔNG TRÌNH QUÂN SỰ,Loại VI,"Đặc biệt nặng nhọc, độc hại, nguy hiểm",1,"Trực tiếp rải mìn, rà phá bom, mìn, xử lý bom, mìn sau rà phá.","Rất nguy hiểm, độc hại, căng thẳng thần kinh tâm lý."
2083,TT 28/2025/TT-BNV,VI,CÔNG BINH VÀ XÂY DỰNG CÔNG TRÌNH QUÂN SỰ,Loại VI,"Đặc biệt nặng nhọc, độc hại, nguy hiểm",2,"Khoan đá, nổ mìn trong công trình ngầm quốc phòng.","Làm việc dưới hầm, nặng nhọc, nguy hiểm, thiếu dưỡng khí, ánh sáng, nồng độ bụi lớn, căng thẳng thần kinh tâm lý."
2084,TT 28/2025/TT-BNV,VI,CÔNG BINH VÀ XÂY DỰNG CÔNG TRÌNH QUÂN SỰ,Loại V,"Đặc biệt nặng nhọc, độc hại, nguy hiểm",1,Xây dựng công trình ngầm quốc phòng.,"Làm việc trong hầm, nặng nhọc, nguy hiểm, thiếu dưỡng khí, ánh sáng, nồng độ bụi lớn."
2085,TT 28/2025/TT-BNV,VI,CÔNG BINH VÀ XÂY DỰNG CÔNG TRÌNH QUÂN SỰ,Loại V,"Đặc biệt nặng nhọc, độc hại, nguy hiểm",2,"Khảo sát đo đạc, xây dựng công sự trận địa, công trình quốc phòng, cầu bến, nửa lâu bền vùng rừng sâu, núi cao, hải đảo.","Địa hình làm việc phức tạp, công việc thủ công, nặng nhọc, nguy hiểm."
2086,TT 28/2025/TT-BNV,VI,CÔNG BINH VÀ XÂY DỰNG CÔNG TRÌNH QUÂN SỰ,Loại V,"Đặc biệt nặng nhọc, độc hại, nguy hiểm",3,Kíp xe đặc chủng công binh bánh xích.,"Công việc nặng nhọc, nơi làm việc chật hẹp, nóng, ồn, rung vượt tiêu chuẩn cho phép nhiều lần."
2087,TT 28/2025/TT-BNV,VI,CÔNG BINH VÀ XÂY DỰNG CÔNG TRÌNH QUÂN SỰ,Loại V,"Đặc biệt nặng nhọc, độc hại, nguy hiểm",4,Bắc cầu quân sự vượt sông suối.,"Làm việc ngoài trời, dưới nước, công việc thủ công, nặng nhọc, nguy hiểm."
2088,TT 28/2025/TT-BNV,VI,CÔNG BINH VÀ XÂY DỰNG CÔNG TRÌNH QUÂN SỰ,Loại V,"Đặc biệt nặng nhọc, độc hại, nguy hiểm",5,"Sản xuất ván ép nhân tạo phục vụ việc xây dựng lô cốt, công sự quân sự.","Tiếp xúc với hoá chất độc hại Phenol, Formaldehyd, axeton, xút, làm việc trong môi trường nóng, bụi, ồn."
2089,TT 28/2025/TT-BNV,VI,CÔNG BINH VÀ XÂY DỰNG CÔNG TRÌNH QUÂN SỰ,Loại V,"Đặc biệt nặng nhọc, độc hại, nguy hiểm",6,Sản xuất khí tài công binh vượt sông phục vụ chiến đấu (bằng vật liệu CompoZít).,"Tiếp xúc với hoá chất độc hại Axeton, nhựa, bụi thuỷ tinh."
2090,TT 28/2025/TT-BNV,VI,CÔNG BINH VÀ XÂY DỰNG CÔNG TRÌNH QUÂN SỰ,Loại V,"Đặc biệt nặng nhọc, độc hại, nguy hiểm",7,"Phun cát, mài làm sạch sản phẩm vũ khí, trang bị, xe máy công binh.","Công việc rất nặng nhọc, làm việc trong môi trường ồn, rung, bụi."
2091,TT 28/2025/TT-BNV,VI,CÔNG BINH VÀ XÂY DỰNG CÔNG TRÌNH QUÂN SỰ,Loại V,"Đặc biệt nặng nhọc, độc hại, nguy hiểm",8,"Sửa chữa, bảo dưỡng, bảo quản trong khoang thuyền PMP, TPP.","Thường xuyên làm việc trong khoang kín thiếu ánh sáng, tư thế làm việc gò bó, bụi, ồn."
2092,TT 28/2025/TT-BNV,VI,CÔNG BINH VÀ XÂY DỰNG CÔNG TRÌNH QUÂN SỰ,Loại IV,"Nặng nhọc, độc hại, nguy hiểm",1,"Kíp xe đặc chủng công binh bánh lốp, xe công trình xa; sử dụng thiết bị đặc chủng công binh.","Công việc nặng nhọc, nguy hiểm, rung xóc, ồn."
2093,TT 28/2025/TT-BNV,VI,CÔNG BINH VÀ XÂY DỰNG CÔNG TRÌNH QUÂN SỰ,Loại IV,"Nặng nhọc, độc hại, nguy hiểm",2,"Thủ kho, quản lý, bảo quản xe máy, vũ khí, khí tài công binh.",Thường xuyên tiếp xúc với hoá chất độc hại.
2094,TT 28/2025/TT-BNV,VII,"HÓA HỌC, SINH HỌC VÀ CÔNG NGHỆ QUÂN SỰ",Loại VI,"Đặc biệt nặng nhọc, độc hại, nguy hiểm",1,"Nghiên cứu, chế thử, sản xuất chất độc quân sự.","Tiếp xúc chất độc mạnh, nguy hiểm, nóng, thiếu dưỡng khí."
2095,TT 28/2025/TT-BNV,VII,"HÓA HỌC, SINH HỌC VÀ CÔNG NGHỆ QUÂN SỰ",Loại VI,"Đặc biệt nặng nhọc, độc hại, nguy hiểm",2,"Nghiên cứu, chế thử, tinh chế làm giầu chất phóng xạ.","Nguy hiểm, tiếp xúc chất phóng xạ, căng thẳng thần kinh tâm lý."
2096,TT 28/2025/TT-BNV,VII,"HÓA HỌC, SINH HỌC VÀ CÔNG NGHỆ QUÂN SỰ",Loại VI,"Đặc biệt nặng nhọc, độc hại, nguy hiểm",3,"Xử lý môi trường bị ô nhiễm chất độc, chất phóng xạ; xử lý, hủy chất độc, chất phóng xạ.","Công việc nặng nhọc độc hại, nguy hiểm, tiếp xúc chất phóng xạ, chất độc."
2097,TT 28/2025/TT-BNV,VII,"HÓA HỌC, SINH HỌC VÀ CÔNG NGHỆ QUÂN SỰ",Loại VI,"Đặc biệt nặng nhọc, độc hại, nguy hiểm",4,"Sử dụng vũ khi sinh học, hóa học, phương tiện có nguồn phòng xạ.","Nguy hiểm, tiếp xúc chất độc, chất phóng xạ mạnh."
2098,TT 28/2025/TT-BNV,VII,"HÓA HỌC, SINH HỌC VÀ CÔNG NGHỆ QUÂN SỰ",Loại VI,"Đặc biệt nặng nhọc, độc hại, nguy hiểm",5,"Nghiên cứu, phòng chống vũ khí huỷ diệt hàng loạt (hoá học, sinh học, hạt nhân) nghiên cứu sản xuất các trang bị khí tài hoá học.","Tiếp xúc với hoá chất độc hại, nguy hiểm chất phóng xạ mạnh, tác nhân sinh học."
2099,TT 28/2025/TT-BNV,VII,"HÓA HỌC, SINH HỌC VÀ CÔNG NGHỆ QUÂN SỰ",Loại VI,"Đặc biệt nặng nhọc, độc hại, nguy hiểm",6,"Thủ kho, thống kê, bảo quản, bốc xếp chất độc, chất phóng xạ quân sự tồn lưu sau chiến tranh.","Tiếp xúc trực tiếp với chất độc, nguồn phóng xạ mạnh, căng thẳng thần kinh tâm lý, rất nguy hiểm."
2100,TT 28/2025/TT-BNV,VII,"HÓA HỌC, SINH HỌC VÀ CÔNG NGHỆ QUÂN SỰ",Loại VI,"Đặc biệt nặng nhọc, độc hại, nguy hiểm",7,"Hiệu chuẩn, giữ chuẩn chính về đại lượng đo lường bức xạ. Nghiên cứu, sản xuất, bảo quản, sửa chữa khí tài trinh sát phóng xạ hóa học .","Tiếp xúc với chất phóng xạ, chất độc, tác nhân sinh học rất nguy hiểm, căng thẳng thần kinh tâm lý."
2101,TT 28/2025/TT-BNV,VII,"HÓA HỌC, SINH HỌC VÀ CÔNG NGHỆ QUÂN SỰ",Loại VI,"Đặc biệt nặng nhọc, độc hại, nguy hiểm",8,"Nghiên cứu, chế thử, sản xuất, KCS chất tạo khói và khí tài phát khói, vũ khí lửa.","Tiếp xúc với hoá chất độc, rất nguy hiểm, dễ cháy nổ."
2102,TT 28/2025/TT-BNV,VII,"HÓA HỌC, SINH HỌC VÀ CÔNG NGHỆ QUÂN SỰ",Loại VI,"Đặc biệt nặng nhọc, độc hại, nguy hiểm",9,"Nghiên cứu công nghệ xử lý chất độc; nghiên cứu, chế thử, sản xuất, KCS, bảo quản, niêm cất các chất tiêu độc, tẩy xạ, diệt trùng.","Trực tiếp sử dụng các hoá chất độc, rất nguy hiểm trong phòng thí nghiệm và khu nhiễm độc."
2103,TT 28/2025/TT-BNV,VII,"HÓA HỌC, SINH HỌC VÀ CÔNG NGHỆ QUÂN SỰ",Loại VI,"Đặc biệt nặng nhọc, độc hại, nguy hiểm",10,"Điều tra lấy mẫu, khai quật thu gom, phân tích, phân loại chất độc, chất phóng xạ, tác nhân sinh học.","Trực tiếp tiếp xúc với các hoá chất độc, rất nguy hiểm."
2104,TT 28/2025/TT-BNV,VII,"HÓA HỌC, SINH HỌC VÀ CÔNG NGHỆ QUÂN SỰ",Loại VI,"Đặc biệt nặng nhọc, độc hại, nguy hiểm",11,"Tiêu độc, tẩy xạ, diệt trùng.","Thường xuyên làm việc ngoài trời, công việc thủ công, rất nặng nhọc, trực tiếp tiếp xúc với vi sinh vật, hoá chất độc hại, nguy hiểm."
2105,TT 28/2025/TT-BNV,VII,"HÓA HỌC, SINH HỌC VÀ CÔNG NGHỆ QUÂN SỰ",Loại VI,"Đặc biệt nặng nhọc, độc hại, nguy hiểm",12,"Xử lý sự cố môi trường do rò rỉ hoá chất độc, chất phóng xạ.","Tiếp xúc với chất độc, chất phóng xạ, rất nguy hiểm."
2106,TT 28/2025/TT-BNV,VII,"HÓA HỌC, SINH HỌC VÀ CÔNG NGHỆ QUÂN SỰ",Loại VI,"Đặc biệt nặng nhọc, độc hại, nguy hiểm",13,"Thanh, xử lý bom, đạn đặc chủng, hoá chất, vật tư độc hại.","Tiếp xúc hoá chất độc hại, rất nguy hiểm, căng thẳng thần kinh tâm lý."
2107,TT 28/2025/TT-BNV,VII,"HÓA HỌC, SINH HỌC VÀ CÔNG NGHỆ QUÂN SỰ",Loại VI,"Đặc biệt nặng nhọc, độc hại, nguy hiểm",14,"Sản xuất, KCS các trang bị chống khủng bố.","Tiếp xúc với hoá chất độc hại, rất nguy hiểm."
2108,TT 28/2025/TT-BNV,VII,"HÓA HỌC, SINH HỌC VÀ CÔNG NGHỆ QUÂN SỰ",Loại V,"Đặc biệt nặng nhọc, độc hại, nguy hiểm",1,"Thủ kho, bảo quản, bốc xếp chất độc, chất phóng xạ quân sự.","Nguy hiểm, tiếp xúc trực tiếp chất độc, chất phóng xạ mạnh, căng thẳng thần kinh tâm lý."
2109,TT 28/2025/TT-BNV,VII,"HÓA HỌC, SINH HỌC VÀ CÔNG NGHỆ QUÂN SỰ",Loại V,"Đặc biệt nặng nhọc, độc hại, nguy hiểm",2,"Sử dụng khí tài phòng da, phòng hô hấp.","Nóng, thiếu dưỡng khí, tiêu hao năng lượng lớn."
2110,TT 28/2025/TT-BNV,VII,"HÓA HỌC, SINH HỌC VÀ CÔNG NGHỆ QUÂN SỰ",Loại V,"Đặc biệt nặng nhọc, độc hại, nguy hiểm",3,"Nghiên cứu, sản xuất, sửa chữa phương tiện có nguồn phóng xạ, phương tiện mang chất phóng xạ, phương tiện đo phóng xạ.","Tiếp xúc chất phóng xạ, nguy hiểm, căng thẳng thần kinh tâm lý."
2111,TT 28/2025/TT-BNV,VII,"HÓA HỌC, SINH HỌC VÀ CÔNG NGHỆ QUÂN SỰ",Loại V,"Đặc biệt nặng nhọc, độc hại, nguy hiểm",4,"Sản xuất chất tạo khói, vũ khí lửa.","Tiếp xúc chất độc hại, nguy hiểm, dễ cháy nổ."
2112,TT 28/2025/TT-BNV,VII,"HÓA HỌC, SINH HỌC VÀ CÔNG NGHỆ QUÂN SỰ",Loại V,"Đặc biệt nặng nhọc, độc hại, nguy hiểm",5,"Lái, phụ xe, áp tải xe chở chất độc, chất phóng xạ quân sự.","Rất nguy hiểm, tiếp xúc ồn, rung, xóc, căng thẳng thần kinh tâm lý."
2113,TT 28/2025/TT-BNV,VII,"HÓA HỌC, SINH HỌC VÀ CÔNG NGHỆ QUÂN SỰ",Loại V,"Đặc biệt nặng nhọc, độc hại, nguy hiểm",6,Sửa chữa xe đặc chủng hoá học quân sự.,"Trực tiếp tiếp xúc với chất độc, nguồn phóng xạ, tư thế làm việc gò bó, nơi làm việc chật hẹp, nóng, chịu tác động của tiếng ồn trong khoang kín."
2114,TT 28/2025/TT-BNV,VII,"HÓA HỌC, SINH HỌC VÀ CÔNG NGHỆ QUÂN SỰ",Loại V,"Đặc biệt nặng nhọc, độc hại, nguy hiểm",7,"KCS, sửa chữa, sản xuất khí tài hoá học quân sự.","Tiếp xúc hoá chất độc hại, tư thế làm việc gò bó, nơi làm việc chật hẹp, nóng, ồn."
2115,TT 28/2025/TT-BNV,VII,"HÓA HỌC, SINH HỌC VÀ CÔNG NGHỆ QUÂN SỰ",Loại V,"Đặc biệt nặng nhọc, độc hại, nguy hiểm",8,"Thủ kho, thống kê, bảo quản, niêm cất, vận hành xe đặc chủng trong kho; bốc xếp bảo dưỡng phụ tùng khí tài hoá học quân sự.","Tiếp xúc với hoá chất độc, nguồn phóng xạ, nóng, căng thẳng thần kinh tâm lý."
2116,TT 28/2025/TT-BNV,VII,"HÓA HỌC, SINH HỌC VÀ CÔNG NGHỆ QUÂN SỰ",Loại V,"Đặc biệt nặng nhọc, độc hại, nguy hiểm",9,"Sản xuất mặt nạ, xử lý mắt kính, phin lọc độc, KCS hộp lọc độc quân sự.","Tiếp xúc với hoá chất độc hại, nhiệt độ cao, tiếng ồn, bụi a mi ăng, căng thẳng thần kinh, ảnh hưởng thị lực, tư thế gò bó."
2117,TT 28/2025/TT-BNV,VII,"HÓA HỌC, SINH HỌC VÀ CÔNG NGHỆ QUÂN SỰ",Loại V,"Đặc biệt nặng nhọc, độc hại, nguy hiểm",10,"KCS, sản xuất than hoạt tẩm chất xúc tác, ống trinh độc quân sự.","Tiếp xúc với hoá chất độc hại, bụi thuỷ tinh và chất độc mô phỏng (MOB)."
2118,TT 28/2025/TT-BNV,VII,"HÓA HỌC, SINH HỌC VÀ CÔNG NGHỆ QUÂN SỰ",Loại V,"Đặc biệt nặng nhọc, độc hại, nguy hiểm",11,"Thủ kho, thống kê, bảo quản khí tài trinh sát hoá học, phóng xạ, khí tài phòng hô hấp, phòng da, quan sát hoá học quân sự.","Công việc nặng nhọc, nơi làm việc chật hẹp, tiếp xúc hoá chất độc, nguồn phóng xạ, rất nguy hiểm."
2119,TT 28/2025/TT-BNV,VII,"HÓA HỌC, SINH HỌC VÀ CÔNG NGHỆ QUÂN SỰ",Loại V,"Đặc biệt nặng nhọc, độc hại, nguy hiểm",12,"Thủ kho, thống kê, bảo quản, bốc xếp hoá chất huấn luyện, hoá chất tiêu tẩy, chất cháy quân sự.","Công việc nặng nhọc, tiếp xúc với hoá chất độc hại, rất nguy hiểm, căng thẳng thần kinh tâm lý."
2120,TT 28/2025/TT-BNV,VII,"HÓA HỌC, SINH HỌC VÀ CÔNG NGHỆ QUÂN SỰ",Loại V,"Đặc biệt nặng nhọc, độc hại, nguy hiểm",13,"Giảng viên giảng dạy các nội dung kỹ, chiến thuật chuyên ngành Phòng hóa.","Làm việc trong môi trường độc hại do hóa chất độc và chất phóng xạ, ảnh hưởng đến sức khỏe cả ngắn hạn và dài hạn: Huấn luyện các bài giảng lý thuyết, thực hành tại phòng thí nghiệm và thao trường, bãi tập, diễn tập, trong quá trình làm việc luôn luôn sử dụng mặt nạ phòng độc và chất độc thật để thực hành, huấn luyện"
2121,TT 28/2025/TT-BNV,VII,"HÓA HỌC, SINH HỌC VÀ CÔNG NGHỆ QUÂN SỰ",Loại V,"Đặc biệt nặng nhọc, độc hại, nguy hiểm",14,"Giảng viên, kỹ thuật viên giảng dạy các nội dung hóa học.","Làm việc trong phòng thí nghiệm (Phòng kín), tiếp xúc với hóa chất độc hại, ảnh hưởng đến sức khỏe cả ngắn hạn và dài hạn"
2122,TT 28/2025/TT-BNV,VII,"HÓA HỌC, SINH HỌC VÀ CÔNG NGHỆ QUÂN SỰ",Loại V,"Đặc biệt nặng nhọc, độc hại, nguy hiểm",15,"Thử nghiệm độ bền nhiệt đới, vật liệu, trang thiết bị đặc chủng quân sự.","Thường xuyên làm việc không theo khung giờ cố định khi có nhiệm vụ đặc biệt, thường xuyên tiếp xúc với nóng bức, tiếng ồn, hóa chất độc và chất phóng xạ, căng thẳng thần kinh tâm lý."
2123,TT 28/2025/TT-BNV,VII,"HÓA HỌC, SINH HỌC VÀ CÔNG NGHỆ QUÂN SỰ",Loại V,"Đặc biệt nặng nhọc, độc hại, nguy hiểm",16,"Nghiên cứu, chế thử các mô-đun, thiết bị điện-điện tử, vật liệu đảm bảo kỹ thuật cho các trang thiết bị đặc chủng.","Thường xuyên làm việc không theo khung giờ cố định khi có nhiệm vụ đặc biệt, thường xuyên tiếp xúc với hóa chất độc và chất phóng xạ, căng thẳng thần kinh tâm lý."
2124,TT 28/2025/TT-BNV,VII,"HÓA HỌC, SINH HỌC VÀ CÔNG NGHỆ QUÂN SỰ",Loại V,"Đặc biệt nặng nhọc, độc hại, nguy hiểm",17,"Nghiên cứu công nghệ, vận hành trang thiết bị nhiệt luyện, hóa - nhiệt luyện, mạ điện và phun phủ kim loại.","Thường xuyên tiếp xúc với nhiệt độ và tiếng ồn và cường độ ánh sáng cao từ các trang bị mài, cắt, nhiệt luyện và hóa - nhiệt luyện và phun phủ kim loại; bụi kim loại trong quá trình cắt, mài, phun cát đánh gỉ và phun phủ kim loại, nguy cơ phơi nhiễm với bụi kim loại cao đặc biệt là bụi silic; hơi khí độc như: Hơi dầu tôi, dung môi dễ bay hơi. Cường độ lao động cao, tiềm ẩn nhiều yếu tố gây tai nạn lao động như cháy nổ, điện giật, cưa cắt…, tính chất công việc căng thẳng kéo dài dễ gây mệt mỏi, ảnh hưởng sức khỏe."
2125,TT 28/2025/TT-BNV,VII,"HÓA HỌC, SINH HỌC VÀ CÔNG NGHỆ QUÂN SỰ",Loại V,"Đặc biệt nặng nhọc, độc hại, nguy hiểm",18,"Khảo sát, điều tra, thu thập, vận chuyển, xử lý, làm tiêu bản các mẫu sinh học (thực vật, động vật, nấm, vi sinh vật, cổ sinh vật).","Thường xuyên làm việc không theo khung giờ cố định khi có nhiệm vụ đặc biệt, tiếp xúc với hóa chất độc, vi khuẩn, nấm, vi rút, động, thực vật nguy hại, nơi làm việc chật hẹp, căng thẳng thần kinh tâm lý."
2126,TT 28/2025/TT-BNV,VII,"HÓA HỌC, SINH HỌC VÀ CÔNG NGHỆ QUÂN SỰ",Loại V,"Đặc biệt nặng nhọc, độc hại, nguy hiểm",19,"Thu thập, kiểm kê, bảo quản, xử lý kỹ thuật các mẫu vật (sinh học, địa chất, vật liệu) trong phòng lưu trữ, trưng bày mẫu vật của đơn vị.","Công việc thu thập mẫu rất phức tạp, cường độ lao động cao, diễn ra trong thời gian dài, không kể ngày đêm gây ảnh hưởng đến sức khỏe và thần kinh tâm lý. Thường xuyên tiếp xúc trực tiếp các hóa chất độc hại để xử lý, bảo quản mẫu. Công việc kiểm kê, bảo quản mẫu vật trong phòng lưu trữ, làm việc trong phòng kín, nhiều hóa chất độc hại, thiếu dưỡng khí."
2127,TT 28/2025/TT-BNV,VII,"HÓA HỌC, SINH HỌC VÀ CÔNG NGHỆ QUÂN SỰ",Loại V,"Đặc biệt nặng nhọc, độc hại, nguy hiểm",20,"Thử nghiệm, sinh sản nhân tạo; chăm sóc, nuôi dưỡng, bảo tồn các loài thủy sinh vật.","Công việc nặng nhọc, làm việc ngoài trời, trong đầm, sông, hồ, thường xuyên tiếp xúc với hóa chất, kích dục tố,... Tiếp xúc thường xuyên với nước, chất thải, vi sinh vật gây bệnh, dễ mắc bệnh da liễu và hô hấp. Phần lớn thời gian làm việc ngoài trời, thời tiết nóng, ẩm và tiếp xúc với trực tiếp với bức xạ mặt trời để theo dõi các chỉ số môi trường và sức khỏe, sinh sản của vật nuôi. Làm việc trên các bè nuôi thủy sinh vật trong điều kiện sóng gió dễ trơn trượt, tiềm ẩn nguy cơ tai nạn, bị trầy xước, đâm, cắn khi thao tác với cá bố mẹ hoặc thủy sản có gai, vỏ cứng."
2128,TT 28/2025/TT-BNV,VII,"HÓA HỌC, SINH HỌC VÀ CÔNG NGHỆ QUÂN SỰ",Loại V,"Đặc biệt nặng nhọc, độc hại, nguy hiểm",21,"Nghiên cứu, chế thử các loại khí tài phòng độc; phân tích, hoá nghiệm, hoá sinh; đánh giá tác động môi trường tại những khu vực bị ô nhiễm và nghiên cứu các tác nhân hoá học, sinh học.","Thường xuyên làm việc trong các phòng thí nghiệm, tiếp xúc trực tiếp với các loại hoá chất độc hại, nguy hiểm; tiếp xúc với khí hậu, thời tiết khắc nghiệt và môi trường độc hại, căng thẳng thần kinh, tâm lý và tiêu hao năng lượng."
2129,TT 28/2025/TT-BNV,VII,"HÓA HỌC, SINH HỌC VÀ CÔNG NGHỆ QUÂN SỰ",Loại IV,"Nặng nhọc, độc hại, nguy hiểm",1,"Sản xuất ống trinh độc, phương tiện dụng cụ trinh sát hóa học, chất và dụng cụ tiêu tẩy.",Chịu tác động của hóa chất độc hại.
2130,TT 28/2025/TT-BNV,VII,"HÓA HỌC, SINH HỌC VÀ CÔNG NGHỆ QUÂN SỰ",Loại IV,"Nặng nhọc, độc hại, nguy hiểm",2,Sản xuất than hoạt tẩm xúc tác.,"Công việc nặng nhọc, nóng, tiếp xúc bụi than và khí CO2."
2131,TT 28/2025/TT-BNV,VII,"HÓA HỌC, SINH HỌC VÀ CÔNG NGHỆ QUÂN SỰ",Loại IV,"Nặng nhọc, độc hại, nguy hiểm",3,"Thủ kho, bảo quản khí tài trinh sát hóa học, phóng xạ, khí tài phòng hô hấp, phòng da, quan sát hóa học.","Nơi làm việc chật hẹp, tiếp xúc hóa chất độc."
2132,TT 28/2025/TT-BNV,VII,"HÓA HỌC, SINH HỌC VÀ CÔNG NGHỆ QUÂN SỰ",Loại IV,"Nặng nhọc, độc hại, nguy hiểm",4,"Thủ kho, bảo quản, bốc xếp hóa chất độc hại, hóa chất tiêu tẩy, chất cháy quân sự.","Tiếp xúc hóa chất độc hại, nguy hiểm, căng thẳng thần kinh tâm lý."
2133,TT 28/2025/TT-BNV,VIII,THÔNG TIN,Loại VI,"Đặc biệt nặng nhọc, độc hại, nguy hiểm",1,"Lắp đặt, sửa chữa bảo dưỡng các thiết bị thông tin quân sự (trên cột anten cao từ 30 m trở lên ở rừng núi).","Công việc nặng nhọc, làm việc trên cao rất nguy hiểm, khi sửa chữa, bảo dưỡng chịu tác động của điện từ trường cao tần và siêu cao tần."
2134,TT 28/2025/TT-BNV,VIII,THÔNG TIN,Loại VI,"Đặc biệt nặng nhọc, độc hại, nguy hiểm",2,"Vận hành, khai thác máy phát sóng siêu cao tần quân sự.","Thường xuyên tiếp xúc với điện từ trường siêu cao tần, ảnh hưởng rất lớn tới sức khoẻ."
2135,TT 28/2025/TT-BNV,VIII,THÔNG TIN,Loại V,"Đặc biệt nặng nhọc, độc hại, nguy hiểm",1,"Vận hành, sửa chữa bảo dưỡng thiết bị trong xe thông tin quân sự.","Làm việc trong xe kín, nóng, thiếu dưỡng khí, ảnh hưởng điện từ trường cao tần, căng thẳng thần kinh, thị giác."
2136,TT 28/2025/TT-BNV,VIII,THÔNG TIN,Loại V,"Đặc biệt nặng nhọc, độc hại, nguy hiểm",2,"Vận hành sửa chữa, bảo dưỡng trạm phát vô tuyến điện quân sự cấp chiến lược.","Ảnh hưởng điện từ trường cao tần, căng thẳng thần kinh tâm lý."
2137,TT 28/2025/TT-BNV,VIII,THÔNG TIN,Loại V,"Đặc biệt nặng nhọc, độc hại, nguy hiểm",3,Làm việc trực tiếp tại tổng đài thông tin liên lạc quân sự trong hầm sâu.,"Nơi làm việc chật hẹp, thiếu ánh sáng, dưỡng khí, thường xuyên chịu tác động của điện từ trường."
2138,TT 28/2025/TT-BNV,VIII,THÔNG TIN,Loại V,"Đặc biệt nặng nhọc, độc hại, nguy hiểm",4,Báo vụ vô tuyến điện báo quân sự.,"ảnh hưởng của điện từ trường; căng thẳng về tâm lý, thần kinh; thường xuyên tiếp xúc với tiếng ồn, làm việc trong phòng kín, xe bịt kín, nhiệt độ cao; ảnh hưởng thị lực, thính lực."
2139,TT 28/2025/TT-BNV,VIII,THÔNG TIN,Loại V,"Đặc biệt nặng nhọc, độc hại, nguy hiểm",5,"Vận hành, bảo dưỡng, sửa chữa thiết bị thông tin vệ tinh, vi ba, vi sát ở các trạm thông tin quân sự trên núi cao, rừng sâu.","Làm việc ở vùng xa xôi, hẻo lánh; thường xuyên tiếp xúc với điện từ trường siêu cao tần vượt tiêu chuẩn cho phép."
2140,TT 28/2025/TT-BNV,VIII,THÔNG TIN,Loại V,"Đặc biệt nặng nhọc, độc hại, nguy hiểm",6,"Tuần tra, bảo vệ hệ thống cáp quang quân sự Bắc - Nam.","Thường xuyên lưu động trên các địa hình đồi núi, nguy hiểm, tiếp xúc với điện từ trường."
2141,TT 28/2025/TT-BNV,VIII,THÔNG TIN,Loại V,"Đặc biệt nặng nhọc, độc hại, nguy hiểm",7,"Vận hành, bảo quản, sửa chữa hệ thống cáp quang quân sự Bắc-Nam.","Thường xuyên lưu động trên các địa hình đồi núi, nguy hiểm, tiếp xúc với điện từ trường."
2142,TT 28/2025/TT-BNV,VIII,THÔNG TIN,Loại V,"Đặc biệt nặng nhọc, độc hại, nguy hiểm",8,"Vận hành, khai thác, sửa chữa, bảo dưỡng tổng đài quân sự có dung lượng từ 10.000 số trở lên, các đài trạm thông tin vệ tinh mặt đất.","Công việc đơn điệu, phải bảo đảm bí mật quân sự cao, thường xuyên chịu tác động của điện từ trường."
2143,TT 28/2025/TT-BNV,VIII,THÔNG TIN,Loại V,"Đặc biệt nặng nhọc, độc hại, nguy hiểm",9,"Vận hành, sửa chữa, bảo dưỡng trang thiết bị trong xe máy mã quân sự và trang bị kỹ thuật nghiệp vụ mật mã quân sự.","Làm việc trong điều kiện kín, chật hẹp, thiếu dưỡng khí, ảnh hưởng tiếng ồn lớn, khí độc của các loại vật liệu."
2144,TT 28/2025/TT-BNV,VIII,THÔNG TIN,Loại V,"Đặc biệt nặng nhọc, độc hại, nguy hiểm",10,Trực tiếp bảo đảm thông tin liên lạc phục vụ đơn vị xe tăng huấn luyện chiến thuật.,"Làm việc ngoài trời, nặng nhọc, ảnh hưởng điện từ trường, căng thẳng thần kinh tâm lý."
2145,TT 28/2025/TT-BNV,VIII,THÔNG TIN,Loại V,"Đặc biệt nặng nhọc, độc hại, nguy hiểm",11,"Chế thử, thử nghiệm, sản xuất mạch in máy thông tin quân sự.","Thường xuyên làm việc trong môi trường hoá chất độc hại, thiếu ánh sáng, thiếu dưỡng khí, tư thế gò bó, căng thẳng thần kinh."
2146,TT 28/2025/TT-BNV,VIII,THÔNG TIN,Loại IV,"Nặng nhọc, độc hại, nguy hiểm",1,"Thi công, bảo dưỡng, sửa chữa đường dây trần thông tin ở vùng sâu, vùng rừng núi hiểm trở.","Công việc nặng nhọc, thường xuyên làm việc trên cao, đồi núi, đầm lầy, hẻo lánh, nguy hiểm."
2147,TT 28/2025/TT-BNV,VIII,THÔNG TIN,Loại IV,"Nặng nhọc, độc hại, nguy hiểm",2,"Quân bưu chuyển công văn mật, khẩn, hẹn giờ ở vùng trung du, rừng núi (trên 20km).","Làm việc ngoài trời, đi trong mọi điều kiện, phương tiện tính khẩn trương cao."
2148,TT 28/2025/TT-BNV,VIII,THÔNG TIN,Loại IV,"Nặng nhọc, độc hại, nguy hiểm",3,"Lắp đặt, bảo dưỡng, sửa chữa thiết bị truyền dẫn trên tuyến và mạng điện thoại quân sự.","Làm việc ngoài trời, công việc nặng nhọc, nguy hiểm, tư thế lao động gò bó."
2149,TT 28/2025/TT-BNV,VIII,THÔNG TIN,Loại IV,"Nặng nhọc, độc hại, nguy hiểm",4,"Vận hành, bảo dưỡng, sửa chữa máy thu, phát công suất từ 01 KW trở lên phục vụ thông tin liên lạc quân sự.",Thường xuyên chịu tác động của điện từ trường.
2150,TT 28/2025/TT-BNV,VIII,THÔNG TIN,Loại IV,"Nặng nhọc, độc hại, nguy hiểm",5,"Khai thác, sử dụng trạm thông tin vô tuyến điện tiếp sức quân sự.","Thường xuyên tiếp xúc với bức xạ, sóng cao tần, nơi làm việc chật hẹp, tiếng ồn lớn, thiếu dưỡng khí."
2151,TT 28/2025/TT-BNV,VIII,THÔNG TIN,Loại IV,"Nặng nhọc, độc hại, nguy hiểm",6,"Thủ kho, bảo quản, bốc xếp khí tài thông tin.","Công việc nặng nhọc, thường xuyên tiếp xúc với chất độc hại."
2152,TT 28/2025/TT-BNV,VIII,THÔNG TIN,Loại IV,"Nặng nhọc, độc hại, nguy hiểm",7,"Xây lắp, sửa chữa, bảo dưỡng cáp ngầm thông tin quân sự.","Làm việc thủ công, nặng nhọc, trong điều kiện mưa, nắng và bụi; khi sửa chữa, bảo dưỡng chịu tác động của mùi hôi thối."
2153,TT 28/2025/TT-BNV,VIII,THÔNG TIN,Loại IV,"Nặng nhọc, độc hại, nguy hiểm",8,"Lực lượng vận hành công văn quân sự mật, tối khẩn, hẹn giờ.","Công việc không kể ngày, đêm, thường xuyên đi lại trên đường, nguy hiểm, chịu ảnh hưởng của khí hậu, mưa, nắng, đòi hỏi tính khẩn trương, cơ mật cao."
2154,TT 28/2025/TT-BNV,VIII,THÔNG TIN,Loại IV,"Nặng nhọc, độc hại, nguy hiểm",9,Sửa chữa thiết bị đầu cuối điện thoại quân sự.,"Nơi làm việc chật hẹp, tư thế lao động gò bó, thường xuyên tiếp xúc với hoá chất."
2155,TT 28/2025/TT-BNV,VIII,THÔNG TIN,Loại IV,"Nặng nhọc, độc hại, nguy hiểm",10,Khảo sát đo đạc lắp đặt các công trình thông tin quân sự.,"Công việc nặng nhọc, tư thế lao động gò bó, chịu tác động của điện từ trường."
2156,TT 28/2025/TT-BNV,VIII,THÔNG TIN,Loại IV,"Nặng nhọc, độc hại, nguy hiểm",11,"Bảo vệ vận chuyển công văn tài liệu quân sự, trên phương tiện tàu hoả tuyến Bắc - Nam.","Công việc nặng nhọc, không kể ngày, đêm, chịu tác động của bụi, rung, xóc."
2157,TT 28/2025/TT-BNV,VIII,THÔNG TIN,Loại IV,"Nặng nhọc, độc hại, nguy hiểm",12,"Khai thác điện thoại, điện toán, truyền số liệu, quản lý danh bạ điện thoại, xử lý phần mềm, lập trình và khai thác điện thoại quân sự.","Thường xuyên tiếp xúc với màn hình, căng thẳng thần kinh tâm lý."
2158,TT 28/2025/TT-BNV,VIII,THÔNG TIN,Loại IV,"Nặng nhọc, độc hại, nguy hiểm",13,"Sản xuất ống nhựa và các loại dây, cáp thông tin quân sự bọc nhựa.","Thường xuyên tiếp xúc với nóng, hơi khí và bụi độc."
2159,TT 28/2025/TT-BNV,VIII,THÔNG TIN,Loại IV,"Nặng nhọc, độc hại, nguy hiểm",14,Chuốt dây kim loại.,"Tiếp xúc với bụi kim loại, hơi độc của dung môi hoá học."
2160,TT 28/2025/TT-BNV,VIII,THÔNG TIN,Loại IV,"Nặng nhọc, độc hại, nguy hiểm",15,Nhồi dầu cáp thông tin.,"Tiếp xúc với dầu, mỡ, hoá chất."
2161,TT 28/2025/TT-BNV,VIII,THÔNG TIN,Loại IV,"Nặng nhọc, độc hại, nguy hiểm",16,"Khai thác công văn quân sự tối mật, hẹn giờ.","Làm việc trong phòng kín, căng thẳng thần kinh."
2162,TT 28/2025/TT-BNV,VIII,THÔNG TIN,Loại IV,"Nặng nhọc, độc hại, nguy hiểm",17,"Sửa chữa, kiểm tra chất lượng các loại máy thông tin quân sự.","Thường xuyên tiếp xúc với hoá chất, chịu tác động của điện từ trường."
2163,TT 28/2025/TT-BNV,IX,VŨ KHÍ ĐẠN DƯỢC,Loại VI,"Đặc biệt nặng nhọc, độc hại, nguy hiểm",1,Chế tạo các loại thuốc nổ (nhạy nổ) và các sản phẩm trung gian.,"Rất nguy hiểm (dễ cháy nổ), thường xuyên tiếp xúc với hóa chất độc mạnh (hơi a xít đặc, các ô xít ni tơ, thủy ngân...), căng thẳng thần kinh tâm lý."
2164,TT 28/2025/TT-BNV,IX,VŨ KHÍ ĐẠN DƯỢC,Loại VI,"Đặc biệt nặng nhọc, độc hại, nguy hiểm",2,"Chế tạo thuốc đen và những sản phẩm, bộ phận, chi tiết đạn dược có dùng thuốc đen.","Rất nguy hiểm (dễ cháy nổ), ảnh hưởng bụi thuốc và hóa chất độc hại, căng thẳng thần kinh tâm lý."
2165,TT 28/2025/TT-BNV,IX,VŨ KHÍ ĐẠN DƯỢC,Loại VI,"Đặc biệt nặng nhọc, độc hại, nguy hiểm",3,"Chế tạo, tái sinh, đúc ép, nhồi thuốc nổ mạnh vào các loại đạn, bom, mìn.","Rất nguy hiểm (dễ cháy nổ), thường xuyên chịu ảnh hưởng của hóa chất độc hại, tập trung chú ý cao, căng thẳng thần kinh tâm lý."
2166,TT 28/2025/TT-BNV,IX,VŨ KHÍ ĐẠN DƯỢC,Loại VI,"Đặc biệt nặng nhọc, độc hại, nguy hiểm",4,Điều chế thuốc phóng.,"Rất nguy hiểm (dễ cháy nổ), thường xuyên tiếp xúc với bụi, hóa chất độc, căng thẳng thần kinh tâm lý."
2167,TT 28/2025/TT-BNV,IX,VŨ KHÍ ĐẠN DƯỢC,Loại VI,"Đặc biệt nặng nhọc, độc hại, nguy hiểm",5,"Thí nghiệm, chế thử, thử nghiệm, kiểm tra chất lượng, xử lý và sửa chữa đạn dược, nhiên liệu nòng tên lửa.","Nguy hiểm, tiếp xúc hóa chất độc hại, căng thẳng thần kinh tâm lý."
2168,TT 28/2025/TT-BNV,IX,VŨ KHÍ ĐẠN DƯỢC,Loại VI,"Đặc biệt nặng nhọc, độc hại, nguy hiểm",6,"Quản lý, xử lý tiêu huỷ các loại đạn dược cấp 5 (bom, mìn, tên lửa, thuỷ lôi, đạn, hoả cụ...).","Công việc rất nguy hiểm, độc hại, căng thẳng thần kinh tâm lý."
2169,TT 28/2025/TT-BNV,IX,VŨ KHÍ ĐẠN DƯỢC,Loại VI,"Đặc biệt nặng nhọc, độc hại, nguy hiểm",7,"Phân tích, kiểm tra đánh giá chất lượng, thành phần tính năng kỹ thuật của thuốc phóng, thuốc nổ, nhiên liệu tên lửa, hoả cụ, hoả thuật.","Công việc rất nguy hiểm, dễ xảy ra cháy nổ, chịu tác động của dung môi độc hại, hơi a xít, căng thẳng thần kinh tâm lý."
2170,TT 28/2025/TT-BNV,IX,VŨ KHÍ ĐẠN DƯỢC,Loại VI,"Đặc biệt nặng nhọc, độc hại, nguy hiểm",8,"Thí nghiệm, thử nghiệm, sản xuất đo đạc đánh giá chất lượng và tính năng các thành phần của đạn dược, tên lửa, ngư lôi, thuỷ lôi (ngòi nổ, bộ lửa...).","Công việc rất nguy hiểm, độc hại căng thẳng thần kinh tâm lý."
2171,TT 28/2025/TT-BNV,IX,VŨ KHÍ ĐẠN DƯỢC,Loại VI,"Đặc biệt nặng nhọc, độc hại, nguy hiểm",9,"Nghiên cứu, thí nghiệm, chế thử, thử nghiệm và sản xuất các thành phần và tổng lắp ngòi đạn, thân đạn, đạn dược, tên lửa, ngư lôi, thuỷ lôi...","Công việc rất nguy hiểm, dễ xảy ra cháy nổ, thường xuyên tiếp xúc với hơi a xít, căng thẳng thần kinh tâm lý."
2172,TT 28/2025/TT-BNV,IX,VŨ KHÍ ĐẠN DƯỢC,Loại VI,"Đặc biệt nặng nhọc, độc hại, nguy hiểm",10,"Nghiên cứu, chế tạo thuốc đen và những sản phẩm, bộ phận, chi tiết đạn dược có dùng thuốc đen.","Công việc rất nguy hiểm, dễ xảy ra cháy nổ, thường xuyên tiếp xúc thuốc và hoá chất độc, căng thẳng thần kinh tâm lý."
2173,TT 28/2025/TT-BNV,IX,VŨ KHÍ ĐẠN DƯỢC,Loại VI,"Đặc biệt nặng nhọc, độc hại, nguy hiểm",11,"Nghiên cứu, chế tạo các loại thuốc nổ, hoả cụ, hoả thuật và các sản phẩm trung gian.","Công việc rất nguy hiểm, dễ xảy ra cháy nổ, thường xuyên tiếp xúc với các loại hoá chất độc mạnh (hơi A xít đặc, các ô xít Nitơ, thuỷ ngân), căng thẳng thần kinh tâm lý."
2174,TT 28/2025/TT-BNV,IX,VŨ KHÍ ĐẠN DƯỢC,Loại VI,"Đặc biệt nặng nhọc, độc hại, nguy hiểm",12,"Nghiên cứu, chế tạo, tái sinh đúc ép nhồi thuốc nổ mạnh vào các loại đạn, bom, mìn, ngòi nổ.","Công việc rất nguy hiểm, thường xuyên tiếp xúc với hoá chất độc, căng thẳng thần kinh tâm lý."
2175,TT 28/2025/TT-BNV,IX,VŨ KHÍ ĐẠN DƯỢC,Loại VI,"Đặc biệt nặng nhọc, độc hại, nguy hiểm",13,"Nghiên cứu, điều chế thuốc phóng, nhiên liệu tên lửa.","Công việc rất nguy hiểm do cháy nổ, thường xuyên tiếp xúc với bụi thuốc, hơi hoá chất độc, căng thẳng thần kinh tâm lý."
2176,TT 28/2025/TT-BNV,IX,VŨ KHÍ ĐẠN DƯỢC,Loại VI,"Đặc biệt nặng nhọc, độc hại, nguy hiểm",14,"Nghiên cứu, thí nghiệm, chế thử, thử nghiệm, kiểm tra chất lượng, sửa chữa, bảo quản, bốc xếp, điều chuyển đạn dược.","Công việc rất nguy hiểm do cháy nổ, căng thẳng thần kinh tâm lý."
2177,TT 28/2025/TT-BNV,IX,VŨ KHÍ ĐẠN DƯỢC,Loại VI,"Đặc biệt nặng nhọc, độc hại, nguy hiểm",15,"Thợ sản xuất thuốc phóng, thuốc nổ.","Thường xuyên tiếp xúc với hoá chất độc hại, nguy hiểm, nơi làm việc thiếu dưỡng khí, căng thẳng thần kinh tâm lý."
2178,TT 28/2025/TT-BNV,IX,VŨ KHÍ ĐẠN DƯỢC,Loại VI,"Đặc biệt nặng nhọc, độc hại, nguy hiểm",16,"Thợ sản xuất nguyên liệu, sản phẩm trung gian để sản xuất thuốc phóng, thuốc nổ.","Thường xuyên tiếp xúc với hoá chất độc hại, căng thẳng thị giác và mệt mỏi thần kinh, độc hại, công việc nguy hiểm, dễ cháy nổ."
2179,TT 28/2025/TT-BNV,IX,VŨ KHÍ ĐẠN DƯỢC,Loại VI,"Đặc biệt nặng nhọc, độc hại, nguy hiểm",17,"Nghiên cứu, chế thử, sản xuất, xử lý, thử nghiệm thuốc nổ TNT.","Công việc rất nguy hiểm dễ xảy ra cháy nổ, thường xuyên tiếp xúc với các loại hoá chất."
2180,TT 28/2025/TT-BNV,IX,VŨ KHÍ ĐẠN DƯỢC,Loại VI,"Đặc biệt nặng nhọc, độc hại, nguy hiểm",18,"Nghiên cứu, thiết kế, thí nghiệm, hiệu chỉnh, thử nghiệm hệ thống tên lửa, ra đa, súng pháo, tác chiến điện tử và hệ thống thông tin trên tàu chiến, vũ khí dưới nước.","Ánh hưởng của sóng siêu cao tần công suất lớn, chịu tác động của ồn, nóng, rung, căng thẳng thần kinh tâm lý."
2181,TT 28/2025/TT-BNV,IX,VŨ KHÍ ĐẠN DƯỢC,Loại VI,"Đặc biệt nặng nhọc, độc hại, nguy hiểm",19,"Sản xuất, thử nghiệm, phân tích, kiểm nghiệm các loại pháo hoa, pháo hoa nổ.","Người lao động làm việc không theo giờ cố định. Công việc rất nguy hiểm, dễ cháy nổ, tiếp xúc với thuỷ ngân, hoá chất độc, ảnh hưởng tới hệ thần kinh, tiêu hoá, miễn dịch."
2182,TT 28/2025/TT-BNV,IX,VŨ KHÍ ĐẠN DƯỢC,Loại V,"Đặc biệt nặng nhọc, độc hại, nguy hiểm",1,"Bốc xếp đạn dược, nhiên liệu lỏng tên lửa.","Công việc nặng nhọc, rất nguy hiểm (dễ cháy nổ), tiếp xúc hóa chất độc hại, căng thẳng thần kinh tâm lý."
2183,TT 28/2025/TT-BNV,IX,VŨ KHÍ ĐẠN DƯỢC,Loại V,"Đặc biệt nặng nhọc, độc hại, nguy hiểm",2,"Lái, phụ xe áp tải xe chở đạn dược, nhiên liệu lỏng tên lửa.","Rất nguy hiểm (dễ cháy nổ), tiếp xúc ồn, rung xóc căng thẳng thần kinh tâm lý."
2184,TT 28/2025/TT-BNV,IX,VŨ KHÍ ĐẠN DƯỢC,Loại V,"Đặc biệt nặng nhọc, độc hại, nguy hiểm",3,"Thủ kho, bảo quản đạn dược, nhiên liệu lỏng tên lửa.","Rất nguy hiểm (dễ cháy nổ), tiếp xúc hóa chất độc hại, căng thẳng thần kinh tâm lý."
2185,TT 28/2025/TT-BNV,IX,VŨ KHÍ ĐẠN DƯỢC,Loại V,"Đặc biệt nặng nhọc, độc hại, nguy hiểm",4,Nhiệt luyện nòng súng trong lò chì.,"Công việc độc hại, thường xuyên tiếp xúc với hơi chì, nóng."
2186,TT 28/2025/TT-BNV,IX,VŨ KHÍ ĐẠN DƯỢC,Loại V,"Đặc biệt nặng nhọc, độc hại, nguy hiểm",5,"Sử dụng sơn, keo trong dung môi độc khi lắp ghép, chế tạo những chi tiết đạn dược.","Nguy hiểm (dễ cháy nổ), tiếp xúc hóa chất độc mạnh. (axêton, êtyl, axêtat, butyl aetat), căng thẳng thần kinh tâm lý."
2187,TT 28/2025/TT-BNV,IX,VŨ KHÍ ĐẠN DƯỢC,Loại V,"Đặc biệt nặng nhọc, độc hại, nguy hiểm",6,"Sản xuất chi tiết bộ phận vũ khí, đạn dược bằng nhựa, cốt bông thủy tinh.","Nóng, rất độc hại (bụi bông thủy tinh, hơi độc của fenol, phoomađêhit axít ôlêíc)."
2188,TT 28/2025/TT-BNV,IX,VŨ KHÍ ĐẠN DƯỢC,Loại V,"Đặc biệt nặng nhọc, độc hại, nguy hiểm",7,"Nắn, tống sát chì nòng súng.","Tư thế lao động gò bó, tiếp xúc nóng, hóa chất độc hại, căng thẳng thị giác."
2189,TT 28/2025/TT-BNV,IX,VŨ KHÍ ĐẠN DƯỢC,Loại V,"Đặc biệt nặng nhọc, độc hại, nguy hiểm",8,"Sản xuất, thử nghiệm vũ khí, khí tài sau sản xuất, sửa chữa và cải tiến.","Nguy hiểm, tiếp xúc hoá chất độc hại, ồn và bụi."
2190,TT 28/2025/TT-BNV,IX,VŨ KHÍ ĐẠN DƯỢC,Loại V,"Đặc biệt nặng nhọc, độc hại, nguy hiểm",9,"Sản xuất các loại đạn dược, hoả cụ huấn luyện.","Thường xuyên tiếp xúc với hoá chất độc hại, nguy hiểm, căng thẳng thần kinh tâm lý."
2191,TT 28/2025/TT-BNV,IX,VŨ KHÍ ĐẠN DƯỢC,Loại V,"Đặc biệt nặng nhọc, độc hại, nguy hiểm",10,"Nấu, trộn, tẩm, ép định hình và thiêu kết sản phẩm hợp kim cứng sản xuất các chi tiết súng, đạn.","Nơi làm việc rất nóng, rung, ồn, thường xuyên tiếp xúc bụi kim loại siêu mịn và hỗn hợp hoá chất (Cô ban; Các bít; C02 A1203), căng thẳng thần kinh tâm lý."
2192,TT 28/2025/TT-BNV,IX,VŨ KHÍ ĐẠN DƯỢC,Loại V,"Đặc biệt nặng nhọc, độc hại, nguy hiểm",11,"Chỉ huy, tham mưu, theo dõi, chỉ đạo, điều hành công tác bảo quản, bảo dưỡng, sửa chữa, bốc xếp ở kho đạn, kho ngư lôi, thuỷ lôi, bom phóng, bom chìm.","Làm việc trong môi trường rất dễ xảy ra cháy nổ, căng thẳng thần kinh."
2193,TT 28/2025/TT-BNV,IX,VŨ KHÍ ĐẠN DƯỢC,Loại V,"Đặc biệt nặng nhọc, độc hại, nguy hiểm",12,"Nghiên cứu, sản xuất, thử nghiệm vũ khí, khí tài sau sản xuất, sửa chữa và cải tiến.","Công việc nguy hiểm, thường xuyên tiếp xúc hoá chất độc, tiếng ồn và bụi."
2194,TT 28/2025/TT-BNV,IX,VŨ KHÍ ĐẠN DƯỢC,Loại V,"Đặc biệt nặng nhọc, độc hại, nguy hiểm",13,"Vệ sinh công nghiệp khu vực sản xuất, sửa chữa, thử nghiệm đạn dược.","Làm việc ngoài trời, nguy hiểm, độc hại, căng thẳng thần kinh tâm lý."
2195,TT 28/2025/TT-BNV,IX,VŨ KHÍ ĐẠN DƯỢC,Loại V,"Đặc biệt nặng nhọc, độc hại, nguy hiểm",14,"Xử lý chất thải công nghiệp trong điều chế thuốc phóng, thuốc nổ; hủy thuốc phóng, thuốc nổ.","Công việc nặng nhọc, độc hại, nguy hiểm, thường xuyên tiếp xúc với khí độc, nóng, căng thẳng thần kinh tâm lý."
2196,TT 28/2025/TT-BNV,IX,VŨ KHÍ ĐẠN DƯỢC,Loại V,"Đặc biệt nặng nhọc, độc hại, nguy hiểm",15,"Cảnh vệ, bảo vệ kho nhiên liệu lỏng tên lửa (kho 0, G).","Công việc nguy hiểm, ảnh hưởng nồng độ hoá chất độc rất cao."
2197,TT 28/2025/TT-BNV,IX,VŨ KHÍ ĐẠN DƯỢC,Loại V,"Đặc biệt nặng nhọc, độc hại, nguy hiểm",16,"Quản lý, kiểm tra, đánh giá thiết kế về tiêu chuẩn vũ khí, đạn dược.","Công việc rất nguy hiểm, dễ xảy ra cháy nổ, căng thẳng thần kinh tâm lý."
2198,TT 28/2025/TT-BNV,IX,VŨ KHÍ ĐẠN DƯỢC,Loại V,"Đặc biệt nặng nhọc, độc hại, nguy hiểm",17,"Lái xe đặc chủng vận chuyển mẫu thí nghiệm, vũ khí đạn dược, hoá chất phục vụ kiểm định vũ khí đạn dược.","Công việc độc hại, nguy hiểm thường xuyên tiếp xúc với hóa chất nguy hiểm, dễ cháy nổ như: nhiên liệu lỏng, thuốc phóng, thuốc nổ."
2199,TT 28/2025/TT-BNV,IX,VŨ KHÍ ĐẠN DƯỢC,Loại V,"Đặc biệt nặng nhọc, độc hại, nguy hiểm",18,"Quản lý, bảo quản, bảo dưỡng, sửa chữa vật tư kỹ thuật tên lửa và đạn tên lửa chống tăng.","Công việc nguy hiểm, thường xuyên tiếp xúc với hoá chất độc hại, căng thẳng thần kinh."
2200,TT 28/2025/TT-BNV,IX,VŨ KHÍ ĐẠN DƯỢC,Loại V,"Đặc biệt nặng nhọc, độc hại, nguy hiểm",19,"Nấu rót gang thép để sản xuất các chi tiết vũ khí, đạn.","Công việc nặng nhọc, nguy hiểm, chịu tác động của nóng và hơi khí độc."
2201,TT 28/2025/TT-BNV,IX,VŨ KHÍ ĐẠN DƯỢC,Loại V,"Đặc biệt nặng nhọc, độc hại, nguy hiểm",20,"Cán thép nóng để sản xuất các chi tiết vũ khí, đạn.","Thường xuyên tiếp xúc với nóng, chịu tác động của bụi, ồn."
2202,TT 28/2025/TT-BNV,IX,VŨ KHÍ ĐẠN DƯỢC,Loại V,"Đặc biệt nặng nhọc, độc hại, nguy hiểm",21,"Nấu đúc phôi nhôm, đồng để sản xuất các chi tiết vũ khí, đạn.","Công việc nặng nhọc, tư thế gò bó, chịu tác động của nóng, hơi khí độc."
2203,TT 28/2025/TT-BNV,IX,VŨ KHÍ ĐẠN DƯỢC,Loại V,"Đặc biệt nặng nhọc, độc hại, nguy hiểm",22,"Đúc, cán nhôm, đồng, thép nóng để sản xuất các chi tiết vũ khí, đạn.","Công việc nặng nhọc, nơi làm việc rất nóng và ồn vượt tiêu chuẩn cho phép."
2204,TT 28/2025/TT-BNV,IX,VŨ KHÍ ĐẠN DƯỢC,Loại V,"Đặc biệt nặng nhọc, độc hại, nguy hiểm",23,"Thợ sơn trong hầm tàu, sơn chống rỉ tàu quân sự.","Môi trường làm việc chật hẹp, thiếu ánh sáng, dưỡng khí."
2205,TT 28/2025/TT-BNV,IX,VŨ KHÍ ĐẠN DƯỢC,Loại V,"Đặc biệt nặng nhọc, độc hại, nguy hiểm",24,"Bảo quản, bảo dưỡng vật tư tăng thiết giáp, xe máy quân sự trên dây chuyền bảo quản hoá.","Làm việc trong nhà nóng, thường xuyên tiếp xúc với hơi khí độc, dầu mỡ, hoá chất."
2206,TT 28/2025/TT-BNV,IX,VŨ KHÍ ĐẠN DƯỢC,Loại V,"Đặc biệt nặng nhọc, độc hại, nguy hiểm",25,"Thợ sửa chữa cơ, điện, lắp đặt, bảo dưỡng thiết bị, vận hành máy nén khí, thiết bị lạnh, hơi trong dây chuyền sản xuất thuốc phóng, thuốc nổ và các sản phẩm trung gian.","Môi trường làm việc nóng bức, thường xuyên tiếp xúc khí độc (CO, NO, NO 2 , SO 2 , SO 3 , NH 3 ), hóa chất độc, nơi làm việc thiếu dưỡng khí."
2207,TT 28/2025/TT-BNV,IX,VŨ KHÍ ĐẠN DƯỢC,Loại V,"Đặc biệt nặng nhọc, độc hại, nguy hiểm",26,"Xử lý môi trường trong nhà máy sản xuất thuốc phóng, thuốc nổ, nhiên liệu tên lửa và các sản phẩm trung gian.","Công việc nặng nhọc, thường xuyên tiếp xúc với các yếu tố độc hại như: hơi khí độc (NO, NO 2 , SO 2 , SO 3 , NH 3 ), hoá chất độc."
2208,TT 28/2025/TT-BNV,IX,VŨ KHÍ ĐẠN DƯỢC,Loại V,"Đặc biệt nặng nhọc, độc hại, nguy hiểm",27,Nhiệt luyện chi tiết vũ khí.,"Nóng, tiếp xúc với bức xạ nhiệt, hơi khí độc, tiêu hao năng lượng, chịu tải cơ bắp."
2209,TT 28/2025/TT-BNV,IX,VŨ KHÍ ĐẠN DƯỢC,Loại V,"Đặc biệt nặng nhọc, độc hại, nguy hiểm",28,Làm việc trên đốc nổi (đốc nổi trên sông) đóng tàu quân sự.,"Thường xuyên làm việc trong hầm chật hẹp, thiếu dưỡng khí, chịu tác động của nóng và tiếng ồn cao."
2210,TT 28/2025/TT-BNV,IX,VŨ KHÍ ĐẠN DƯỢC,Loại V,"Đặc biệt nặng nhọc, độc hại, nguy hiểm",29,"Vận hành máy xay, nghiền, trộn, cán, đùn, ép, tráng nhựa vật liệu PVC, PE và các loại nhựa khác phục vụ sản xuất các chi tiết vũ khí, đạn, trang bị chống đạn, nghi binh, nghi trang quân sự.","Công việc độc hại, thường xuyên tiếp xúc với bụi, hơi và khí độc, nhiệt độ cao."
2211,TT 28/2025/TT-BNV,IX,VŨ KHÍ ĐẠN DƯỢC,Loại V,"Đặc biệt nặng nhọc, độc hại, nguy hiểm",30,"Thủ kho, bảo quản, bốc xếp, thuốc phóng, thuốc nổ và các sản phẩm trung gian.","Người lao động làm việc không theo giờ cố định. Công việc rất nguy hiểm, dễ cháy nổ, tiếp xúc với thuỷ ngân, hoá chất độc, ảnh hưởng tới hệ thần kinh, tiêu hoá, miễn dịch."
2212,TT 28/2025/TT-BNV,IX,VŨ KHÍ ĐẠN DƯỢC,Loại V,"Đặc biệt nặng nhọc, độc hại, nguy hiểm",31,"Nấu, luyện chì phục vụ sản xuất, thử nghiệm các sản phẩm quốc phòng.","Người lao động làm việc không theo giờ cố định, môi trường nóng, ảnh hưởng của bức xạ nhiệt và hơi chì độc hại, ảnh hưởng thị giác, khứu giác."
2213,TT 28/2025/TT-BNV,IX,VŨ KHÍ ĐẠN DƯỢC,Loại V,"Đặc biệt nặng nhọc, độc hại, nguy hiểm",32,"Vận hành máy Xray, máy quang phổ kiểm tra vật liệu sản xuất, sản phẩm quốc phòng.","Người lao động làm việc không theo giờ cố định. Công việc Tiếp xúc trực tiếp với tia X, tia tử ngoại, căng thẳng thần kinh, thị giác."
2214,TT 28/2025/TT-BNV,IX,VŨ KHÍ ĐẠN DƯỢC,Loại V,"Đặc biệt nặng nhọc, độc hại, nguy hiểm",33,Lái xe chở đạn trong kho quân khí.,"Làm việc không theo giờ cố định. Công việc đặc biệt nguy hiểm, tiếp xúc hoá chất độc hại, yêu cầu tập trung chú ý cao, căng thẳng thần kinh tâm lý mức độ cao"
2215,TT 28/2025/TT-BNV,IX,VŨ KHÍ ĐẠN DƯỢC,Loại V,"Đặc biệt nặng nhọc, độc hại, nguy hiểm",34,"Vận hành, kiểm tra, bảo dưỡng, sửa chữa máy Xray, siêu âm, quang phổ trong kiểm tra khuyết tật thuốc nổ trong đạn.","Thường xuyên không theo khung giờ cố định, công việc tiếp xúc trực tiếp với tia X, tia tử ngoại, sóng siêu âm căng thẳng thần kinh, thị giác. Các tia bức xạ ion hoá cường độ cao xuyên qua sắt thép lớp dầy để kiểm tra lớp trong cùng của sản phẩm quốc phòng"
2216,TT 28/2025/TT-BNV,IX,VŨ KHÍ ĐẠN DƯỢC,Loại V,"Đặc biệt nặng nhọc, độc hại, nguy hiểm",35,"Nhân viên tiếp nhận, cấp phát vũ khí, đạn dược phục vụ quốc phòng tại các phân kho vũ khí.","Người lao động làm việc không theo giờ cố định. Công việc rất nguy hiểm, dễ cháy nổ, tiếp xúc với hoá chất độc, nguy cơ cao gây mất an toàn lao động."
2217,TT 28/2025/TT-BNV,IX,VŨ KHÍ ĐẠN DƯỢC,Loại IV,"Nặng nhọc, độc hại, nguy hiểm",1,"Sửa chữa, bảo dưỡng súng, pháo, khí tài, đạn dược tại các kho tàng, trạm, xưởng bảo dưỡng, sửa chữa vũ khí, khí tài, đạn dược.","Tiếp xúc dầu mỡ, hóa chất độc hại, tập trung chú ý cao, tư thế lao động gò bó."
2218,TT 28/2025/TT-BNV,IX,VŨ KHÍ ĐẠN DƯỢC,Loại IV,"Nặng nhọc, độc hại, nguy hiểm",2,"Báo bia chuyên nghiệp ở các trạm, xưởng sản xuất và sửa chữa vũ khí.","Nguy hiểm, tư thế làm việc gò bó, chật hẹp, chịu tác động của ồn."
2219,TT 28/2025/TT-BNV,IX,VŨ KHÍ ĐẠN DƯỢC,Loại IV,"Nặng nhọc, độc hại, nguy hiểm",3,"Sản xuất sửa chữa khí tài quang học, máy đo xa, trinh xa.","Tiếp xúc bụi nước thủy tinh, tiếp xúc cồn, ête, căng thẳng thị giác."
2220,TT 28/2025/TT-BNV,IX,VŨ KHÍ ĐẠN DƯỢC,Loại IV,"Nặng nhọc, độc hại, nguy hiểm",4,"Bảo vệ, cảnh vệ trong kho và khu vực sản xuất đạn dược.","Phải đi lại nhiều không kể ngày đêm, căng thẳng thần kinh tâm lý."
2221,TT 28/2025/TT-BNV,IX,VŨ KHÍ ĐẠN DƯỢC,Loại IV,"Nặng nhọc, độc hại, nguy hiểm",5,"Thủ kho, bảo quản, bốc xếp vũ khí trong kho vũ khí.","Thường xuyên tiếp xúc dầu mỡ, nóng, hóa chất độc hại."
2222,TT 28/2025/TT-BNV,IX,VŨ KHÍ ĐẠN DƯỢC,Loại IV,"Nặng nhọc, độc hại, nguy hiểm",6,"Vận hành, sửa chữa, lắp đặt bổ sung thiết bị; sửa chữa công trình nhà xưởng khu vực sản xuất và kho đạn dược.","Tiếp xúc thường xuyên với yếu tố nguy hiểm, độc hại, công việc đòi hỏi phải tập trung chú ý cao."
2223,TT 28/2025/TT-BNV,IX,VŨ KHÍ ĐẠN DƯỢC,Loại IV,"Nặng nhọc, độc hại, nguy hiểm",7,"Bảo vệ, cảnh vệ trong kho vũ khí, vật liệu nổ.","Làm việc ngoài trời, đi lại nhiều tiêu hao năng lượng, tiếp xúc vi sinh vật có hại, căng thẳng thần kinh tâm lý."
2224,TT 28/2025/TT-BNV,IX,VŨ KHÍ ĐẠN DƯỢC,Loại IV,"Nặng nhọc, độc hại, nguy hiểm",8,Trực tiếp chỉ huy kỹ thuật sản xuất đạn dược.,"Công việc nặng nhọc nguy hiểm, tiếp xúc thường xuyên yếu tố độc hại."
2225,TT 28/2025/TT-BNV,IX,VŨ KHÍ ĐẠN DƯỢC,Loại IV,"Nặng nhọc, độc hại, nguy hiểm",9,Vệ sinh công nghiệp khu vực sản xuất đạn dược.,"Tiếp xúc thường xuyên với yếu tố nguy hiểm, độc hại, công việc nặng nhọc."
2226,TT 28/2025/TT-BNV,IX,VŨ KHÍ ĐẠN DƯỢC,Loại IV,"Nặng nhọc, độc hại, nguy hiểm",10,"Gia công thiết bị quang học quân sự (mài, khắc, mạ, dán); lắp ráp khí tài quân sự (lắp cơ, lắp quang).","Thường xuyên tiếp xúc với cồn, ête và các chất phụ liệu quang học độc hại, căng thẳng thần kinh tâm lý."
2227,TT 28/2025/TT-BNV,IX,VŨ KHÍ ĐẠN DƯỢC,Loại IV,"Nặng nhọc, độc hại, nguy hiểm",11,"Khoan tia lửa điện, xung điện, cắt bằng dây CNC.","Môi trường làm việc thiếu ô xy, thường xuyên tiếp xúc khí dầu và kim loại cháy, căng thẳng thần kinh tâm lý."
2228,TT 28/2025/TT-BNV,IX,VŨ KHÍ ĐẠN DƯỢC,Loại IV,"Nặng nhọc, độc hại, nguy hiểm",12,"Trực tiếp theo dõi, chỉ đạo, điều hành công tác bảo quản, bảo dưỡng, sửa chữa, bốc xếp ở kho vũ khí.","Thường xuyên tiếp xúc với chất độc hại, nguy hiểm."
2229,TT 28/2025/TT-BNV,IX,VŨ KHÍ ĐẠN DƯỢC,Loại IV,"Nặng nhọc, độc hại, nguy hiểm",13,"Quản lý, xử lý, tiêu huỷ các loại vũ khí cấp 5.","Làm việc ngoài trời, nguy hiểm, căng thẳng thần kinh tâm lý."
2230,TT 28/2025/TT-BNV,IX,VŨ KHÍ ĐẠN DƯỢC,Loại IV,"Nặng nhọc, độc hại, nguy hiểm",14,"Sản xuất, sửa chữa, sơn hòm hộp, bao gói vũ khí, khí tài, đạn dược .","Nơi làm việc ồn, bụi, tiếp xúc với hóa chất độc hại."
2231,TT 28/2025/TT-BNV,IX,VŨ KHÍ ĐẠN DƯỢC,Loại IV,"Nặng nhọc, độc hại, nguy hiểm",15,"Nhuộm đen, lân, mạ, sơn vũ khí, khí tài quang học; Đun nấu, pha chế dầu mỡ, hoá chất trong bảo quản, sản xuất vũ khí, chi tiết quân sự.","Thường xuyên tiếp xúc với hoá chất độc hại, nguy hiểm, nóng, ồn và bụi."
2232,TT 28/2025/TT-BNV,IX,VŨ KHÍ ĐẠN DƯỢC,Loại IV,"Nặng nhọc, độc hại, nguy hiểm",16,"Thợ sửa chữa trang thiết bị trạm hoá thí nghiệm thuốc phóng, thuốc nổ.","Thường xuyên tiếp xúc với hoá chất độc hại, nguy hiểm, nóng."
2233,TT 28/2025/TT-BNV,IX,VŨ KHÍ ĐẠN DƯỢC,Loại IV,"Nặng nhọc, độc hại, nguy hiểm",17,"Thủ kho, thống kê, bảo quản, bốc xếp vật tư hoá chất phục vụ huấn luyện, thí nghiệm đạn dược, chất cháy quân sự.","Công việc nặng nhọc, tiếp xúc với hoá chất độc hại, rất nguy hiểm."
2234,TT 28/2025/TT-BNV,IX,VŨ KHÍ ĐẠN DƯỢC,Loại IV,"Nặng nhọc, độc hại, nguy hiểm",18,Thợ sửa chữa xe xích.,"Công việc nặng nhọc, thường xuyên tiếp xúc với dầu mỡ, hoá chất, tư thế gò bó."
2235,TT 28/2025/TT-BNV,IX,VŨ KHÍ ĐẠN DƯỢC,Loại IV,"Nặng nhọc, độc hại, nguy hiểm",19,"Giám sát thi công quá trình hàn kết cấu, làm sạch và sơn thân vỏ tàu quân sự.","Thường xuyên làm việc ngoài trời, nắng, nóng, căng thẳng thị giác."
2236,TT 28/2025/TT-BNV,IX,VŨ KHÍ ĐẠN DƯỢC,Loại IV,"Nặng nhọc, độc hại, nguy hiểm",20,"Nghiên cứu, chế thử sản xuất các loại trụ gốm áp điện PZT chi tiết vũ khí.","Làm việc ở nơi có nhiệt độ cao, tiếp xúc với bụi kim loại và axít."
2237,TT 28/2025/TT-BNV,IX,VŨ KHÍ ĐẠN DƯỢC,Loại IV,"Nặng nhọc, độc hại, nguy hiểm",21,"Nhân viên thống kê trong kho vũ khí, đạn dược.","Thường xuyên tiếp xúc với hoá chất độc hại, nguy hiểm."
2238,TT 28/2025/TT-BNV,IX,VŨ KHÍ ĐẠN DƯỢC,Loại IV,"Nặng nhọc, độc hại, nguy hiểm",22,"Sản xuất hộp giấy, ống giấy bảo quản đạn.","Tiếp xúc với hoá chất độc hại, môi trường bụi, ồn."
2239,TT 28/2025/TT-BNV,IX,VŨ KHÍ ĐẠN DƯỢC,Loại IV,"Nặng nhọc, độc hại, nguy hiểm",23,"Nhân viên kiểm định dưỡng đo kiểm súng pháo, khí tài, đạn dược, phương tiện đo chuyên dùng trong kiểm định súng pháo, khí tài, đạn dược.","Thường xuyên làm việc trong phòng kín, tiếp xúc với xăng dầu, hoá chất độc hại."
2240,TT 28/2025/TT-BNV,IX,VŨ KHÍ ĐẠN DƯỢC,Loại IV,"Nặng nhọc, độc hại, nguy hiểm",24,"Thủ kho, thống kê, bảo quản, bốc xếp vật tư, hoá chất phục vụ cho bảo quản, bảo dưỡng vũ khí khí tài, đạn dược.","Thường xuyên tiếp xúc với dầu mỡ, hoá chất độc hại."
2241,TT 28/2025/TT-BNV,IX,VŨ KHÍ ĐẠN DƯỢC,Loại IV,"Nặng nhọc, độc hại, nguy hiểm",25,"Sản xuất túi dầu khô, trang cụ, giấy bảo quản súng pháo kỹ thuật đạn dược.","Công việc thủ công thường xuyên tiếp xúc với dầu mỡ ở nhiệt độ cao, bụi."
2242,TT 28/2025/TT-BNV,IX,VŨ KHÍ ĐẠN DƯỢC,Loại IV,"Nặng nhọc, độc hại, nguy hiểm",26,"Nhân viên tu bổ, sửa chữa nhà kho cất chứa vũ khí.","Thường xuyên tiếp xúc với môi trường độc hại, tư thế làm việc gò bó."
2243,TT 28/2025/TT-BNV,IX,VŨ KHÍ ĐẠN DƯỢC,Loại IV,"Nặng nhọc, độc hại, nguy hiểm",27,"Thợ nạp bình khí nén, bình cứu hoả, sấy Silicagen phục vụ vũ khí đạn dược.","Tư thế làm việc gò bó, căng thẳng thần kinh."
2244,TT 28/2025/TT-BNV,IX,VŨ KHÍ ĐẠN DƯỢC,Loại IV,"Nặng nhọc, độc hại, nguy hiểm",28,"Thủ kho, bảo quản, bốc xếp trong kho trang bị vật tư kỹ thuật tên lửa khí tài đặc chủng.","Công việc nặng nhọc, thường xuyên tiếp xúc với hoá chất độc hại, nguy hiểm, tư thế làm việc gò bó, căng thẳng thần kinh."
2245,TT 28/2025/TT-BNV,IX,VŨ KHÍ ĐẠN DƯỢC,Loại IV,"Nặng nhọc, độc hại, nguy hiểm",29,"Thủ kho, bảo quản, bốc xếp trong kho trang bị vật tư xe máy, trạm nguồn điện trong kho vật tư, xe máy quân sự dự trữ quốc phòng và dự trữ quốc gia","Luôn tiếp xúc với dầu mỡ, tư thế gò bó."
2246,TT 28/2025/TT-BNV,IX,VŨ KHÍ ĐẠN DƯỢC,Loại IV,"Nặng nhọc, độc hại, nguy hiểm",30,"Thợ sửa chữa, nạp điện ắc qui cho xe, máy quân sự trong kho xe dự trữ quốc phòng và dự trữ quốc gia.","Làm việc thủ công, luôn tiếp xúc với hoá chất."
2247,TT 28/2025/TT-BNV,IX,VŨ KHÍ ĐẠN DƯỢC,Loại IV,"Nặng nhọc, độc hại, nguy hiểm",31,"Lái xe, phụ xe, áp tải chở thuốc phóng, thuốc nổ, nhiên liệu tên lửa và các sản phẩm trung gian.","Công việc nặng nhọc, nguy hiểm, bụi, ồn."
2248,TT 28/2025/TT-BNV,IX,VŨ KHÍ ĐẠN DƯỢC,Loại IV,"Nặng nhọc, độc hại, nguy hiểm",32,Làm khuôn đúc gang thép để sản xuất các chi tiết vũ khí.,"Nóng, ồn, bụi, làm việc ca kíp."
2249,TT 28/2025/TT-BNV,IX,VŨ KHÍ ĐẠN DƯỢC,Loại IV,"Nặng nhọc, độc hại, nguy hiểm",33,"Sàng, trộn cát làm khuôn đúc để sản xuất các chi tiết vũ khí.","Nặng nhọc, ồn, bụi, làm việc ca kíp."
2250,TT 28/2025/TT-BNV,IX,VŨ KHÍ ĐẠN DƯỢC,Loại IV,"Nặng nhọc, độc hại, nguy hiểm",34,"Lấy mẫu, phân tích sản phẩm kim loại để sản xuất các chi tiết vũ khí.","Hơi khí độc, làm việc ca kíp."
2251,TT 28/2025/TT-BNV,IX,VŨ KHÍ ĐẠN DƯỢC,Loại IV,"Nặng nhọc, độc hại, nguy hiểm",35,Vận hành điện lò nấu thép để sản xuất các chi tiết vũ khí.,"Nóng, ồn, bụi, làm việc ca kíp."
2252,TT 28/2025/TT-BNV,IX,VŨ KHÍ ĐẠN DƯỢC,Loại IV,"Nặng nhọc, độc hại, nguy hiểm",36,"Nhiệt luyện kim loại (ủ, tôi, ram) để sản xuất các chi tiết vũ khí, đạn.","Công việc nặng nhọc, rất nóng ảnh hưởng của bức xạ, của CO, CO 2 , SO 2 và ồn rất cao."
2253,TT 28/2025/TT-BNV,IX,VŨ KHÍ ĐẠN DƯỢC,Loại IV,"Nặng nhọc, độc hại, nguy hiểm",37,"Mạ chi tiết vũ khí, ngòi đạn (Niken, Crôm, Kẽm).",Thường xuyên tiếp xúc với các loại hoá chất độc hại.
2254,TT 28/2025/TT-BNV,IX,VŨ KHÍ ĐẠN DƯỢC,Loại IV,"Nặng nhọc, độc hại, nguy hiểm",38,"Đốt lò, vận hành lò hơi phục vụ sản xuất các loại vũ khí đạn.","Công việc nặng nhọc, rất nóng, ảnh hưởng của bức xạ nhiệt, bụi than có nồng độ cao, tiếng ồn."
2255,TT 28/2025/TT-BNV,IX,VŨ KHÍ ĐẠN DƯỢC,Loại IV,"Nặng nhọc, độc hại, nguy hiểm",39,Nhiệt luyện kim loại cho các chi tiết vũ khí đạn.,"Công việc nặng nhọc, rất nóng, bụi, ồn."
2256,TT 28/2025/TT-BNV,IX,VŨ KHÍ ĐẠN DƯỢC,Loại IV,"Nặng nhọc, độc hại, nguy hiểm",40,"Tẩy rửa, ủ, lân hoá, nhuộm mầu kim loại và các sản phẩm kim loại bằng hoá chất của các chi tiết vũ khí.","Thường xuyên tiếp xúc với các loại hoá chất, Axít và xút."
2257,TT 28/2025/TT-BNV,IX,VŨ KHÍ ĐẠN DƯỢC,Loại IV,"Nặng nhọc, độc hại, nguy hiểm",41,"Ép nhựa các chi tiết vũ khí, ngòi đạn.","Thường xuyên tiếp xúc với nóng, bụi và hơi khí độc."
2258,TT 28/2025/TT-BNV,IX,VŨ KHÍ ĐẠN DƯỢC,Loại IV,"Nặng nhọc, độc hại, nguy hiểm",42,Nấu đúc gang phục vụ sản xuất vũ khí.,"Công việc nặng nhọc, nguy hiểm, chịu tác động của nóng, bụi."
2259,TT 28/2025/TT-BNV,IX,VŨ KHÍ ĐẠN DƯỢC,Loại IV,"Nặng nhọc, độc hại, nguy hiểm",43,Nung kim loại bằng lò cao tần trong các nhà máy sản xuất vũ khí.,"Công việc nặng nhọc, chịu tác động của nóng, bụi."
2260,TT 28/2025/TT-BNV,IX,VŨ KHÍ ĐẠN DƯỢC,Loại IV,"Nặng nhọc, độc hại, nguy hiểm",44,"Sơn bằng phương pháp thủ công, sơn cách điện, sấy động cơ điện các chi tiết vũ khí, đạn.",Thường xuyên tiếp xúc với các hoá chất độc trong sơn; tư thế lao động gò bó.
2261,TT 28/2025/TT-BNV,IX,VŨ KHÍ ĐẠN DƯỢC,Loại IV,"Nặng nhọc, độc hại, nguy hiểm",45,"Sửa chữa cơ, điện máy, các máy công cụ sản xuất các chi tiết vũ khí.","Làm việc trong môi trường hoá chất độc hại, tư thế lao động gò bó."
2262,TT 28/2025/TT-BNV,IX,VŨ KHÍ ĐẠN DƯỢC,Loại IV,"Nặng nhọc, độc hại, nguy hiểm",46,Hàn các chi tiết vũ khí bằng phương pháp nung chảy.,"Công việc nặng nhọc, tư thế lao động gò bó, chịu tác động của nóng và khí độc."
2263,TT 28/2025/TT-BNV,IX,VŨ KHÍ ĐẠN DƯỢC,Loại IV,"Nặng nhọc, độc hại, nguy hiểm",47,"Ép suất thành hình săm, lốp ô tô, lốp pháo.","Công việc nặng nhọc, tiếp xúc với nhiệt độ cao, các hoá chất và dung môi."
2264,TT 28/2025/TT-BNV,IX,VŨ KHÍ ĐẠN DƯỢC,Loại IV,"Nặng nhọc, độc hại, nguy hiểm",48,Giám sát đóng tàu quân sự.,"Thường xuyên làm việc ngoài trời, chịu ảnh hưởng của hơi khí độc, bức xạ nhiệt, bụi ồn, rung, căng thẳng thần kinh, tâm lý."
2265,TT 28/2025/TT-BNV,IX,VŨ KHÍ ĐẠN DƯỢC,Loại IV,"Nặng nhọc, độc hại, nguy hiểm",49,Khảo sát đánh giá chất lượng để sửa chữa hoán cải tàu quân sự.,"Môi trường làm việc dưới độ sâu, thiếu dưỡng khí, độc hại, nguy hiểm, căng thẳng thị giác."
2266,TT 28/2025/TT-BNV,IX,VŨ KHÍ ĐẠN DƯỢC,Loại IV,"Nặng nhọc, độc hại, nguy hiểm",50,"Cảnh vệ, bảo vệ trong nhà máy sản xuất thuốc phóng, thuốc nổ, nhiên liệu tên lửa và các sản phẩm trung gian.","Làm việc ngoài trời, thường xuyên tiếp xúc với"
2267,TT 28/2025/TT-BNV,IX,VŨ KHÍ ĐẠN DƯỢC,Loại IV,"Nặng nhọc, độc hại, nguy hiểm",51,Hàn vỏ tàu quân sự.,"Hàn ngoài trời, nóng, tư thế lao động gò bó, ảnh hưởng của C02."
2268,TT 28/2025/TT-BNV,IX,VŨ KHÍ ĐẠN DƯỢC,Loại IV,"Nặng nhọc, độc hại, nguy hiểm",52,"Lái cẩu điện, cẩu diezen; lái xe đầu kéo có rơ mooc ở cảng.","Chịu tác động của ồn, bụi, nóng."
2269,TT 28/2025/TT-BNV,IX,VŨ KHÍ ĐẠN DƯỢC,Loại IV,"Nặng nhọc, độc hại, nguy hiểm",53,"Sửa chữa máy tàu (ở âu, đà).","Công việc nặng nhọc, nóng, ẩm ướt thường xuyên tiếp xúc với dầu mỡ."
2270,TT 28/2025/TT-BNV,IX,VŨ KHÍ ĐẠN DƯỢC,Loại IV,"Nặng nhọc, độc hại, nguy hiểm",54,"Hoá nhôm (mạ nhôm, Anod hóa nhôm)","Tiếp xúc với khí độc, làm việc theo ca kíp."
2271,TT 28/2025/TT-BNV,IX,VŨ KHÍ ĐẠN DƯỢC,Loại IV,"Nặng nhọc, độc hại, nguy hiểm",55,Mạ kim loại và Xyanua chi tiết vũ khí.,"Công việc nặng nhọc, tiếp xúc với hơi độc."
2272,TT 28/2025/TT-BNV,IX,VŨ KHÍ ĐẠN DƯỢC,Loại IV,"Nặng nhọc, độc hại, nguy hiểm",56,Vận hành lò hơi phục vụ sản xuất vũ khí.,"Công việc nặng nhọc, bụi, ồn và nóng."
2273,TT 28/2025/TT-BNV,IX,VŨ KHÍ ĐẠN DƯỢC,Loại IV,"Nặng nhọc, độc hại, nguy hiểm",57,"Đột, dập nóng chi tiết vũ khí.","Công việc nặng nhọc, chịu tác động của bức xạ nhiệt và ồn rất cao."
2274,TT 28/2025/TT-BNV,IX,VŨ KHÍ ĐẠN DƯỢC,Loại IV,"Nặng nhọc, độc hại, nguy hiểm",58,Làm sạch vật đúc để sản xuất các chi tiết vũ khí.,"Công việc nặng nhọc, chịu tác động của nóng, ồn, bụi."
2275,TT 28/2025/TT-BNV,IX,VŨ KHÍ ĐẠN DƯỢC,Loại IV,"Nặng nhọc, độc hại, nguy hiểm",59,Lái cầu trục trong phân xưởng đúc cơ khí để phục vụ sản xuất các chi tiết vũ khí.,"Nóng, bụi, căng thẳng thần kinh tâm lý."
2276,TT 28/2025/TT-BNV,IX,VŨ KHÍ ĐẠN DƯỢC,Loại IV,"Nặng nhọc, độc hại, nguy hiểm",60,"Mạ kẽm, Crôm, Chì, Niken các chi tiết vũ khí.","Chịu tác động của nhiều loại khí, hóa chất độc như HCl, NHI, NH 4 OH, NH4Cl, ZnO và chì."
2277,TT 28/2025/TT-BNV,IX,VŨ KHÍ ĐẠN DƯỢC,Loại IV,"Nặng nhọc, độc hại, nguy hiểm",61,"Hàn điện, hàn hơi phục vụ sản xuất các chi tiết vũ khí.",Tiếp xúc với nóng và hơi khí độc.
2278,TT 28/2025/TT-BNV,IX,VŨ KHÍ ĐẠN DƯỢC,Loại IV,"Nặng nhọc, độc hại, nguy hiểm",62,Vận hành máy nén khí áp lực từ (8kg/cm 2 ) trở lên để sản xuất và sửa chữa các chi tiết vũ khí.,Chịu ảnh hưởng của rung và tiếng ồn rất cao
2279,TT 28/2025/TT-BNV,IX,VŨ KHÍ ĐẠN DƯỢC,Loại IV,"Nặng nhọc, độc hại, nguy hiểm",63,Vận hành búa máy đế sản xuất các chi tiết vũ khí.,"Chịu tác động của nhiệt độ cao, rung động lớn và tiếng ồn vượt tiêu chuẩn cho phép."
2280,TT 28/2025/TT-BNV,IX,VŨ KHÍ ĐẠN DƯỢC,Loại IV,"Nặng nhọc, độc hại, nguy hiểm",64,Cán nhôm lạnh để sản xuất các chi tiết vũ khí.,"Công việc nặng nhọc, tư thế lao động gò bó, chịu tác động của tiếng ồn cao."
2281,TT 28/2025/TT-BNV,IX,VŨ KHÍ ĐẠN DƯỢC,Loại IV,"Nặng nhọc, độc hại, nguy hiểm",65,"Nung, ép định hình đồng, nhôm để sản xuất các chi tiết vũ khí.","Công việc nặng nhọc, chịu tác động của tiếng ồn và hơi khí độc."
2282,TT 28/2025/TT-BNV,IX,VŨ KHÍ ĐẠN DƯỢC,Loại IV,"Nặng nhọc, độc hại, nguy hiểm",66,Kéo dây đồng và nhôm để phục vụ sản xuất các chi tiết vũ khí.,"Công việc nặng nhọc, tiếp xúc với tiếng ồn lớn."
2283,TT 28/2025/TT-BNV,IX,VŨ KHÍ ĐẠN DƯỢC,Loại IV,"Nặng nhọc, độc hại, nguy hiểm",67,"Hấp, ủ nhôm để phục vụ sản xuất các chi tiết vũ khí.","Công việc nặng nhọc, nóng, thường xuyên làm việc trong môi trường bụi."
2284,TT 28/2025/TT-BNV,IX,VŨ KHÍ ĐẠN DƯỢC,Loại IV,"Nặng nhọc, độc hại, nguy hiểm",68,Sơn tĩnh điện để phục vụ sản xuất các chi tiết vũ khí.,"Thường xuyên tiếp xúc với hoá chất độc, nóng."
2285,TT 28/2025/TT-BNV,IX,VŨ KHÍ ĐẠN DƯỢC,Loại IV,"Nặng nhọc, độc hại, nguy hiểm",69,Mài khô kim loại các chi tiết vũ khí.,"Tiếp xúc với bụi đá mài, bụi kim loại và tiếng ồn."
2286,TT 28/2025/TT-BNV,IX,VŨ KHÍ ĐẠN DƯỢC,Loại IV,"Nặng nhọc, độc hại, nguy hiểm",70,"Chà sáng, cạo rỉ, đánh bóng các chi tiết vũ khí bằng kim loại.","Tư thế lao động gò bó, thường xuyên chịu tác động của ồn, bụi nồng độ cao."
2287,TT 28/2025/TT-BNV,IX,VŨ KHÍ ĐẠN DƯỢC,Loại IV,"Nặng nhọc, độc hại, nguy hiểm",71,"Khoan, phay, bào, tiện gang các chi tiết vũ khí.","Căng thẳng thị giác, tập trung chú ý cao."
2288,TT 28/2025/TT-BNV,IX,VŨ KHÍ ĐẠN DƯỢC,Loại IV,"Nặng nhọc, độc hại, nguy hiểm",72,Bả ma tít và sơn xì thân máy các chi tiết vũ khí.,"Công việc nặng nhọc, chịu tác động của dung môi pha sơn và hơi xăng."
2289,TT 28/2025/TT-BNV,IX,VŨ KHÍ ĐẠN DƯỢC,Loại IV,"Nặng nhọc, độc hại, nguy hiểm",73,Rèn búa máy từ 350 kg trở lên để sản xuất các chi tiết vũ khí.,"Công việc nặng nhọc, nóng và tiếng ồn rất cao, ảnh hưởng đến thính giác."
2290,TT 28/2025/TT-BNV,IX,VŨ KHÍ ĐẠN DƯỢC,Loại IV,"Nặng nhọc, độc hại, nguy hiểm",74,"Công nhân vận hành trạm biến thế từ 110 KV trở lên phục vụ sản xuất vũ khí, đạn.","Căng thẳng thần kinh tâm lý, chịu tác động của điện từ trường cao, ảnh hưởng nhiều đến sức khoẻ"
2291,TT 28/2025/TT-BNV,IX,VŨ KHÍ ĐẠN DƯỢC,Loại IV,"Nặng nhọc, độc hại, nguy hiểm",75,Rèn thủ công các chi tiết vũ khí.,"Công việc thủ công, nặng nhọc, chịu tác động của nóng, bụi và khí CO."
2292,TT 28/2025/TT-BNV,IX,VŨ KHÍ ĐẠN DƯỢC,Loại IV,"Nặng nhọc, độc hại, nguy hiểm",76,Phá khuôn đúc bằng chày hơi sản xuất các chi tiết vũ khí đạn.,"Nặng nhọc, nóng, bụi, rung."
2293,TT 28/2025/TT-BNV,IX,VŨ KHÍ ĐẠN DƯỢC,Loại IV,"Nặng nhọc, độc hại, nguy hiểm",77,Vận hành máy đột dập kim loại sản xuất các chi tiết vũ khí.,"Nóng, ồn, rung, căng thẳng thị giác."
2294,TT 28/2025/TT-BNV,IX,VŨ KHÍ ĐẠN DƯỢC,Loại IV,"Nặng nhọc, độc hại, nguy hiểm",78,"Đốt, vận hành lò ủ kim loại để sản xuất các chi tiết vũ khí.","Công việc nặng nhọc, độc hại, thường xuyên chịu tác động của nhiệt độ cao, CO và CO 2 ."
2295,TT 28/2025/TT-BNV,IX,VŨ KHÍ ĐẠN DƯỢC,Loại IV,"Nặng nhọc, độc hại, nguy hiểm",79,"Vận hành máy dập, dũa, mài bi kim loại để sản xuất các chi tiết vũ khí.","Thường xuyên tiếp xúc với rung, ồn và hoá chất độc."
2296,TT 28/2025/TT-BNV,IX,VŨ KHÍ ĐẠN DƯỢC,Loại IV,"Nặng nhọc, độc hại, nguy hiểm",80,Tiện gang các chi tiết thân đạn.,"Bụi, căng thẳng thị giác, tập trung chú ý cao."
2297,TT 28/2025/TT-BNV,IX,VŨ KHÍ ĐẠN DƯỢC,Loại IV,"Nặng nhọc, độc hại, nguy hiểm",81,"Tráng, sơn cách điện dây điện của các chi tiết vũ khí.","Công việc nặng nhọc, chịu tác động của tiếng ồn và hơi khí độc."
2298,TT 28/2025/TT-BNV,IX,VŨ KHÍ ĐẠN DƯỢC,Loại IV,"Nặng nhọc, độc hại, nguy hiểm",82,"May công nghiệp, may khâu da hàng quân sự.","Tư thế lao động gò bó, công việc đơn điệu, căng thẳng thị giác và mệt mỏi thần kinh tâm lý."
2299,TT 28/2025/TT-BNV,IX,VŨ KHÍ ĐẠN DƯỢC,Loại IV,"Nặng nhọc, độc hại, nguy hiểm",83,"Cán tráng, cán hình vải cao su các chi tiết vũ khí.","Ảnh hưởng của ồn, xăng và SO 2 ."
2300,TT 28/2025/TT-BNV,IX,VŨ KHÍ ĐẠN DƯỢC,Loại IV,"Nặng nhọc, độc hại, nguy hiểm",84,Lưu hoá các sản phẩm cao su các chi tiết vũ khí.,"Công việc nặng nhọc, tiếp xúc với các hoá chất độc."
2301,TT 28/2025/TT-BNV,IX,VŨ KHÍ ĐẠN DƯỢC,Loại IV,"Nặng nhọc, độc hại, nguy hiểm",85,"Chế tạo, sản xuất ống cao su chịu áp lực thuộc các chi tiết vũ khí.","Nặng nhọc, tiếp xúc với các hoá chất xúc tác, lưu huỳnh."
2302,TT 28/2025/TT-BNV,IX,VŨ KHÍ ĐẠN DƯỢC,Loại IV,"Nặng nhọc, độc hại, nguy hiểm",86,"Sửa chữa cơ, điện các máy công cụ, máy in, xén tài liệu quân sự.","Làm việc trong môi trường có hoá chất độc, tư thế lao động gò bó."
2303,TT 28/2025/TT-BNV,IX,VŨ KHÍ ĐẠN DƯỢC,Loại IV,"Nặng nhọc, độc hại, nguy hiểm",87,"Sản xuất, quấn ống giấy bao gói vật liệu nổ phục vụ sản xuất hàng quân sự.","Chịu tác động của nóng, hoá chất độc, bụi trong suốt ca làm việc."
2304,TT 28/2025/TT-BNV,IX,VŨ KHÍ ĐẠN DƯỢC,Loại IV,"Nặng nhọc, độc hại, nguy hiểm",88,Lái xe vận tải chuyên dùng chở hoá chất phục vụ sản xuất quốc phòng.,"Chịu tác động của ồn, rung, hoá chất độc, nguy hiểm, căng thẳng thần kinh."
2305,TT 28/2025/TT-BNV,IX,VŨ KHÍ ĐẠN DƯỢC,Loại IV,"Nặng nhọc, độc hại, nguy hiểm",89,"Hoá nghiệm, kiểm tra chất lượng hoá chất phục vụ sản xuất quốc phòng.",Thường xuyên tiếp xúc với hoá chất độc hại.
2306,TT 28/2025/TT-BNV,IX,VŨ KHÍ ĐẠN DƯỢC,Loại IV,"Nặng nhọc, độc hại, nguy hiểm",90,"Đo lường, kiểm định, hiệu chỉnh và sửa chữa phương tiện đo trong dây chuyền sản xuất vũ khí, đạn, thuốc phóng, thuốc nổ, nhiên liệu tên lửa và các sản phẩm trung gian.","Công việc nặng nhọc; thường xuyên tiếp xúc với các hóa chất độc hại như: NO, NO 2 , SO 2 , SO 3 , DNT, DBP, Xentralit, ête."
2307,TT 28/2025/TT-BNV,IX,VŨ KHÍ ĐẠN DƯỢC,Loại IV,"Nặng nhọc, độc hại, nguy hiểm",91,Sản xuất mạch in thuộc các chi tiết vũ khí.,"Thường xuyên tiếp xúc với hoá chất (mạ đồng, mạ thiếc, chất ăn mòn FeCl 3 ; Axêtôn, Benzen...) và các dung dịch rửa phim, hãm ảnh, tẩy cản quang."
2308,TT 28/2025/TT-BNV,IX,VŨ KHÍ ĐẠN DƯỢC,Loại IV,"Nặng nhọc, độc hại, nguy hiểm",92,Sản xuất khí phục vụ quốc phòng.,"Công việc nặng nhọc, làm việc trong môi trường nguy hiểm, có nguy cơ cháy, nổ cao."
2309,TT 28/2025/TT-BNV,IX,VŨ KHÍ ĐẠN DƯỢC,Loại IV,"Nặng nhọc, độc hại, nguy hiểm",93,Sản xuất ống khuếch đại ánh sáng thuộc các chi tiết vũ khí.,"Thường xuyên tiếp xúc với hoá chất như: H 2 SO 4 , HNO 3 , TCE..."
2310,TT 28/2025/TT-BNV,IX,VŨ KHÍ ĐẠN DƯỢC,Loại IV,"Nặng nhọc, độc hại, nguy hiểm",94,Hàn lăn các chi tiết vũ khí.,"Công việc nặng nhọc, tư thế gò bó, thường xuyên tiếp xúc với dung dịch làm mát cực máy hàn."
2311,TT 28/2025/TT-BNV,IX,VŨ KHÍ ĐẠN DƯỢC,Loại IV,"Nặng nhọc, độc hại, nguy hiểm",95,Siêu âm từ tính chi tiết vũ khí.,"Tiếp xúc hơi khí độc, bức xạ điện từ, căng thẳng thị giác."
2312,TT 28/2025/TT-BNV,IX,VŨ KHÍ ĐẠN DƯỢC,Loại IV,"Nặng nhọc, độc hại, nguy hiểm",96,"Thiết kế tàu quân sự (tính toán kết cấu, lập bản tính, bản vẽ, tính toán kiểm tra độ bền kết cấu).","Quá trình làm việc bị tiêu hao năng lượng, thao tác đơn điệu, căng thẳng thị giác, thần kinh mệt mỏi và gánh nặng thông tin."
2313,TT 28/2025/TT-BNV,IX,VŨ KHÍ ĐẠN DƯỢC,Loại IV,"Nặng nhọc, độc hại, nguy hiểm",97,"Lắp đặt, thử khi chế tạo độ bền các chi tiết kết cấu tàu quân sự.","Điều kiện làm việc có độ ồn lớn, âm thanh chói từ va chạm, chà sát kim loại, các khí thải công nghiệp và bụi kim loại."
2314,TT 28/2025/TT-BNV,IX,VŨ KHÍ ĐẠN DƯỢC,Loại IV,"Nặng nhọc, độc hại, nguy hiểm",98,"Vận hành hệ thống cấp nước, điện phục vụ cho sản xuất thuốc phóng, thuốc nổ, nhiên liệu tên lửa và các sản phẩm trung gian.","Môi trường làm việc ồn, rung."
2315,TT 28/2025/TT-BNV,IX,VŨ KHÍ ĐẠN DƯỢC,Loại IV,"Nặng nhọc, độc hại, nguy hiểm",99,"Thủ kho, bốc xếp tại kho chứa sản phẩm pháo hoa, pháo hoa nổ.","Người lao động làm việc không theo giờ cố định. Công việc rất nguy hiểm, dễ cháy nổ, tiếp xúc với thuỷ ngân, hoá chất độc, ảnh hưởng tới hệ thần kinh, tiêu hoá, miễn dịch."
2316,TT 28/2025/TT-BNV,IX,VŨ KHÍ ĐẠN DƯỢC,Loại IV,"Nặng nhọc, độc hại, nguy hiểm",100,"Nhúng dung dịch keo hỗn hợp tạo khuôn đúc mẫu chảy các chi tiết vũ khí đạn, tên lửa.","Người lao động làm việc không theo giờ cố định. Thường xuyên tiếp xúc với môi trường nóng bức, thường xuyên tiếp xúc với hoá chất độc hại nồng độ cao, tư thế lao động gò bó, căng thẳng thần kinh tâm lý"
2317,TT 28/2025/TT-BNV,IX,VŨ KHÍ ĐẠN DƯỢC,Loại IV,"Nặng nhọc, độc hại, nguy hiểm",101,"Vận hành, sửa chữa máy tiện băng dài, máy rèn, máy khoan, máy doa sâu sản xuất nòng súng.","Người lao động làm việc không theo giờ cố định, môi trường có tiếng ồn lớn, rung động lớn, tư thế lao động gò bó, tiếp xúc với dầu mỡ."
2318,TT 28/2025/TT-BNV,IX,VŨ KHÍ ĐẠN DƯỢC,Loại IV,"Nặng nhọc, độc hại, nguy hiểm",102,"Vận hành máy cắt laze, vận hành máy ép thuỷ lực sản xuất trang bị chống đạn.","Làm việc không theo giờ cố định, tư thế lao động gò bó chịu tác động của nóng, khói bụi, tiếng ồn, nhiệt độ, áp suất cao (lò hơi), tiếp xúc hóa chất độc hại: sử dụng vật liệu keo 830, 1430 + bột, cát (cát zircon, bột zircon, cát Mã Lai, bột Mã Lai) ; hoá chất phụ gia khử bọt, thấm ướt để đúc PG9, OG9, chi tiết tên lửa Igla…"
2319,TT 28/2025/TT-BNV,IX,VŨ KHÍ ĐẠN DƯỢC,Loại IV,"Nặng nhọc, độc hại, nguy hiểm",103,"Ép sáp các chi tiết vũ khí, đạn.","Làm việc không theo giờ cố định, công việc nguy hiểm rủi ro khi đóng mở khuôn, vệ sinh máy ép, thay khuôn. Tiếp xúc hoá chất độc hại (chất chống dính khuôn), nguy cơ viêm da, dị ứng."
2320,TT 28/2025/TT-BNV,IX,VŨ KHÍ ĐẠN DƯỢC,Loại IV,"Nặng nhọc, độc hại, nguy hiểm",104,"Vận hành máy dán có tần số siêu âm phục vụ sản xuất nghi binh, nghi trang quân sự.","Làm việc không theo giờ cố định, tiếp xúc với tiếng ồn, sóng siêu âm, khí độc, căng thẳng thần kinh, thị giác."
2321,TT 28/2025/TT-BNV,IX,VŨ KHÍ ĐẠN DƯỢC,Loại IV,"Nặng nhọc, độc hại, nguy hiểm",105,"Vận hành, sửa chữa máy kéo sợi, máy dệt phục vụ sản xuất nghi binh, nghi trang quân sự.","Người lao động làm việc không theo giờ cố định, tiếp xúc với tiếng ồn, hơi nóng, hơi khí độc, căng thẳng thần kinh, thị giác.."
2322,TT 28/2025/TT-BNV,IX,VŨ KHÍ ĐẠN DƯỢC,Loại IV,"Nặng nhọc, độc hại, nguy hiểm",106,Quấn ống phóng composite phục vụ sản xuất vũ khí đạn.,"Làm việc không theo giờ cố định, tư thế lao động gò bó chịu tác động của bụi thủy tinh trong quá trình cắt quấn tiện, nguội bề mặt; hơi keo khi pha keo, quấn ống, tiếp xúc trực tiếp với da do bụi thủy tinh khuếch tán trong không khí. Sử dụng vật liệu vải sợi composite, keo epoxy, đóng rắn epoxy phoenix, epoxy hardener 8211, vừa cuốn vừa đổ keo ống phóng sản phẩm súng."
2323,TT 28/2025/TT-BNV,IX,VŨ KHÍ ĐẠN DƯỢC,Loại IV,"Nặng nhọc, độc hại, nguy hiểm",107,Xử lý mặt ngoài bằng hoá chất các chi tiết cơ khí phục vụ sản xuất quốc phòng.,"Người lao động làm việc không theo giờ cố định. Môi trường làm việc luôn có khí SO2; NO2; NO. thường xuyên tiếp xúc với các loại hóa chất tẩy rửa, axit, chất oxy hoá mạnh. làm việc trong môi trường nóng (các bàn sấy, bể tẩy rửa gia nhiệt); ẩm ướt do tiếp xúc với các dung dịch tẩy rửa."
2324,TT 28/2025/TT-BNV,IX,VŨ KHÍ ĐẠN DƯỢC,Loại IV,"Nặng nhọc, độc hại, nguy hiểm",108,"Hướng dẫn thực hành, đào tạo nghề cho học viên trên các máy tiện, máy phay, máy mài, máy khoan, máy rèn, máy hàn, lò nhiệt luyện, lò nấu kim loại, dây chuyền mạ, phòng thí nghiệm hóa học.","Người lao động làm việc không theo giờ cố định, môi trường có nhiệt độ cao, khói bụi, ánh sáng khi hàn, hoá chất độc hại, tiếng ồn lớn, dầu mỡ; tiếp xúc các hoá chất như axit clohydric, natri hydroxit, hóa chất mạ (như kẽm sunfat, niken sunfat, đồng sunfat), chất tẩy dầu mỡ, chất làm bóng, chất thụ động hóa"
2325,TT 28/2025/TT-BNV,IX,VŨ KHÍ ĐẠN DƯỢC,Loại IV,"Nặng nhọc, độc hại, nguy hiểm",109,"Nghiên cứu, chế thử, chế tạo, thử nghiệm các bộ phận tên lửa và tổ hợp tên lửa tại các Viện nghiên cứu.","Người lao động làm việc không theo giờ cố định. Công việc nguy hiểm, dễ cháy nổ, nhiệt độ cao, áp suất cao (300 - 1200 at), ni tơ lỏng (-1960ºC). Tiếp xúc với hoá chất độc hại (thuỷ ngân, Thallium, axit và các hoá chất, các loại sơn, keo đặc chủng, hợp chất tẩy rửa làm sạch sản phẩm."
2326,TT 28/2025/TT-BNV,IX,VŨ KHÍ ĐẠN DƯỢC,Loại IV,"Nặng nhọc, độc hại, nguy hiểm",110,"Nghiên cứu, chế thử, thử nghiệm sơn, các chi tiết cao su, thực hiện anod hoá nhôm phục vụ hàng quân sự; Nghiên cứu, chế thử, thử nghiệm, phôi ống composit từ vải, sợi thuỷ tinh dùng cho sản xuất vũ khí tại các Viện nghiên cứu.","Người lao động làm việc không theo giờ cố định. Làm việc trong môi trường tiếp xúc hóa chất độc hại (axitsunfuric, oxalic, phosphoric, dung môi hữu cơ, epoxy, chất đóng rắn, dung môi, sợi thủy tinh gây kích ứng, kim loại nặng, phụ gia chống ăn mòn…). Bụi, khí độc (khí SO₂, bụi mịn, hơi hóa chất, bụi sợi thủy tinh). Tiếng ồn (thiết bị khuấy, máy thử nghiệm, máy ép, máy cán cao su)."
2327,TT 28/2025/TT-BNV,IX,VŨ KHÍ ĐẠN DƯỢC,Loại IV,"Nặng nhọc, độc hại, nguy hiểm",111,"Vận hành máy cắt, máy may, máy in, vận hành dây chuyền bán tự động và tự động trong sản xuất bao bì bảo quản thuốc nổ.","Làm việc không theo giờ cố định. Công việc chịu tác động của nóng, ồn, bụi, tư thế lao động gò bó. Tiếp xúc với tiếng ồn lớn, nhiệt độ cao và bụi, hơi khí độc: xylen, axeton, flexo"
2328,TT 28/2025/TT-BNV,IX,VŨ KHÍ ĐẠN DƯỢC,Loại IV,"Nặng nhọc, độc hại, nguy hiểm",112,"Trực tiếp chỉ huy kỹ thuật, kiểm tra, giám sát an toàn trong dây chuyền sản xuất thuốc phóng, thuốc nổ và các sản phẩm trung gian.","Người lao động làm việc không theo giờ cố định. Công việc có nguy cơ cháy nổ, mất an toàn, tiếp xúc với các loại hóa chất độc hại, tiếng ồn lớn"
2329,TT 28/2025/TT-BNV,IX,VŨ KHÍ ĐẠN DƯỢC,Loại IV,"Nặng nhọc, độc hại, nguy hiểm",113,"Sản xuất dụng cụ, sửa chữa máy móc, thiết bị phục vụ công tác bảo dưỡng, bảo quản, sửa chữa, tháo gỡ, xử lý đạn dược.","Thường xuyên không theo khung giờ cố định khi có nhiệm vụ đặc biệt, chấp hành điều động đột xuất khi có sự cố hỏng hóc máy móc tại các phân xưởng sửa chữa đạn, xử lý đạn, tư thế lao động gò bó chịu tác động của nóng, ồn, bụi."
2330,TT 28/2025/TT-BNV,IX,VŨ KHÍ ĐẠN DƯỢC,Loại IV,"Nặng nhọc, độc hại, nguy hiểm",114,"Lái xe cẩu, xe công trình, máy công trình trong các kho quân khí.","Thường xuyên không theo khung giờ cố định khi có nhiệm vụ đặc biệt. Thường xuyên làm việc ngoài trời, chịu ảnh hưởng của rung lắc, tiếng ồn và bụi"
2331,TT 28/2025/TT-BNV,IX,VŨ KHÍ ĐẠN DƯỢC,Loại IV,"Nặng nhọc, độc hại, nguy hiểm",115,"Vận hành máy tiện, máy phay, máy mài, máy khoan, máy rèn, máy hàn trong sản xuất, sửa chữa, bảo dưỡng các chi tiết vũ khí, đạn dược.","Làm việc không theo giờ cố định. Làm việc trong môi trường có tiếng ồn lớn, thường xuyên tiếp xúc với dầu mỡ, nóng, ồn, tiếp xúc với hoá chất độc hại, nguy cơ cháy nổ cao."
2332,TT 28/2025/TT-BNV,IX,VŨ KHÍ ĐẠN DƯỢC,Loại IV,"Nặng nhọc, độc hại, nguy hiểm",116,"Sơn tĩnh điện các chi tiết vũ khí, đạn dược.","Công việc nặng nhọc, độc hại, thường xuyên tiếp xúc với hóa chất độc hại, bụi gỉ sắt, tiếng ồn. Nơi làm việc nóng, thiếu không khí, gò bó, căng thẳng thần kinh"
2333,TT 28/2025/TT-BNV,X,BẢO ĐẢM HẬU CẦN QUÂN SỰ,Loại VI,"Đặc biệt nặng nhọc, độc hại, nguy hiểm",1,"Mang vác hàng quân sự bằng phương tiện vận tải thô sơ, bằng sức người ở vùng núi cao hiểm trở.","Làm việc ở vùng đèo dốc, công việc thủ công nặng nhọc nguy hiểm."
2334,TT 28/2025/TT-BNV,X,BẢO ĐẢM HẬU CẦN QUÂN SỰ,Loại VI,"Đặc biệt nặng nhọc, độc hại, nguy hiểm",2,"Trực tiếp tìm kiếm, khảo sát, cất bốc, quy tập, vận chuyển hài cốt liệt sỹ.","Công việc nặng nhọc, làm việc khu vực rừng núi hẻo lánh, độc hại, tiếp xúc với các sinh vật gây bệnh."
2335,TT 28/2025/TT-BNV,X,BẢO ĐẢM HẬU CẦN QUÂN SỰ,Loại VI,"Đặc biệt nặng nhọc, độc hại, nguy hiểm",3,"Pháp y quân đội trực tiếp khai quật, mổ tử thi.","Tiếp xúc với xác chết lâu ngày, dễ nhiễm độc, nhiễm bệnh, căng thẳng thần kinh tâm lý."
2336,TT 28/2025/TT-BNV,X,BẢO ĐẢM HẬU CẦN QUÂN SỰ,Loại VI,"Đặc biệt nặng nhọc, độc hại, nguy hiểm",4,Điều khiển xuồng chuyển tải kéo tay ở các đảo xa.,"Công việc ngoài trời nặng nhọc, nguy hiểm, tiếp xúc với sóng gió, sinh vật có hại."
2337,TT 28/2025/TT-BNV,X,BẢO ĐẢM HẬU CẦN QUÂN SỰ,Loại V,"Đặc biệt nặng nhọc, độc hại, nguy hiểm",1,"Làm việc trong các labor phòng nguyên, phòng hóa, phòng vi sinh vật quân sự.","Tiếp xúc trực tiếp với chất độc, sinh vật có hại, nguy hiểm, có nguy cơ lây nhiễm."
2338,TT 28/2025/TT-BNV,X,BẢO ĐẢM HẬU CẦN QUÂN SỰ,Loại V,"Đặc biệt nặng nhọc, độc hại, nguy hiểm",2,"Sỹ quan, thuyền viên tàu, xà lan vận tải quân sự trên biển.","Công việc nặng nhọc, nguy hiểm, chịu tác động sóng gió, rung, xóc, ồn, căng thẳng thần kinh tâm lý."
2339,TT 28/2025/TT-BNV,X,BẢO ĐẢM HẬU CẦN QUÂN SỰ,Loại V,"Đặc biệt nặng nhọc, độc hại, nguy hiểm",3,"Khảo sát, thi công, vận hành, bảo dưỡng, sửa chữa thu hồi kho bể tuyến ống xăng dầu quân sự vùng rừng núi.","Làm việc ngoài trời, ở các khu vực đèo dốc công việc nặng nhọc, độc hại."
2340,TT 28/2025/TT-BNV,X,BẢO ĐẢM HẬU CẦN QUÂN SỰ,Loại V,"Đặc biệt nặng nhọc, độc hại, nguy hiểm",4,"Trực tiếp chỉ đạo khống chế, dập tắt, tẩy uế các ổ dịch, tẩy uế chiến trường thảm họa.","Tiếp xúc với mầm bệnh, sinh vật có hại, xác chết và hóa chất độc, căng thẳng thần kinh tâm lý."
2341,TT 28/2025/TT-BNV,X,BẢO ĐẢM HẬU CẦN QUÂN SỰ,Loại V,"Đặc biệt nặng nhọc, độc hại, nguy hiểm",5,"Ngâm tẩm, phơi gỗ phục vụ cho quân sự.","Công việc thủ công, nặng nhọc, chịu tác động của các hoá chất độc mạnh như a sen, Focmon."
2342,TT 28/2025/TT-BNV,X,BẢO ĐẢM HẬU CẦN QUÂN SỰ,Loại V,"Đặc biệt nặng nhọc, độc hại, nguy hiểm",6,Bảo quản cụm chi tiết phụ tùng vật tư; vũ khí trang bị kỹ thuật trên dây chuyền bảo quản hoá - Sơn điện di.,"Thường xuyên tiếp xúc với hoá chất, dầu mỡ, bụi silic, bụi sơn, gỉ, bột đá, dung môi, cao su."
2343,TT 28/2025/TT-BNV,X,BẢO ĐẢM HẬU CẦN QUÂN SỰ,Loại V,"Đặc biệt nặng nhọc, độc hại, nguy hiểm",7,Tráng giấy bằng hoá chất bảo quản hàng quân sự.,"Công việc nặng nhọc, nguy hiểm, chịu tác động của nhiệt độ cao, hoá chất độc."
2344,TT 28/2025/TT-BNV,X,BẢO ĐẢM HẬU CẦN QUÂN SỰ,Loại V,"Đặc biệt nặng nhọc, độc hại, nguy hiểm",8,Lái xe ô tô phục vụ đơn vị xe tăng huấn luyện chiến thuật.,"Lái xe qua các đường hẹp, đường đèo, dốc nguy hiểm, căng thẳng thần kinh tâm lý."
2345,TT 28/2025/TT-BNV,X,BẢO ĐẢM HẬU CẦN QUÂN SỰ,Loại V,"Đặc biệt nặng nhọc, độc hại, nguy hiểm",9,"Nhân viên quân y nghiên cứu, kiểm tra, đo đạc khảo sát môi trường lao động quân sự.","Công việc lưu động, trực tiếp tiếp xúc với hoá chất độc, nguy hiểm."
2346,TT 28/2025/TT-BNV,X,BẢO ĐẢM HẬU CẦN QUÂN SỰ,Loại V,"Đặc biệt nặng nhọc, độc hại, nguy hiểm",10,"Thủ kho, bảo quản, bốc xếp, hóa nghiệm xăng dầu quân sự.","Thường xuyên tiếp xúc xăng, dầu mỡ và các hóa chất độc hại."
2347,TT 28/2025/TT-BNV,X,BẢO ĐẢM HẬU CẦN QUÂN SỰ,Loại V,"Đặc biệt nặng nhọc, độc hại, nguy hiểm",11,"Phun cát, phun bi tẩy rỉ, phun kẽm hàng quân sự.","Thường xuyên tiếp xúc với bụi silic, hơi, khí độc."
2348,TT 28/2025/TT-BNV,X,BẢO ĐẢM HẬU CẦN QUÂN SỰ,Loại V,"Đặc biệt nặng nhọc, độc hại, nguy hiểm",12,"Lực lượng phòng cháy, chữa cháy chuyên trách tại các đơn vị quân đội.","Cường độ làm việc cao, tiêu hao năng lượng lớn, tiếp xúc với nhiều yếu tố nguy hiểm đến tính mạng và căng thẳng thần kinh tâm lý."
2349,TT 28/2025/TT-BNV,X,BẢO ĐẢM HẬU CẦN QUÂN SỰ,Loại V,"Đặc biệt nặng nhọc, độc hại, nguy hiểm",13,"Kiểm định viên, kỹ thuật viên kiểm định kỹ thuật an toàn các loại máy, thiết bị, vật tư, chất có yêu cầu nghiêm ngặt về an toàn lao động trong quân đội","Người lao động làm việc không theo giờ cố định. Công việc nặng nhọc, độc hại, thường xuyên tiếp xúc với hóa chất độc như: Ether, methanol, acid H2SO4 đặc nóng, thủy ngân, benzen, toluen..., nơi làm việc chật hẹp, căng thẳng thần kinh tâm lý."
2350,TT 28/2025/TT-BNV,X,BẢO ĐẢM HẬU CẦN QUÂN SỰ,Loại IV,"Nặng nhọc, độc hại, nguy hiểm",1,Đo bức xạ siêu cao tần quốc phòng; xét nghiệm hóa chất công nghiệp quốc phòng.,"Ảnh hưởng tiếng ồn, điện từ trường siêu cao tần và hóa chất độc hại."
2351,TT 28/2025/TT-BNV,X,BẢO ĐẢM HẬU CẦN QUÂN SỰ,Loại IV,"Nặng nhọc, độc hại, nguy hiểm",2,"Làm việc trong buồng tăng, giảm áp.","Chịu ảnh hưởng của áp lực tăng, giảm, thiếu dưỡng khí."
2352,TT 28/2025/TT-BNV,X,BẢO ĐẢM HẬU CẦN QUÂN SỰ,Loại IV,"Nặng nhọc, độc hại, nguy hiểm",3,"Sĩ quan, thuyền viên tàu, thuyền xà lan vận tải quân sự đường sông.","Điều kiện làm việc gò bó, chật hẹp, ẩm ướt, tiếp xúc hóa chất độc hại từ hàng quân sự, ồn."
2353,TT 28/2025/TT-BNV,X,BẢO ĐẢM HẬU CẦN QUÂN SỰ,Loại IV,"Nặng nhọc, độc hại, nguy hiểm",4,Làm việc trong xe tiêu tẩy quân sự.,"Nóng, tiếp xúc hóa chất độc hại."
2354,TT 28/2025/TT-BNV,X,BẢO ĐẢM HẬU CẦN QUÂN SỰ,Loại IV,"Nặng nhọc, độc hại, nguy hiểm",5,"Áp tải hàng hóa quân sự theo tàu hỏa, tàu thủy.","Lựu động theo tàu, chật hẹp, nóng ồn, tiếp xúc yếu tố độc hại nguy hiểm."
2355,TT 28/2025/TT-BNV,X,BẢO ĐẢM HẬU CẦN QUÂN SỰ,Loại IV,"Nặng nhọc, độc hại, nguy hiểm",6,"Bảo vệ, cảnh vệ, cứu hỏa trong khu vực tổng kho xăng dầu quân sự.","Tiếp xúc độc hại, nguy hiểm; căng thẳng thần kinh tâm lý."
2356,TT 28/2025/TT-BNV,X,BẢO ĐẢM HẬU CẦN QUÂN SỰ,Loại IV,"Nặng nhọc, độc hại, nguy hiểm",7,Thử lực động cơ ô tô; thử bơm cao áp; thử xe ô tô đường dài; lái xe ô tô thử nghiệm quân sự.,"Nơi làm việc nóng, rất ồn, rung xóc liên tục."
2357,TT 28/2025/TT-BNV,X,BẢO ĐẢM HẬU CẦN QUÂN SỰ,Loại IV,"Nặng nhọc, độc hại, nguy hiểm",8,Tẩy rửa Axít hàng quân sự.,Thường xuyên tiếp xúc với hơi axit.
2358,TT 28/2025/TT-BNV,X,BẢO ĐẢM HẬU CẦN QUÂN SỰ,Loại IV,"Nặng nhọc, độc hại, nguy hiểm",9,Thợ mộc phục vụ hàng quân sự,"Nơi làm việc nóng, ồn, bụi, thường xuyên tiếp xúc hoá dung môi hữu cơ, chất bảo quản."
2359,TT 28/2025/TT-BNV,X,BẢO ĐẢM HẬU CẦN QUÂN SỰ,Loại IV,"Nặng nhọc, độc hại, nguy hiểm",10,"Thợ sấy, tháo gỡ khuôn đúc hàng quân sự.","Công việc nặng nhọc, tiếp xúc với nóng, bụi, hơi khí độc."
2360,TT 28/2025/TT-BNV,X,BẢO ĐẢM HẬU CẦN QUÂN SỰ,Loại IV,"Nặng nhọc, độc hại, nguy hiểm",11,Pha chế thuốc phòng gỗ mục.,"Công việc thủ công, nặng nhọc, chịu tác động của hoá chất độc mạnh."
2361,TT 28/2025/TT-BNV,X,BẢO ĐẢM HẬU CẦN QUÂN SỰ,Loại IV,"Nặng nhọc, độc hại, nguy hiểm",12,"Gò tôn dày từ 1mm trở lên để lắp giáp (xe tăng, pháo).","Công việc nặng nhọc, nóng, ảnh hưởng của bức xạ nhiệt, CO2 và ồn rất cao."
2362,TT 28/2025/TT-BNV,X,BẢO ĐẢM HẬU CẦN QUÂN SỰ,Loại IV,"Nặng nhọc, độc hại, nguy hiểm",13,"Ép doăng cao su, da, nhựa PVC, PA, PE thay thế các chi tiết súng, pháo.","Công việc nặng nhọc, thường xuyên tiếp xúc với nóng, ồn, hoá chất độc."
2363,TT 28/2025/TT-BNV,X,BẢO ĐẢM HẬU CẦN QUÂN SỰ,Loại IV,"Nặng nhọc, độc hại, nguy hiểm",14,Thợ vận hành trạm khí nén máy phát điện.,"Thường xuyên tiếp xúc với xăng dầu, chịu tác động của độ rung, tiếng ồn cao."
2364,TT 28/2025/TT-BNV,X,BẢO ĐẢM HẬU CẦN QUÂN SỰ,Loại IV,"Nặng nhọc, độc hại, nguy hiểm",15,Vận hành dây chuyền sản xuất chất ÊtylBrômua phục vụ cho quân sự.,"Làm thủ công, tiếp xúc với hoá chất độc, bụi, ảnh hưởng tới hệ hô hấp."
2365,TT 28/2025/TT-BNV,X,BẢO ĐẢM HẬU CẦN QUÂN SỰ,Loại IV,"Nặng nhọc, độc hại, nguy hiểm",16,Thợ sửa chữa trạm nguồn điện quân sự.,"Công việc nặng nhọc, độc hại, thường xuyên tiếp xúc với xăng dầu, hoá chất."
2366,TT 28/2025/TT-BNV,X,BẢO ĐẢM HẬU CẦN QUÂN SỰ,Loại IV,"Nặng nhọc, độc hại, nguy hiểm",17,"Kiểm định, KCS xe máy quân sự.","Công việc nặng nhọc, thường xuyên làm việc trong điều kiện độc hại, nguy hiểm."
2367,TT 28/2025/TT-BNV,X,BẢO ĐẢM HẬU CẦN QUÂN SỰ,Loại IV,"Nặng nhọc, độc hại, nguy hiểm",18,"Thợ sửa chữa ô tô, tàu quân sự.","Công việc nặng nhọc luôn tiếp xúc với dầu mỡ, tư thế gò bó, chịu tác động của tiếng ồn lớn."
2368,TT 28/2025/TT-BNV,X,BẢO ĐẢM HẬU CẦN QUÂN SỰ,Loại IV,"Nặng nhọc, độc hại, nguy hiểm",19,"Thủ kho quân y, bảo quản, cấp phát thuốc ở kho dự trữ chiến lược.","Lao động trong môi trường kín, tiếp xúc trực tiếp với các loại hoá chất, gây căng thẳng thần kinh."
2369,TT 28/2025/TT-BNV,X,BẢO ĐẢM HẬU CẦN QUÂN SỰ,Loại IV,"Nặng nhọc, độc hại, nguy hiểm",20,"Nhân viên bảo mật làm việc trong phòng máy vi tính, máy phô tô.","Thường xuyên làm việc trong phòng kín, tiếp xúc hơi khí độc, căng thẳng thần kinh tâm lý."
2370,TT 28/2025/TT-BNV,X,BẢO ĐẢM HẬU CẦN QUÂN SỰ,Loại IV,"Nặng nhọc, độc hại, nguy hiểm",21,"Xử lý và soạn tin tình báo, bảo mật trên máy vi tính.","Cường độ lao động cao, căng thẳng thị lực, thần kinh tâm lý."
2371,TT 28/2025/TT-BNV,X,BẢO ĐẢM HẬU CẦN QUÂN SỰ,Loại IV,"Nặng nhọc, độc hại, nguy hiểm",22,"Thợ sửa chữa điện, nước trong đơn vị quân đội.","Tư thế làm việc gò bó, nguy hiểm."
2372,TT 28/2025/TT-BNV,X,BẢO ĐẢM HẬU CẦN QUÂN SỰ,Loại IV,"Nặng nhọc, độc hại, nguy hiểm",23,Nhân viên hoá nghiệm phục vụ cho bảo quản hàng quân sự.,Thường xuyên tiếp xúc với các hoá chất độc.
2373,TT 28/2025/TT-BNV,X,BẢO ĐẢM HẬU CẦN QUÂN SỰ,Loại IV,"Nặng nhọc, độc hại, nguy hiểm",24,Phun xốp vào khoang giữa vách tàu chiến đấu.,"Thường xuyên tiếp xúc với hoá chất độc, nhiệt độ cao, tiếng ồn lớn."
2374,TT 28/2025/TT-BNV,X,BẢO ĐẢM HẬU CẦN QUÂN SỰ,Loại IV,"Nặng nhọc, độc hại, nguy hiểm",25,"Làm vệ sinh trong cơ quan, đơn vị quân đội.","Lao động thủ công, thường xuyên tiếp xúc với chất thải hôi, thối."
2375,TT 28/2025/TT-BNV,X,BẢO ĐẢM HẬU CẦN QUÂN SỰ,Loại IV,"Nặng nhọc, độc hại, nguy hiểm",26,"Nhân viên quân y lấy mẫu, vận chuyển mẫu, làm xét nghiệm đối với các mầm bệnh (vi khuẩn, vi rút).","Chịu tác động của các yếu tố độc hại, nguy hiểm của môi trường."
2376,TT 28/2025/TT-BNV,X,BẢO ĐẢM HẬU CẦN QUÂN SỰ,Loại IV,"Nặng nhọc, độc hại, nguy hiểm",27,Nấu ăn tại các bếp ăn trong Quân đội.,"Công việc độc hại, nguy hiểm làm việc theo ca, chịu tác động của bụi, nóng."
2377,TT 28/2025/TT-BNV,X,BẢO ĐẢM HẬU CẦN QUÂN SỰ,Loại IV,"Nặng nhọc, độc hại, nguy hiểm",28,"Thủ kho, bảo quản cấp phát vật tư quân y ở kho cấp chiến dịch.","Nơi làm việc kín, nóng, tiếp xúc trực tiếp với hoá chất."
2378,TT 28/2025/TT-BNV,X,BẢO ĐẢM HẬU CẦN QUÂN SỰ,Loại IV,"Nặng nhọc, độc hại, nguy hiểm",29,"Thợ sửa chữa ô tô, tàu và sửa chữa, sản xuất, đóng mới xuồng quân sự.","Công việc nặng nhọc luôn tiếp xúc với dầu mỡ, tư thế gò bó, chịu tác động của tiếng ồn lớn."
2379,TT 28/2025/TT-BNV,X,BẢO ĐẢM HẬU CẦN QUÂN SỰ,Loại IV,"Nặng nhọc, độc hại, nguy hiểm",30,"Nhân viên khoa xét nghiệm tại bệnh viện hạng B tuyến quân khu, quân chủng.","Thường xuyên tiếp xúc với hoá chất độc hại, mầm bệnh nguy hiểm."
2380,TT 28/2025/TT-BNV,X,BẢO ĐẢM HẬU CẦN QUÂN SỰ,Loại IV,"Nặng nhọc, độc hại, nguy hiểm",31,"Nuôi trồng hải sản ở Trường Sa, DK1.","Thường xuyên làm việc ngoài trời, môi trường lao động ẩm ướt, chịu tác động của sóng, gió."
2381,TT 28/2025/TT-BNV,X,BẢO ĐẢM HẬU CẦN QUÂN SỰ,Loại IV,"Nặng nhọc, độc hại, nguy hiểm",32,"Thợ trạm khắc, sản xuất các loại con dấu phục vụ nhiệm vụ quân sự quốc phòng.","Làm việc trong phòng kín, tiếp xúc với bụi, ồn."
2382,TT 28/2025/TT-BNV,X,BẢO ĐẢM HẬU CẦN QUÂN SỰ,Loại IV,"Nặng nhọc, độc hại, nguy hiểm",33,"Lái xe phục vụ nghi lễ, tang lễ cấp Nhà nước.","Công việc lưu động, nguy hiểm, nặng nhọc, chịu tác động của của ồn và rung, thực hiện nhiệm vụ trong điều kiện thường xuyên đi theo đoàn, áp lực, căng thẳng thị giác, thần kinh, áp lực bảo đảm an toàn giao thông, cự ly và tốc độ khi hành quân cơ giới."
2383,TT 28/2025/TT-BNV,X,BẢO ĐẢM HẬU CẦN QUÂN SỰ,Loại IV,"Nặng nhọc, độc hại, nguy hiểm",34,"Trưng cất EtylBrômua, sấy silycagen.","Người lao động làm việc không theo giờ cố định. Công việc nặng nhọc, độc hại tiếp xúc với bụi, hoá chất, căng thẳng thị giác, thần kinh, tâm lý."
2384,TT 28/2025/TT-BNV,XI,BẢO VỆ LĂNG CHỦ TỊCH HỒ CHÍ MINH,Loại VI,"Đặc biệt nặng nhọc, độc hại, nguy hiểm",1,"Làm thuốc bảo quản thi hài Chủ Tịch Hồ Chí Minh và thi thể thực nghiệm; vận hành, bảo quản, sửa chữa thiết bị kỹ thuật quan tài trong công trình lăng.","Thường xuyên tiếp xúc hóa chất độc mạnh, làm việc dưới hầm ngầm, thiếu dưỡng khí, nhiệt độ thấp, rất căng thẳng thần kinh tâm lý."
2385,TT 28/2025/TT-BNV,XI,BẢO VỆ LĂNG CHỦ TỊCH HỒ CHÍ MINH,Loại V,"Đặc biệt nặng nhọc, độc hại, nguy hiểm",1,"Trực chỉ huy kỹ thuật, vận hành, bảo quản, sửa chữa, các hệ thống thiết bị kỹ thuật, kết cấu kiến trúc trong công trình lăng.","Làm việc dưới hầm ngầm, thiếu dưỡng khí, nhiệt độ thấp, tiếng ồn lớn, công việc đơn điệu, chịu ảnh hưởng điện từ trường."
2386,TT 28/2025/TT-BNV,XI,BẢO VỆ LĂNG CHỦ TỊCH HỒ CHÍ MINH,Loại V,"Đặc biệt nặng nhọc, độc hại, nguy hiểm",2,Tiêu binh danh dự cửa lăng; tiêu binh danh dự thi hài.,"Công việc đòi hỏi tập trung chú ý rất cao, tư thế gò bó, đơn điệu, mệt mỏi, căng thẳng thần kinh tâm lý."
2387,TT 28/2025/TT-BNV,XI,BẢO VỆ LĂNG CHỦ TỊCH HỒ CHÍ MINH,Loại IV,"Nặng nhọc, độc hại, nguy hiểm",1,"Bảo quản, sửa chữa kết cấu kiến trúc công trình lăng và các thiết bị kỹ thuật ngoài công trình.",Làm việc ngoài trời công việc nặng nhọc.
2388,TT 28/2025/TT-BNV,XI,BẢO VỆ LĂNG CHỦ TỊCH HỒ CHÍ MINH,Loại IV,"Nặng nhọc, độc hại, nguy hiểm",2,"Làm việc, bảo quản, sửa chữa thiết bị kiến trúc trong công trình ngầm dự phòng quốc phòng.","Làm việc trong hầm ngầm, ẩm thấp, thiếu dưỡng khí, ánh sáng, công việc đơn điệu gò bó."
2389,TT 28/2025/TT-BNV,XI,BẢO VỆ LĂNG CHỦ TỊCH HỒ CHÍ MINH,Loại IV,"Nặng nhọc, độc hại, nguy hiểm",3,Gác vũ trang bảo đảm an ninh công trình lăng.,"Làm việc ngoài trời, công việc độc lập, nguy hiểm, căng thẳng thần kinh."
2390,TT 28/2025/TT-BNV,XI,BẢO VỆ LĂNG CHỦ TỊCH HỒ CHÍ MINH,Loại IV,"Nặng nhọc, độc hại, nguy hiểm",4,Trực bảo đảm an ninh trong và ngoài công trình lăng.,"Làm việc trong hầm ngầm, thiếu dưỡng khi, công việc đơn điệu gò bó. Căng thẳng thần kinh tâm lý."
2391,TT 28/2025/TT-BNV,XI,BẢO VỆ LĂNG CHỦ TỊCH HỒ CHÍ MINH,Loại IV,"Nặng nhọc, độc hại, nguy hiểm",5,Trực điều hành và trực tiếp làm nhiệm vụ đón tiếp tuyên truyền trong và ngoài công trình lăng.,"Thường xuyên làm việc ngoài trời nắng nóng, cường độ lao động cao, căng thẳng thần kinh tâm lý."
2392,TT 28/2025/TT-BNV,XI,BẢO VỆ LĂNG CHỦ TỊCH HỒ CHÍ MINH,Loại IV,"Nặng nhọc, độc hại, nguy hiểm",6,Cảnh vệ đặc biệt bảo vệ Lễ viếng Chủ tịch Hồ Chí Minh.,"Làm việc nơi chật hẹp, thiếu dưỡng khí, nhiệt độ trong công trình thấp, nhiệt độ ngoài trời cao."
2393,TT 28/2025/TT-BNV,XII,BẢN ĐỒ QUÂN SỰ,Loại V,"Đặc biệt nặng nhọc, độc hại, nguy hiểm",1,Chụp ảnh địa hình trên không.,"Nguy hiểm, chịu ảnh hưởng của thay đổi áp suất, nhiệt độ, tiếng ồn, rung xóc."
2394,TT 28/2025/TT-BNV,XII,BẢN ĐỒ QUÂN SỰ,Loại V,"Đặc biệt nặng nhọc, độc hại, nguy hiểm",2,"Đo đạc địa hình quân sự vùng rừng sâu, núi cao, hải đảo.","Làm việc ngoài trời, ở vùng nhiều đèo dốc, hiểm trở, công việc nặng nhọc, ảnh hưởng thị lực."
2395,TT 28/2025/TT-BNV,XII,BẢN ĐỒ QUÂN SỰ,Loại IV,"Nặng nhọc, độc hại, nguy hiểm",1,"Chế bản đồ, mài bản kẽm, in bản đồ quân sự.","Làm việc trong phòng kín, thiếu ánh sáng, dưỡng khí, tiếp xúc với bụi, ồn và hoá chất."
2396,TT 28/2025/TT-BNV,XII,BẢN ĐỒ QUÂN SỰ,Loại IV,"Nặng nhọc, độc hại, nguy hiểm",2,"Bảo quản, tráng, rửa phim ảnh bản đồ quân sự.","Làm việc trong phòng kín, thiếu ánh sáng, dưỡng khí, tiếp xúc với hoá chất độc hại."
2397,TT 28/2025/TT-BNV,XIII,BIÊN PHÒNG,Loại VI,"Đặc biệt nặng nhọc, độc hại, nguy hiểm",1,Làm nhiệm vụ tuần tiễu trên tàu cao tốc.,"Công việc nặng nhọc, nguy hiểm, nơi làm việc chật hẹp, rung xóc, căng thẳng thần kinh tâm lý."
2398,TT 28/2025/TT-BNV,XIII,BIÊN PHÒNG,Loại VI,"Đặc biệt nặng nhọc, độc hại, nguy hiểm",2,Bộ đội các đồn biên phòng nơi đặc biệt khó khăn.,"Công việc nặng nhọc, gian khổ, đi lại khó khăn, căng thẳng thần kinh tâm lý."
2399,TT 28/2025/TT-BNV,XIII,BIÊN PHÒNG,Loại VI,"Đặc biệt nặng nhọc, độc hại, nguy hiểm",3,"Phân giới cắm mốc, biên giới.","Thường xuyên làm việc ở vùng núi cao, hiểm trở, đi lại khó khăn, thời tiết khắc nghiệt, nhiệm vụ phức tạp, nguy hiểm, căng thẳng thần kinh tâm lý."
2400,TT 28/2025/TT-BNV,XIII,BIÊN PHÒNG,Loại VI,"Đặc biệt nặng nhọc, độc hại, nguy hiểm",4,Phòng chống tội phạm ma tuý.,"Nhiệm vụ độc lập, luôn cơ động, phân tán, môi trường hoạt động độc hại, khó khăn, nguy hiểm, căng thẳng thần kinh tâm lý."
2401,TT 28/2025/TT-BNV,XIII,BIÊN PHÒNG,Loại VI,"Đặc biệt nặng nhọc, độc hại, nguy hiểm",5,"Bộ đội biên phòng làm nhiệm vụ ở địa bàn được coi là đặc biệt khó khăn, gian khổ.","Thường xuyên hoạt động trong điều kiện thời tiết khí hậu, môi trường độc hại, khó khăn, nguy hiểm, căng thẳng thần kinh tâm lý."
2402,TT 28/2025/TT-BNV,XIII,BIÊN PHÒNG,Loại VI,"Đặc biệt nặng nhọc, độc hại, nguy hiểm",6,"Tuần tra trên biển của các Hải Đoàn, Hải Đội thuộc Bộ đội Biên phòng.","Thường xuyên chịu tác động của sóng, gió, rung, xóc lớn, công việc nặng nhọc, rất nguy hiểm, nơi làm việc chật hẹp, căng thẳng thần kinh tâm lý."
2403,TT 28/2025/TT-BNV,XIII,BIÊN PHÒNG,Loại VI,"Đặc biệt nặng nhọc, độc hại, nguy hiểm",7,"Chăn nuôi, huấn luyện và sử dụng chó nghiệp vụ.","Công việc nặng nhọc, độc hại, nguy hiểm, căng thẳng, dễ gây nhiễm bệnh."
2404,TT 28/2025/TT-BNV,XIII,BIÊN PHÒNG,Loại V,"Đặc biệt nặng nhọc, độc hại, nguy hiểm",1,Tuần tra trên biển.,"Nơi làm việc chật hẹp, chịu tác động sóng gió, rung xóc, căng thẳng thần kinh tâm lý."
2405,TT 28/2025/TT-BNV,XIII,BIÊN PHÒNG,Loại V,"Đặc biệt nặng nhọc, độc hại, nguy hiểm",2,"Trinh sát biên phòng, bộ đội ở các đồn biên phòng vùng rừng sâu, núi cao và đảo xa.","Công việc nặng nhọc, độc lập nơi địa hình phức tạp, khó khăn, căng thẳng thần kinh tâm lý."
2406,TT 28/2025/TT-BNV,XIII,BIÊN PHÒNG,Loại V,"Đặc biệt nặng nhọc, độc hại, nguy hiểm",3,Nuôi và huấn luyện chó nghiệp vụ.,"Công việc nặng nhọc, phức tạp, nguy hiểm, dễ nhiễm bệnh."
2407,TT 28/2025/TT-BNV,XIV,TỔNG CÔNG TY TRỰC THĂNG VIỆT NAM,Loại IV,"Nặng nhọc, độc hại, nguy hiểm",1,"Làm thủ tục, đưa đón hành khách tại sân bay quân sự.","Thường xuyên làm việc ngoài trời, mưa, nóng, nắng, hơi xăng dầu."
2408,TT 28/2025/TT-BNV,XV,NGHI LỄ QUÂN ĐỘI,Loại V,"Đặc biệt nặng nhọc, độc hại, nguy hiểm",1,"Quân nhạc, tiêu binh danh dự.","Làm việc ngoài trời, chịu tác động của thời tiết nóng, lạnh."
2409,TT 28/2025/TT-BNV,XV,NGHI LỄ QUÂN ĐỘI,Loại IV,"Nặng nhọc, độc hại, nguy hiểm",1,"Lái xe nghi lễ mui trần; Lái xe kéo mooc (Linh xa A, Linh xa B) phục vụ lễ tang cấp Nhà nước.","Bảo đảm cho nhiệm vụ cấp Nhà nước, làm việc trong điều kiện áp lực, căng thẳng thần kinh, tâm lý, tư thế gò bó, môi trường làm việc nặng nhọc, tiếp xúc trực tiếp với xăng, dầu độc hại. Công việc ngoài trời nặng nhọc, tiếp xúc trực tiếp với điều kiện thời tiết như nóng lạnh, mưa, bụi, căng thẳng thị giác và chịu tác động của ồn, rung."
2410,TT 28/2025/TT-BNV,XVI,TIÊU CHUẨN ĐO LƯỜNG QUÂN SỰ,Loại IV,"Nặng nhọc, độc hại, nguy hiểm",1,"Kiểm định, bảo quản, bảo dưỡng, hiệu chuẩn, sửa chữa, thử nghiệm, giám định chất lượng kính phẳng, kính song phẳng, phương tiện đo và trang bị lĩnh vực chiều dài.","Thường xuyên tiếp xúc với xăng dầu, mỡ, cồn, ete, hóa chất tẩy rửa, chống mốc trong môi trường kín, khắc nghiệt, dễ cháy nổ, thao tác lặp lại, thời gian kéo dài, nặng nhọc, tốn nhiều sức, nguy hiểm, yêu cầu tập trung thị lực cao, thần kinh căng thẳng, mệt mỏi...; cơ động làm việc tại các đơn vị, ngoài hiện trường, tại thực địa với đặc điểm làm việc khắc nghiệt."
2411,TT 28/2025/TT-BNV,XVI,TIÊU CHUẨN ĐO LƯỜNG QUÂN SỰ,Loại IV,"Nặng nhọc, độc hại, nguy hiểm",2,"Kiểm định, bảo quản, bảo dưỡng, hiệu chuẩn, sửa chữa, thử nghiệm, giám định chất lượng phương tiện đo, trang bị cơ khí, súng, pháo, xe các loại.","Thường xuyên tiếp xúc với xăng dầu, mỡ, cồn, ête, hóa chất tẩy rửa, chống mốc trong môi trường kín, khắc nghiệt, dễ cháy nổ, thao tác lặp lại, thời gian kéo dài, nặng nhọc, tốn nhiều sức, nguy hiểm, yêu cầu tập trung thị lực cao, thần kinh căng thẳng, mệt mỏi; cơ động làm việc tại các đơn vị, ngoài hiện trường, tại thực địa với đặc điểm làm việc khắc nghiệt."
2412,TT 28/2025/TT-BNV,XVI,TIÊU CHUẨN ĐO LƯỜNG QUÂN SỰ,Loại IV,"Nặng nhọc, độc hại, nguy hiểm",3,"Kiểm định, bảo quản, bảo dưỡng, hiệu chuẩn, sửa chữa, thử nghiệm, giám định chất lượng các loại phương tiện đo khối lượng, lực, quả cân, cân chuẩn, máy chuẩn lực.","Thường xuyên tiếp xúc với xăng dầu, mỡ, cồn, ête, hóa chất tẩy rửa, chống mốc trong môi trường kín, khắc nghiệt, dễ cháy nổ, thao tác lặp lại, thời gian kéo dài, nặng nhọc, tốn nhiều sức, nguy hiểm, yêu cầu tập trung thị lực cao, thần kinh căng thẳng, mệt mỏi...; cơ động làm việc tại các đơn vị, ngoài hiện trường, tại thực địa với đặc điểm làm việc khắc nghiệt."
2413,TT 28/2025/TT-BNV,XVI,TIÊU CHUẨN ĐO LƯỜNG QUÂN SỰ,Loại IV,"Nặng nhọc, độc hại, nguy hiểm",4,"Kiểm định, bảo quản, bảo dưỡng, hiệu chuẩn, sửa chữa, thử nghiệm, giám định chất lượng, phương tiện đo tỷ trọng, nhớt, nhiệt độ, áp suất, dung tích, tốc độ vòng quay.","Thường xuyên tiếp xúc với xăng dầu, mỡ, cồn, ete, hóa chất tẩy rửa, chống mốc trong môi trường kín, khắc nghiệt, dễ cháy nổ, thao tác lặp lại, thời gian kéo dài, nặng nhọc, tốn nhiều sức, nguy hiểm, yêu cầu tập trung thị lực cao, thần kinh căng thẳng, mệt mỏi...; cơ động làm việc tại các đơn vị, ngoài hiện trường, tại thực địa với đặc điểm làm việc khắc nghiệt."
2414,TT 28/2025/TT-BNV,XVI,TIÊU CHUẨN ĐO LƯỜNG QUÂN SỰ,Loại IV,"Nặng nhọc, độc hại, nguy hiểm",5,"Kiểm định, bảo quản, bảo dưỡng, hiệu chuẩn, sửa chữa, thử nghiệm, giám định chất lượng phương tiện đo, khí tài quang học quân sự.","Thường xuyên tiếp xúc với xăng, dầu, mỡ, cồn, ete, hóa chất tẩy rửa, chống ẩm mốc, nguồn sáng tử ngoại, tia lade, bức xạ UV,.. trong môi trường kín, khắc nghiệt, dễ cháy nổ, thao tác lặp lại, thời gian kéo dài, tốn nhiều sức, nguy hiểm, yêu cầu tập trung thị lực cao, thần kinh căng thẳng, mệt mỏi, cơ động làm việc tại các đơn vị, ngoài hiện trường, tại thực địa... với đặc điểm làm việc khắc nghiệt."
2415,TT 28/2025/TT-BNV,XVI,TIÊU CHUẨN ĐO LƯỜNG QUÂN SỰ,Loại IV,"Nặng nhọc, độc hại, nguy hiểm",6,"Kiểm định, bảo quản, bảo dưỡng, hiệu chuẩn, sửa chữa, thử nghiệm, giám định chất lượng các phương tiện đo, trang bị điện, vô tuyến điện, công nghệ thông tin.","Thường xuyên tiếp xúc với bức xạ điện từ cường độ cao; sóng vô tuyến công suất lớn, tần số cao; cao áp; tiếng ồn cường độ lớn; hóa chất độc hại; thời gian làm việc dài, thao tác lặp lại; căng thẳng thần kinh; cơ động làm việc tại các đơn vị, ngoài hiện trường, tại thực địa...với đặc điểm làm việc khắc nghiệt."
2416,TT 28/2025/TT-BNV,XVI,TIÊU CHUẨN ĐO LƯỜNG QUÂN SỰ,Loại IV,"Nặng nhọc, độc hại, nguy hiểm",7,"Nghiên cứu, chế thử các loại vật tư tiêu hao bảo đảm cho bảo quản, niêm cất, tăng hạn, kéo dài tuổi thọ của các loại vũ khí, trang bị kỹ thuật và khí tài quân sự.","Làm việc trong các phòng thí nghiệm, tiếp xúc trực tiếp với các loại hoá chất độc hại, nguy hiểm; môi trường độc hại, căng thẳng thần kinh, tâm lý và tiêu hao năng lượng."
2417,TT 28/2025/TT-BNV,XVII,Y - DƯỢC HỌC QUÂN SỰ,Loại V,"Đặc biệt nặng nhọc, độc hại, nguy hiểm",1,"Kiểm định viên thiết bị y tế, kiểm định, kiểm chuẩn, sửa chữa thiết bị y tế như máy chụp X quang, máy chụp cắt lớp vi tính, nồi hấp, nồi hơi, cân.","Thường xuyên không theo khung giờ cố định khi có nhiệm vụ đặc biệt. Công việc nặng nhọc, độc hại thường xuyên tiếp xúc với tia xạ, sóng từ, tiếng ồn, nhiệt, sơn…, nơi làm việc chật hẹp, căng thẳng thần kinh tâm lý"
2418,TT 28/2025/TT-BNV,XVII,Y - DƯỢC HỌC QUÂN SỰ,Loại V,"Đặc biệt nặng nhọc, độc hại, nguy hiểm",2,"Giảng viên, nghiên cứu viên, kiểm nghiệm viên, kỹ thuật viên y sinh, dược học, hóa học, vật lý nghiên cứu, phân tích độc học, phóng xạ quân sự.","Người lao động làm việc không theo giờ cố định. Công việc nặng nhọc, độc hại, nguy hiểm thường xuyên lưu động tiếp xúc trực tiếp các chất có hoạt độ phóng xạ, các chất độc bảng A và nhiều các chất độc quân sự nguy hiểm."
2419,TT 28/2025/TT-BNV,XVII,Y - DƯỢC HỌC QUÂN SỰ,Loại V,"Đặc biệt nặng nhọc, độc hại, nguy hiểm",3,"Can thiệp mạch, nội soi tim mạch trong các bệnh viện quân đội.","Người lao động làm việc không theo giờ cố định. Công việc nặng nhọc, độc hại thường xuyên tiếp xúc trực tiếp làm việc môi trường tiếp xúc với tia X, tiếp xúc với hoá chất khử trùng, tiếp xúc với bệnh nhân mắc bệnh truyền nhiễm (máu, hô hấp, tiêu hoá), căng thẳng thần kinh tâm lý."
2420,TT 28/2025/TT-BNV,XVII,Y - DƯỢC HỌC QUÂN SỰ,Loại V,"Đặc biệt nặng nhọc, độc hại, nguy hiểm",4,"Giảng viên, nghiên cứu viên, kỹ thuật viên mô phôi lâm sàng quân đội.","Người lao động làm việc không theo giờ cố định. Công việc nặng nhọc, độc hại thường xuyên tiếp xúc với hóa chất độc như: Formaldehyde, Ether, methanol, acid mạnh, thủy ngân, benzen, toluen…, nơi làm việc chật hẹp, căng thẳng thần kinh tâm lý."
2421,TT 28/2025/TT-BNV,XVII,Y - DƯỢC HỌC QUÂN SỰ,Loại IV,"Nặng nhọc, độc hại, nguy hiểm",1,"Nghiên cứu viên, kiểm nghiệm viên, kỹ thuật viên y sinh, dược học, hóa học, vật lý, dược liệu, pha chế, phân tích, kiểm nghiệm thuốc, dược liệu, hóa chất.","Làm việc không theo giờ cố định. Công việc nặng nhọc, độc hại thường xuyên tiếp xúc với hóa chất độc như: Ether, methanol, acid H2SO4 đặc nóng, thủy ngân, benzen, toluen…, nơi làm việc chật hẹp, căng thẳng thần kinh tâm lý."
2422,TT 28/2025/TT-BNV,XVII,Y - DƯỢC HỌC QUÂN SỰ,Loại IV,"Nặng nhọc, độc hại, nguy hiểm",2,"Nghiên cứu viên, kiểm nghiệm viên, kỹ thuật viên y sinh, dược học, vi sinh, dược lý, pha chế hóa chất, kiểm nghiệm vi khuẩn, vi rút, nấm trong mẫu thuốc, kiểm nghiệm độc tính và đánh giá tác dụng của thuốc trên động vật thỏ, chuột.","Làm việc không theo giờ cố định. Công việc nặng nhọc, độc hại, thường xuyên tiếp xúc với hóa chất độc, vi khuẩn, nấm, vi rút, chuột, thỏ nên có nguy cơ nhiễm hóa chất, vi sinh vật và các nguồn bệnh từ động vật…, nơi làm việc chật hẹp, căng thẳng thần kinh tâm lý."
2423,TT 28/2025/TT-BNV,XVII,Y - DƯỢC HỌC QUÂN SỰ,Loại IV,"Nặng nhọc, độc hại, nguy hiểm",3,"Nghiên cứu viên và kỹ thuật viên bào chế, trang bị, nghiên cứu, sản xuất, tổng hợp thuốc, hóa dược, hóa chất và dụng cụ, trang bị quân y.","Làm việc không theo giờ cố định. Công việc nặng nhọc, độc hại, thường xuyên tiếp xúc với hóa chất độc trong quân sự, sóng từ và các tia xạ…, nơi làm việc chật hẹp, căng thẳng thần kinh tâm lý."
2424,TT 28/2025/TT-BNV,XVII,Y - DƯỢC HỌC QUÂN SỰ,Loại IV,"Nặng nhọc, độc hại, nguy hiểm",4,"Thủ kho vật tư hóa chất và nhân viên quản lý chất lượng, tiếp nhận, bảo quản, cấp phát thuốc, hóa chất độc, dụng cụ trang bị.","Làm việc không theo giờ cố định. Công việc nặng nhọc, độc hại, thường xuyên tiếp xúc với hóa chất độc như: Ether, methanol, toluen…, nơi làm việc chật hẹp, căng thẳng thần kinh tâm lý."
2425,TT 28/2025/TT-BNV,XVII,Y - DƯỢC HỌC QUÂN SỰ,Loại IV,"Nặng nhọc, độc hại, nguy hiểm",5,"Giảng viên, nghiên cứu viên, kiểm nghiệm viên, kỹ thuật viên y sinh, dược học, hóa học, vật lý, dược liệu, pha chế, phân tích, kiểm nghiệm thuốc, dược liệu, hóa chất.","Người lao động làm việc không theo giờ cố định. Công việc nặng nhọc, độc hại thường xuyên tiếp xúc với hóa chất độc như: Ether, methanol, acid H2SO4 đặc nóng, thủy ngân, benzen, toluen…, nơi làm việc chật hẹp, căng thẳng thần kinh tâm lý."
2426,TT 28/2025/TT-BNV,XVII,Y - DƯỢC HỌC QUÂN SỰ,Loại IV,"Nặng nhọc, độc hại, nguy hiểm",6,"Giảng viên, nghiên cứu viên, kiểm nghiệm viên, kỹ thuật viên y sinh, dược học, vi sinh, dược lý, pha chế hóa chất, kiểm nghiệm vi khuẩn, vi rút, nấm trong mẫu thuốc, kiểm nghiệm độc tính và đánh giá tác dụng của thuốc trên động vật thỏ, chuột.","Công việc nặng nhọc, độc hại, thường xuyên tiếp xúc với hóa chất độc, vi khuẩn, nấm, vi rút, chuột, thỏ nên có nguy cơ nhiễm hóa chất, vi sinh vật và các nguồn bệnh từ động vật…, nơi làm việc chật hẹp, căng thẳng thần kinh tâm lý, cơ thể khỏe có thể thích nghi nhờ cơ chế điều hòa của hệ thống thần kinh nhưng duy trì nhiều năm trong môi trường này sức khỏe có thể bị giảm sút"
2427,TT 28/2025/TT-BNV,XVII,Y - DƯỢC HỌC QUÂN SỰ,Loại IV,"Nặng nhọc, độc hại, nguy hiểm",7,"Nghiên cứu viên và kỹ thuật viên bào chế, trang bị, nghiên cứu, sản xuất, tổng hợp thuốc, hóa dược, hóa chất và dụng cụ, trang bị quân y.","Công việc nặng nhọc, độc hại, thường xuyên tiếp xúc với hóa chất độc trong quân sự, nơi làm việc chật hẹp, căng thẳng thần kinh tâm lý."
2428,TT 28/2025/TT-BNV,XVII,Y - DƯỢC HỌC QUÂN SỰ,Loại IV,"Nặng nhọc, độc hại, nguy hiểm",8,"Thủ kho vật tư hóa chất và nhân viên quản lý chất lượng, tiếp nhận, bảo quản, cấp phát thuốc, hóa chất độc, dụng cụ trang bị.","Làm việc không theo giờ cố định. Công việc nặng nhọc, độc hại, thường xuyên tiếp xúc với hóa chất độc như: Ether, methanol, toluen…, nơi làm việc chật hẹp, căng thẳng thần kinh tâm lý."
2429,TT 28/2025/TT-BNV,XVII,Y - DƯỢC HỌC QUÂN SỰ,Loại IV,"Nặng nhọc, độc hại, nguy hiểm",9,"Khám, điều trị, xét nghiệm cho người bị tạm giữ, tạm giam và phạm nhân tại các cơ sở giam giữ trong quân đội.","Công việc nguy hiểm, phức tạp, có nguy cơ lây nhiễm bệnh, căng thẳng thần kinh, tâm lý."
